{
  "$schema": "https://schema.management.azure.com/schemas/2019-04-01/deploymentTemplate.json#",
  "contentVersion": "1.0.0",
  "parameters": {
    "location": {
      "type": "string",
      "minLength": 1,
      "defaultValue": "[resourceGroup().location]",
      "metadata": {
        "description": "Not used, but needed to pass arm-ttk test `Location-Should-Not-Be-Hardcoded`.  We instead use the `workspace-location` which is derived from the LA workspace"
      }
    },
    "workspace": {
      "defaultValue": "",
      "type": "string",
      "metadata": {
        "description": "Workspace name for Log Analytics where Microsoft Sentinel is setup"
      }
    }
  },
  "resources": [
    {
      "type": "Microsoft.OperationalInsights/workspaces/providers/contentTemplates",
      "name": "[concat(parameters('workspace'),'/Microsoft.SecurityInsights/',concat(concat(parameters('workspace'),'-wb-',uniquestring('42CrunchAPIProtectionWorkbook')),'1.0.0'))]",
      "location": "[parameters('workspace-location')]",
      "apiVersion": "2022-08-01",
      "dependsOn": [
        "[extensionResourceId(resourceId('Microsoft.OperationalInsights/workspaces', parameters('workspace')), 'Microsoft.SecurityInsights/contentPackages', '42crunch1580391915541.42crunch_sentinel_solution')]"
      ],
      "properties": {
        "contentId": "42CrunchAPIProtectionWorkbook",
        "displayName": "42Crunch API Protection Workbook",
        "contentKind": "Workbook",
        "mainTemplate": {
          "resources": [
            {
              "type": "Microsoft.Insights/workbooks",
              "name": "42CrunchAPIProtectionWorkbook",
              "location": "[parameters('workspace-location')]",
              "kind": "shared",
              "apiVersion": "2021-08-01",
              "metadata": {
                "description": "Monitor and protect APIs using the 42Crunch API microfirewall"
              },
              "properties": {
                "displayName": "42Crunch API Protection Workbook",
                "serializedData": "{\"version\":\"Notebook/1.0\",\"items\":[{\"type\":3,\"content\":{\"version\":\"KqlItem/1.0\",\"query\":\"apifirewall_log_1_CL\\r\\n| summarize request = count() by Source_IP_s\\r\\n| render piechart \",\"size\":0,\"title\":\"Requests by IP Address\",\"timeContext\":{\"durationMs\":86400000},\"queryType\":0,\"resourceType\":\"microsoft.operationalinsights/workspaces\",\"mapSettings\":{\"locInfo\":\"CountryRegion\",\"locInfoColumn\":\"Source_IP_s\",\"sizeAggregation\":\"Sum\",\"legendAggregation\":\"Sum\"}},\"customWidth\":\"33\",\"name\":\"query - 3\"},{\"type\":3,\"content\":{\"version\":\"KqlItem/1.0\",\"query\":\"apifirewall_log_1_CL\\r\\n| summarize request = count() by tostring(Status_d)\\r\\n| render piechart \",\"size\":0,\"title\":\"Status Code Return\",\"timeContext\":{\"durationMs\":86400000},\"queryType\":0,\"resourceType\":\"microsoft.operationalinsights/workspaces\"},\"customWidth\":\"33\",\"name\":\"query - 5\"},{\"type\":3,\"content\":{\"version\":\"KqlItem/1.0\",\"query\":\"apifirewall_log_1_CL\\r\\n| summarize request = count() by Instance_Name_s\\r\\n| render piechart \",\"size\":0,\"title\":\"Hits by Instances\",\"timeContext\":{\"durationMs\":86400000},\"queryType\":0,\"resourceType\":\"microsoft.operationalinsights/workspaces\"},\"customWidth\":\"33\",\"name\":\"query - 5 - Copy\"},{\"type\":3,\"content\":{\"version\":\"KqlItem/1.0\",\"query\":\"apifirewall_log_1_CL\\r\\n| make-series requests = count() default = 0 on Timestamp_t from  ago(1h) to now() step 5m by Instance_Name_s\\r\\n| render areachart \",\"size\":0,\"title\":\"Request over Time\",\"queryType\":0,\"resourceType\":\"microsoft.operationalinsights/workspaces\"},\"name\":\"query - 4\"},{\"type\":3,\"content\":{\"version\":\"KqlItem/1.0\",\"query\":\"apifirewall_log_1_CL\\n| summarize Requests = count() , FailedRequests = countif(Status_d != 200) , SuccesfullRequests = countif(Status_d  == 200), LastEventTime  = max(TimeGenerated) by InstanceName = Instance_Name_s\\n| extend Status = iff(LastEventTime >= ago(2h), \\\"Available\\\", \\\"Unavailable\\\")\\n| project Status,InstanceName, Requests, SuccesfullRequests, FailedRequests, LastEventTime\",\"size\":1,\"title\":\"Protection Instances\",\"exportFieldName\":\"InstanceName\",\"exportParameterName\":\"InstanceName\",\"exportDefaultValue\":\"\",\"queryType\":0,\"resourceType\":\"microsoft.operationalinsights/workspaces\",\"visualization\":\"table\",\"gridSettings\":{\"formatters\":[{\"columnMatch\":\"Status\",\"formatter\":11},{\"columnMatch\":\"Requests\",\"formatter\":4,\"formatOptions\":{\"palette\":\"blue\"}},{\"columnMatch\":\"SuccesfullRequests\",\"formatter\":4,\"formatOptions\":{\"palette\":\"greenDarkDark\"}},{\"columnMatch\":\"FailedRequests\",\"formatter\":4,\"formatOptions\":{\"palette\":\"redDark\"}}]}},\"name\":\"Protection Instances\"},{\"type\":1,\"content\":{\"json\":\"## Instance Information\\r\\nSelect instance from the table above to see detailed information.\",\"style\":\"upsell\"},\"name\":\"text - 7\"},{\"type\":12,\"content\":{\"version\":\"NotebookGroup/1.0\",\"groupType\":\"editable\",\"title\":\"Detailed Information for: {InstanceName}\",\"items\":[{\"type\":3,\"content\":{\"version\":\"KqlItem/1.0\",\"query\":\"apifirewall_log_1_CL\\r\\n| where Instance_Name_s  == '{InstanceName}'\\r\\n| make-series requests = count() default = 0 on Timestamp_t from  ago(24h) to now() step 1h\\r\\n| render areachart \",\"size\":0,\"title\":\"Requests Over Time\",\"timeContext\":{\"durationMs\":86400000},\"queryType\":0,\"resourceType\":\"microsoft.operationalinsights/workspaces\"},\"customWidth\":\"50\",\"name\":\"query - 1\"},{\"type\":3,\"content\":{\"version\":\"KqlItem/1.0\",\"query\":\"apifirewall_log_1_CL\\r\\n| where Instance_Name_s  == '{InstanceName}'\\r\\n| make-series requests = count() default = 0 on Timestamp_t from  ago(24h) to now() step 1h by Source_IP_s \\r\\n| render areachart \",\"size\":0,\"title\":\"Requests by IP Address\",\"timeContext\":{\"durationMs\":86400000},\"queryType\":0,\"resourceType\":\"microsoft.operationalinsights/workspaces\"},\"customWidth\":\"50\",\"name\":\"query - 1 - Copy\"},{\"type\":3,\"content\":{\"version\":\"KqlItem/1.0\",\"query\":\"apifirewall_log_1_CL\\r\\n| where Instance_Name_s  contains '{InstanceName}'\\r\\n| summarize Requests = count() , FailedRequests = countif(Status_d != 200) , SuccesfullRequests = countif(Status_d  == 200) by URIPath = URI_Path_s\\r\\n| sort by Requests\",\"size\":0,\"title\":\"Requests Summary by URI\",\"timeContext\":{\"durationMs\":86400000},\"exportFieldName\":\"URIPath\",\"exportParameterName\":\"Path\",\"exportDefaultValue\":\"\",\"queryType\":0,\"resourceType\":\"microsoft.operationalinsights/workspaces\",\"gridSettings\":{\"filter\":true}},\"customWidth\":\"55\",\"name\":\"query - 0\"},{\"type\":3,\"content\":{\"version\":\"KqlItem/1.0\",\"query\":\"apifirewall_log_1_CL\\r\\n| where Instance_Name_s  contains '{InstanceName}'\\r\\n| summarize Requests = count() , FailedRequests = countif(Status_d != 200) , SuccesfullRequests = countif(Status_d  == 200) by SourceIP = Source_IP_s\",\"size\":0,\"title\":\"Requests Summary by IP\",\"timeContext\":{\"durationMs\":86400000},\"exportFieldName\":\"SourceIP\",\"exportParameterName\":\"SourceIP\",\"exportDefaultValue\":\"\",\"queryType\":0,\"resourceType\":\"microsoft.operationalinsights/workspaces\",\"gridSettings\":{\"filter\":true}},\"customWidth\":\"45\",\"name\":\"query - 0 - Copy\"},{\"type\":1,\"content\":{\"json\":\"## Additional Information\\r\\nSelect a Path or Ip Address from the tables above to see detailed information.\",\"style\":\"upsell\"},\"name\":\"text - 8\"}],\"exportParameters\":true},\"conditionalVisibility\":{\"parameterName\":\"InstanceName\",\"comparison\":\"isNotEqualTo\",\"value\":\"\"},\"name\":\"Detailed Information for: {InstanceName}\"},{\"type\":12,\"content\":{\"version\":\"NotebookGroup/1.0\",\"groupType\":\"editable\",\"items\":[{\"type\":3,\"content\":{\"version\":\"KqlItem/1.0\",\"query\":\"apifirewall_log_1_CL\\r\\n| where URI_Path_s == '{Path}'\\r\\n| summarize count() by ErrorMessage = Error_Message_s, URIPAth = URI_Path_s , Status = Status_d, SourceIP = Source_IP_s\",\"size\":0,\"title\":\"Requests by Path: {Path}\",\"timeContext\":{\"durationMs\":86400000},\"queryType\":0,\"resourceType\":\"microsoft.operationalinsights/workspaces\"},\"customWidth\":\"55\",\"name\":\"query - 0\"},{\"type\":3,\"content\":{\"version\":\"KqlItem/1.0\",\"query\":\"apifirewall_log_1_CL\\r\\n| where Source_IP_s == '{SourceIP}'\\r\\n| summarize count() by ErrorMessage = Error_Message_s, URIPAth = URI_Path_s , Status = Status_d\",\"size\":0,\"title\":\"Request by IP Address: {SourceIP}\",\"timeContext\":{\"durationMs\":86400000},\"queryType\":0,\"resourceType\":\"microsoft.operationalinsights/workspaces\"},\"customWidth\":\"45\",\"name\":\"query - 0 - Copy\"}],\"exportParameters\":true},\"conditionalVisibilities\":[{\"parameterName\":\"Path\",\"comparison\":\"isNotEqualTo\"},{\"parameterName\":\"SourceIP\",\"comparison\":\"isNotEqualTo\"}],\"name\":\"group - 2\"}],\"fromTemplateId\":\"sentinel-42CrunchAPIProtectionWorkbook\",\"$schema\":\"https://github.com/Microsoft/Application-Insights-Workbooks/blob/master/schema/workbook.json\"}\n",
                "version": "1.0",
                "sourceId": "[resourceId('microsoft.OperationalInsights/Workspaces', parameters('workspace'))]",
                "category": "sentinel"
              }
            },
            {
              "type": "Microsoft.OperationalInsights/workspaces/providers/metadata",
              "apiVersion": "2022-01-01-preview",
              "name": "[concat(parameters('workspace'),'/Microsoft.SecurityInsights/',concat('Workbook-', last(split(resourceId('Microsoft.Insights/workbooks', '42CrunchAPIProtectionWorkbook'),'/'))))]",
              "properties": {
                "description": "@{workbookKey=42CrunchAPIProtectionWorkbook; logoFileName=42CrunchLogo.svg; description=Monitor and protect APIs using the 42Crunch API microfirewall; dataTypesDependencies=System.Object[]; dataConnectorsDependencies=System.Object[]; previewImagesFileNames=System.Object[]; version=1.0.0; title=42Crunch API Protection Workbook; templateRelativePath=42CrunchAPIProtectionWorkbook.json; subtitle=; provider=42Crunch}.description",
                "parentId": "[resourceId('Microsoft.Insights/workbooks', '42CrunchAPIProtectionWorkbook')]",
                "contentId": "42CrunchAPIProtectionWorkbook",
                "kind": "Workbook",
                "version": "1.0.0",
                "source": {
                  "kind": "Solution",
                  "name": "42Crunch API Protection",
                  "sourceId": "42crunch1580391915541.42crunch_sentinel_solution"
                },
                "author": {
                  "name": "42Crunch",
                  "email": "plugins@42crunch.com"
                },
                "support": {
                  "name": "42Crunch API Protection",
                  "email": "support@42crunch.com",
                  "tier": "Partner",
                  "link": "https://42crunch.com/"
                }
              }
            }
          ]
        }
      }
    }
  ]
}