{
  "$schema": "https://schema.management.azure.com/schemas/2019-04-01/deploymentTemplate.json#",
  "contentVersion": "1.0.1",
  "parameters": {
    "location": {
      "type": "string",
      "minLength": 1,
      "defaultValue": "[resourceGroup().location]",
      "metadata": {
        "description": "Not used, but needed to pass arm-ttk test `Location-Should-Not-Be-Hardcoded`.  We instead use the `workspace-location` which is derived from the LA workspace"
      }
    },
    "workspace": {
      "defaultValue": "",
      "type": "string",
      "metadata": {
        "description": "Workspace name for Log Analytics where Microsoft Sentinel is setup"
      }
    },
    "workspace-location": {
      "type": "string",
      "defaultValue": "",
      "metadata": {
        "description": "[concat('Region to deploy solution resources -- separate from location selection',parameters('location'))]"
      }
    }
  },
  "resources": [
    {
      "type": "Microsoft.OperationalInsights/workspaces/providers/contentTemplates",
      "name": "[concat(parameters('workspace'),'/Microsoft.SecurityInsights/',concat(concat(parameters('workspace'),'-ar-',uniquestring('7ae7e8b0-07e9-43cb-b783-b04082f09060')),'1.0.1'))]",
      "location": "[parameters('workspace-location')]",
      "apiVersion": "2022-08-01",
      "dependsOn": [
        "[extensionResourceId(resourceId('Microsoft.OperationalInsights/workspaces', parameters('workspace')), 'Microsoft.SecurityInsights/contentPackages', 'azuresentinel.azure-sentinel-solution-azurepurview')]"
      ],
      "properties": {
        "contentId": "7ae7e8b0-07e9-43cb-b783-b04082f09060",
        "displayName": "Sensitive Data Discovered in the Last 24 Hours",
        "contentKind": "AnalyticsRule",
        "mainTemplate": {
          "resources": [
            {
              "type": "Microsoft.SecurityInsights/AlertRuleTemplates",
              "name": "7ae7e8b0-07e9-43cb-b783-b04082f09060",
              "apiVersion": "2022-04-01-preview",
              "kind": "Scheduled",
              "location": "[parameters('workspace-location')]",
              "properties": {
                "description": "Identifies all classifications that have been detected on assets during a scan by Microsoft Purview within the last 24 hours.",
                "displayName": "Sensitive Data Discovered in the Last 24 Hours",
                "enabled": false,
                "query": "PurviewDataSensitivityLogs\n| where Classification != \"[]\" \n| where TimeGenerated > ago(24h)\n",
                "queryFrequency": "P1D",
                "queryPeriod": "P1D",
                "severity": "Informational",
                "suppressionDuration": "PT1H",
                "suppressionEnabled": false,
                "triggerOperator": "GreaterThan",
                "triggerThreshold": 0,
                "status": "Available",
                "requiredDataConnectors": [
                  {
                    "connectorId": "MicrosoftAzurePurview",
                    "dataTypes": [
                      "PurviewDataSensitivityLogs"
                    ]
                  }
                ],
                "tactics": [
                  "Discovery"
                ],
                "entityMappings": [
                  {
                    "fieldMappings": [
                      {
                        "columnName": "SourcePath",
                        "identifier": "ResourceId"
                      }
                    ],
                    "entityType": "AzureResource"
                  },
                  {
                    "fieldMappings": [
                      {
                        "columnName": "AssetName",
                        "identifier": "Name"
                      }
                    ],
                    "entityType": "File"
                  },
                  {
                    "fieldMappings": [
                      {
                        "columnName": "PurviewAccountName",
                        "identifier": "Name"
                      }
                    ],
                    "entityType": "Account"
                  }
                ],
                "customDetails": {
                  "AssetName": "AssetName",
                  "Classification": "Classification",
                  "SourceRegion": "SourceRegion",
                  "PurviewAccount": "PurviewAccountName",
                  "AssetPath": "AssetPath",
                  "LastScanTime": "AssetLastScanTime"
                },
                "alertDetailsOverride": {
                  "alertDisplayNameFormat": "Sensitive Data Discovered in the Last 24 Hours by Microsoft Purview",
                  "alertDescriptionFormat": "Within the last 24 hours, Microsoft Purview scanned assets that contained classifications. The classifications discovered include {{Classification}}."
                }
              }
            },
            {
              "type": "Microsoft.OperationalInsights/workspaces/providers/metadata",
              "apiVersion": "2022-01-01-preview",
              "name": "[concat(parameters('workspace'),'/Microsoft.SecurityInsights/',concat('AnalyticsRule-', last(split(resourceId('Microsoft.SecurityInsights/AlertRuleTemplates', '7ae7e8b0-07e9-43cb-b783-b04082f09060'),'/'))))]",
              "properties": {
                "description": "Microsoft Purview Analytics Rule 1",
                "parentId": "[resourceId('Microsoft.SecurityInsights/AlertRuleTemplates', '7ae7e8b0-07e9-43cb-b783-b04082f09060')]",
                "contentId": "7ae7e8b0-07e9-43cb-b783-b04082f09060",
                "kind": "AnalyticsRule",
                "version": "1.0.1",
                "source": {
                  "kind": "Solution",
                  "name": "Microsoft Purview",
                  "sourceId": "azuresentinel.azure-sentinel-solution-azurepurview"
                },
                "author": {
                  "name": "Microsoft",
                  "email": "support@microsoft.com"
                },
                "support": {
                  "name": "Microsoft Corporation",
                  "email": "support@microsoft.com",
                  "tier": "Microsoft",
                  "link": "https://support.microsoft.com"
                }
              }
            }
          ]
        }
      }
    }
  ]
}