{
  "$schema": "https://schema.management.azure.com/schemas/2019-04-01/deploymentTemplate.json#",
  "contentVersion": "1.0.0",
  "parameters": {
    "location": {
      "type": "string",
      "minLength": 1,
      "defaultValue": "[resourceGroup().location]",
      "metadata": {
        "description": "Not used, but needed to pass arm-ttk test `Location-Should-Not-Be-Hardcoded`.  We instead use the `workspace-location` which is derived from the LA workspace"
      }
    },
    "workspace": {
      "defaultValue": "",
      "type": "string",
      "metadata": {
        "description": "Workspace name for Log Analytics where Microsoft Sentinel is setup"
      }
    }
  },
  "resources": [
    {
      "type": "Microsoft.OperationalInsights/workspaces/providers/contentTemplates",
      "name": "[concat(parameters('workspace'),'/Microsoft.SecurityInsights/',concat(concat(parameters('workspace'),'-dc-',uniquestring('MicrosoftAzurePurview')),'1.0.0'))]",
      "location": "[parameters('workspace-location')]",
      "apiVersion": "2022-08-01",
      "dependsOn": [
        "[extensionResourceId(resourceId('Microsoft.OperationalInsights/workspaces', parameters('workspace')), 'Microsoft.SecurityInsights/contentPackages', 'azuresentinel.azure-sentinel-solution-azurepurview')]"
      ],
      "properties": {
        "contentId": "MicrosoftAzurePurview",
        "displayName": "Microsoft Purview",
        "contentKind": "DataConnector",
        "mainTemplate": {
          "resources": [
            {
              "name": "[concat(parameters('workspace'),'/Microsoft.SecurityInsights/','MicrosoftAzurePurview')]",
              "apiVersion": "2021-03-01-preview",
              "type": "Microsoft.OperationalInsights/workspaces/providers/dataConnectors",
              "location": "[parameters('workspace-location')]",
              "kind": "GenericUI",
              "properties": {
                "connectorUiConfig": {
                  "id": "MicrosoftAzurePurview",
                  "title": "Microsoft Purview",
                  "publisher": "Microsoft",
                  "descriptionMarkdown": "Connect to Microsoft Purview to enable data sensitivity enrichment of Microsoft Sentinel. Data classification and sensitivity label logs from Microsoft Purview scans can be ingested and visualized through workbooks, analytical rules, and more.",
                  "graphQueries": [
                    {
                      "metricName": "Total data received",
                      "legend": "PurviewDataSensitivityLogs",
                      "baseQuery": "PurviewDataSensitivityLogs"
                    }
                  ],
                  "sampleQueries": [
                    {
                      "description": "View files that contain a specific classification (example shows Social Security Number)",
                      "query": "PurviewDataSensitivityLogs\n | where Classification has \"Social Security Number\""
                    }
                  ],
                  "dataTypes": [
                    {
                      "name": "AzureDiagnostics (PurviewDataSensitivityLogs)",
                      "lastDataReceivedQuery": "PurviewDataSensitivityLogs\n            | summarize Time = max(TimeGenerated)\n            | where isnotempty(Time)"
                    }
                  ],
                  "connectivityCriterias": [
                    {
                      "type": "IsConnectedQuery",
                      "value": [
                        "PurviewDataSensitivityLogs\n            | summarize LastLogReceived = max(TimeGenerated)\n            | project IsConnected = LastLogReceived > ago(30d)"
                      ]
                    }
                  ],
                  "availability": {
                    "status": 1,
                    "isPreview": false
                  },
                  "permissions": {
                    "resourceProvider": [
                      {
                        "provider": "Microsoft.OperationalInsights/workspaces",
                        "permissionsDisplayText": "Microsoft Purview account Owner or Contributor role to set up Diagnostic Settings. Microsoft Contributor role with write permissions to enable data connector, view workbook, and create analytic rules.",
                        "providerDisplayName": "Workspace",
                        "scope": "Workspace",
                        "requiredPermissions": {
                          "write": true,
                          "read": true,
                          "delete": true
                        }
                      }
                    ]
                  },
                  "instructionSteps": [
                    {
                      "description": "Within the Azure Portal, navigate to your Purview resource:\n 1. In the search bar, search for **Purview accounts.**\n 2. Select the specific account that you would like to be set up with Sentinel.\n\nInside your Microsoft Purview resource:\n 3. Select **Diagnostic Settings.**\n 4. Select **+ Add diagnostic setting.**\n 5. In the **Diagnostic setting** blade:\n   - Select the Log Category as **DataSensitivityLogEvent**.\n   - Select **Send to Log Analytics**.\n   - Chose the log destination workspace. This should be the same workspace that is used by **Microsoft Sentinel.**\n  - Click **Save**.",
                      "title": "Connect Microsoft Purview to Microsoft Sentinel"
                    }
                  ]
                }
              }
            },
            {
              "type": "Microsoft.OperationalInsights/workspaces/providers/metadata",
              "apiVersion": "2022-01-01-preview",
              "name": "[concat(parameters('workspace'),'/Microsoft.SecurityInsights/',concat('DataConnector-', last(split(extensionResourceId(resourceId('Microsoft.OperationalInsights/workspaces', parameters('workspace')), 'Microsoft.SecurityInsights/dataConnectors', 'MicrosoftAzurePurview'),'/'))))]",
              "properties": {
                "parentId": "[extensionResourceId(resourceId('Microsoft.OperationalInsights/workspaces', parameters('workspace')), 'Microsoft.SecurityInsights/dataConnectors', 'MicrosoftAzurePurview')]",
                "contentId": "MicrosoftAzurePurview",
                "kind": "DataConnector",
                "version": "1.0.0",
                "source": {
                  "kind": "Solution",
                  "name": "Microsoft Purview",
                  "sourceId": "azuresentinel.azure-sentinel-solution-azurepurview"
                },
                "author": {
                  "name": "Microsoft",
                  "email": "support@microsoft.com"
                },
                "support": {
                  "name": "Microsoft Corporation",
                  "email": "support@microsoft.com",
                  "tier": "Microsoft",
                  "link": "https://support.microsoft.com"
                }
              }
            }
          ]
        }
      }
    }
  ]
}