{
  "$schema": "https://schema.management.azure.com/schemas/2019-04-01/deploymentTemplate.json#",
  "contentVersion": "1.0.0.0",
  "metadata": {
    "author": "Microsoft - support@microsoft.com",
    "comments": "Solution template for AWS_IAM"
  },
  "parameters": {
    "location": {
      "type": "string",
      "minLength": 1,
      "defaultValue": "[resourceGroup().location]",
      "metadata": {
        "description": "Not used, but needed to pass arm-ttk test `Location-Should-Not-Be-Hardcoded`.  We instead use the `workspace-location` which is derived from the LA workspace"
      }
    },
    "workspace-location": {
      "type": "string",
      "defaultValue": "",
      "metadata": {
        "description": "[concat('Region to deploy solution resources -- separate from location selection',parameters('location'))]"
      }
    },
    "workspace": {
      "defaultValue": "",
      "type": "string",
      "metadata": {
        "description": "Workspace name for Log Analytics where Microsoft Sentinel is setup"
      }
    }
  },
  "resources": [
    {
      "name": "pid-c75f3e1f-6192-44f2-ba39-d7e01626aa3a-partnercenter",
      "type": "Microsoft.Resources/deployments",
      "apiVersion": "2020-10-01",
      "properties": {
        "mode": "Incremental",
        "template": {
          "$schema": "https://schema.management.azure.com/schemas/2019-04-01/deploymentTemplate.json#",
          "contentVersion": "1.0.0.0",
          "resources": []
        }
      }
    },
    {
      "type": "Microsoft.OperationalInsights/workspaces/providers/contentTemplates",
      "name": "[concat(parameters('workspace'),'/Microsoft.SecurityInsights/',concat(concat(parameters('workspace'),'-pl-',uniquestring('AWSIAM-AddTagToUser')),'1.0'))]",
      "location": "[parameters('workspace-location')]",
      "apiVersion": "2022-08-01",
      "dependsOn": [
        "[extensionResourceId(resourceId('Microsoft.OperationalInsights/workspaces', parameters('workspace')), 'Microsoft.SecurityInsights/contentPackages', 'azuresentinel.azure-sentinel-solution-amazonwebservicesiam')]"
      ],
      "properties": {
        "contentId": "AWSIAM-AddTagToUser",
        "displayName": "AWS IAM - Add tag to user",
        "contentKind": "Playbook",
        "mainTemplate": {
          "resources": [
            {
              "type": "Microsoft.Web/connections",
              "apiVersion": "2016-06-01",
              "name": "[variables('AzureSentinelConnectionName')]",
              "location": "[variables('workspace-location-inline')]",
              "properties": {
                "displayName": "[variables('AzureSentinelConnectionName')]",
                "api": {
                  "id": "[variables('_connection-1')]"
                }
              }
            },
            {
              "type": "Microsoft.Logic/workflows",
              "apiVersion": "2017-07-01",
              "name": "[parameters('PlaybookName')]",
              "location": "[variables('workspace-location-inline')]",
              "dependsOn": [
                "[resourceId('Microsoft.Web/connections', variables('AzureSentinelConnectionName'))]"
              ],
              "properties": {
                "state": "Enabled",
                "definition": {
                  "$schema": "https://schema.management.azure.com/providers/Microsoft.Logic/schemas/2016-06-01/workflowdefinition.json#",
                  "contentVersion": "1.0.0.0",
                  "parameters": {
                    "$connections": {
                      "type": "Object"
                    }
                  },
                  "triggers": {
                    "Microsoft_Sentinel_incident": {
                      "type": "ApiConnectionWebhook",
                      "inputs": {
                        "body": {
                          "callback_url": "@{listCallbackUrl()}"
                        },
                        "host": {
                          "connection": {
                            "name": "@parameters('$connections')['azuresentinel']['connectionId']"
                          }
                        },
                        "path": "/incident-creation"
                      }
                    }
                  },
                  "actions": {
                    "Entities_-_Get_Accounts": {
                      "runAfter": {
                        "Initialize_variable_tag_value": [
                          "Succeeded"
                        ]
                      },
                      "type": "ApiConnection",
                      "inputs": {
                        "body": "@triggerBody()?['object']?['properties']?['relatedEntities']",
                        "host": {
                          "connection": {
                            "name": "@parameters('$connections')['azuresentinel']['connectionId']"
                          }
                        },
                        "method": "post",
                        "path": "/entities/account"
                      }
                    },
                    "For_each_user": {
                      "foreach": "@body('Entities_-_Get_Accounts')?['Accounts']",
                      "actions": {
                        "Add_comment_to_incident_(V3)": {
                          "runAfter": {
                            "TagUser": [
                              "Failed",
                              "TimedOut"
                            ]
                          },
                          "type": "ApiConnection",
                          "inputs": {
                            "body": {
                              "incidentArmId": "@triggerBody()?['object']?['id']",
                              "message": "<p>Tag @{variables('tag_key')} @{variables('tag_value')} was not added to user @{outputs('get_user_name')} due to error.</p>"
                            },
                            "host": {
                              "connection": {
                                "name": "@parameters('$connections')['azuresentinel']['connectionId']"
                              }
                            },
                            "method": "post",
                            "path": "/Incidents/Comment"
                          }
                        },
                        "Add_comment_to_incident_(V3)_2": {
                          "runAfter": {
                            "Add_comment_to_incident_(V3)": [
                              "Skipped"
                            ]
                          },
                          "type": "ApiConnection",
                          "inputs": {
                            "body": {
                              "incidentArmId": "@triggerBody()?['object']?['id']",
                              "message": "<p>Tag @{variables('tag_key')} @{variables('tag_value')} was added to user @{outputs('get_user_name')}.</p>"
                            },
                            "host": {
                              "connection": {
                                "name": "@parameters('$connections')['azuresentinel']['connectionId']"
                              }
                            },
                            "method": "post",
                            "path": "/Incidents/Comment"
                          }
                        },
                        "TagUser": {
                          "runAfter": {
                            "get_user_name": [
                              "Succeeded"
                            ]
                          },
                          "type": "Function",
                          "inputs": {
                            "function": {
                              "id": "[concat([concat('/subscriptions/', subscription().subscriptionId, '/resourceGroups/', resourceGroup().name, '/providers/Microsoft.Web/sites/aws-iam-', uniqueString(resourceGroup().id)), '/functions/TagUser')]"
                            },
                            "method": "PUT",
                            "queries": {
                              "tag_key": "@variables('tag_key')",
                              "tag_value": "@variables('tag_value')",
                              "username": "@outputs('get_user_name')"
                            }
                          }
                        },
                        "get_user_name": {
                          "type": "Compose",
                          "inputs": "@items('For_each_user')?['Name']"
                        }
                      },
                      "runAfter": {
                        "Entities_-_Get_Accounts": [
                          "Succeeded"
                        ]
                      },
                      "type": "Foreach"
                    },
                    "Initialize_variable_tag_key": {
                      "type": "InitializeVariable",
                      "inputs": {
                        "variables": [
                          {
                            "name": "tag_key",
                            "type": "string",
                            "value": "[parameters('TagKey')]"
                          }
                        ]
                      }
                    },
                    "Initialize_variable_tag_value": {
                      "runAfter": {
                        "Initialize_variable_tag_key": [
                          "Succeeded"
                        ]
                      },
                      "type": "InitializeVariable",
                      "inputs": {
                        "variables": [
                          {
                            "name": "tag_value",
                            "type": "string",
                            "value": "[parameters('TagValue')]"
                          }
                        ]
                      }
                    }
                  }
                },
                "parameters": {
                  "$connections": {
                    "value": {
                      "azuresentinel": {
                        "connectionName": "[variables('AzureSentinelConnectionName')]",
                        "connectionId": "[resourceId('Microsoft.Web/connections', variables('AzureSentinelConnectionName'))]",
                        "id": "[concat('/subscriptions/',subscription().subscriptionId, '/providers/Microsoft.Web/locations/',variables('workspace-location-inline'),'/managedApis/azuresentinel')]"
                      }
                    }
                  }
                }
              },
              "tags": {
                "hidden-SentinelWorkspaceId": "[resourceId('microsoft.OperationalInsights/Workspaces', parameters('workspace'))]"
              }
            },
            {
              "type": "Microsoft.OperationalInsights/workspaces/providers/metadata",
              "apiVersion": "2022-01-01-preview",
              "name": "[concat(parameters('workspace'),'/Microsoft.SecurityInsights/',concat('Playbook-', last(split(resourceId('Microsoft.Logic/workflows', 'AWSIAM-AddTagToUser'),'/'))))]",
              "properties": {
                "parentId": "[resourceId('Microsoft.Logic/workflows', 'AWSIAM-AddTagToUser')]",
                "contentId": "AWSIAM-AddTagToUser",
                "kind": "Playbook",
                "version": "1.0",
                "source": {
                  "kind": "Solution",
                  "name": "AWS_IAM",
                  "sourceId": "azuresentinel.azure-sentinel-solution-amazonwebservicesiam"
                },
                "author": {
                  "name": "Microsoft",
                  "email": "support@microsoft.com"
                },
                "support": {
                  "name": "Microsoft Corporation",
                  "email": "support@microsoft.com",
                  "tier": "Microsoft",
                  "link": "https://support.microsoft.com"
                }
              }
            }
          ]
        }
      }
    },
    {
      "type": "Microsoft.OperationalInsights/workspaces/providers/contentTemplates",
      "name": "[concat(parameters('workspace'),'/Microsoft.SecurityInsights/',concat(concat(parameters('workspace'),'-pl-',uniquestring('AWSIAM-DeleteAccessKeys')),'1.0'))]",
      "location": "[parameters('workspace-location')]",
      "apiVersion": "2022-08-01",
      "dependsOn": [
        "[extensionResourceId(resourceId('Microsoft.OperationalInsights/workspaces', parameters('workspace')), 'Microsoft.SecurityInsights/contentPackages', 'azuresentinel.azure-sentinel-solution-amazonwebservicesiam')]"
      ],
      "properties": {
        "contentId": "AWSIAM-DeleteAccessKeys",
        "displayName": "AWS IAM - Delete access keys",
        "contentKind": "Playbook",
        "mainTemplate": {
          "resources": [
            {
              "type": "Microsoft.Web/connections",
              "apiVersion": "2016-06-01",
              "name": "[variables('AzureSentinelConnectionName')]",
              "location": "[variables('workspace-location-inline')]",
              "properties": {
                "displayName": "[variables('AzureSentinelConnectionName')]",
                "api": {
                  "id": "[variables('_connection-1')]"
                }
              }
            },
            {
              "type": "Microsoft.Logic/workflows",
              "apiVersion": "2017-07-01",
              "name": "[parameters('PlaybookName')]",
              "location": "[variables('workspace-location-inline')]",
              "dependsOn": [
                "[resourceId('Microsoft.Web/connections', variables('AzureSentinelConnectionName'))]"
              ],
              "properties": {
                "state": "Enabled",
                "definition": {
                  "$schema": "https://schema.management.azure.com/providers/Microsoft.Logic/schemas/2016-06-01/workflowdefinition.json#",
                  "contentVersion": "1.0.0.0",
                  "parameters": {
                    "$connections": {
                      "type": "Object"
                    }
                  },
                  "triggers": {
                    "Microsoft_Sentinel_incident": {
                      "type": "ApiConnectionWebhook",
                      "inputs": {
                        "body": {
                          "callback_url": "@{listCallbackUrl()}"
                        },
                        "host": {
                          "connection": {
                            "name": "@parameters('$connections')['azuresentinel']['connectionId']"
                          }
                        },
                        "path": "/incident-creation"
                      }
                    }
                  },
                  "actions": {
                    "Entities_-_Get_Accounts": {
                      "type": "ApiConnection",
                      "inputs": {
                        "body": "@triggerBody()?['object']?['properties']?['relatedEntities']",
                        "host": {
                          "connection": {
                            "name": "@parameters('$connections')['azuresentinel']['connectionId']"
                          }
                        },
                        "method": "post",
                        "path": "/entities/account"
                      }
                    },
                    "For_each_user": {
                      "foreach": "@body('Entities_-_Get_Accounts')?['Accounts']",
                      "actions": {
                        "Add_comment_to_incident_(V3)_2": {
                          "runAfter": {
                            "Scope": [
                              "Failed",
                              "TimedOut"
                            ]
                          },
                          "type": "ApiConnection",
                          "inputs": {
                            "body": {
                              "incidentArmId": "@triggerBody()?['object']?['id']",
                              "message": "<p>Playbook could not delete access keys for user @{outputs('Get_user_name')}</p>"
                            },
                            "host": {
                              "connection": {
                                "name": "@parameters('$connections')['azuresentinel']['connectionId']"
                              }
                            },
                            "method": "post",
                            "path": "/Incidents/Comment"
                          }
                        },
                        "Get_user_name": {
                          "type": "Compose",
                          "inputs": "@items('For_each_user')?['Name']"
                        },
                        "Scope": {
                          "actions": {
                            "Add_comment_to_incident_(V3)": {
                              "runAfter": {
                                "Create_message": [
                                  "Succeeded"
                                ]
                              },
                              "type": "ApiConnection",
                              "inputs": {
                                "body": {
                                  "incidentArmId": "@triggerBody()?['object']?['id']",
                                  "message": "<p>@{outputs('Create_message')}</p>"
                                },
                                "host": {
                                  "connection": {
                                    "name": "@parameters('$connections')['azuresentinel']['connectionId']"
                                  }
                                },
                                "method": "post",
                                "path": "/Incidents/Comment"
                              }
                            },
                            "Create_HTML_table_with_access_keys": {
                              "runAfter": {
                                "For_each_access_key": [
                                  "Succeeded"
                                ]
                              },
                              "type": "Table",
                              "inputs": {
                                "columns": [
                                  {
                                    "value": "@item()"
                                  }
                                ],
                                "format": "HTML",
                                "from": "@body('Parse_ListAccessKeys_response')"
                              }
                            },
                            "Create_message": {
                              "runAfter": {
                                "Create_HTML_table_with_access_keys": [
                                  "Succeeded"
                                ]
                              },
                              "type": "Compose",
                              "inputs": "User name: @{outputs('Get_user_name')}\nSuccessfuly deleted user's access keys:\n@{body('Create_HTML_table_with_access_keys')}"
                            },
                            "For_each_access_key": {
                              "foreach": "@body('Parse_ListAccessKeys_response')",
                              "actions": {
                                "DeleteAccessKey": {
                                  "type": "Function",
                                  "inputs": {
                                    "function": {
                                      "id": "[concat([concat('/subscriptions/', subscription().subscriptionId, '/resourceGroups/', resourceGroup().name, '/providers/Microsoft.Web/sites/aws-iam-', uniqueString(resourceGroup().id)), '/functions/DeleteAccessKey')]"
                                    },
                                    "method": "DELETE",
                                    "queries": {
                                      "accesskeyid": "@items('For_each_access_key')",
                                      "username": "@outputs('Get_user_name')"
                                    }
                                  }
                                }
                              },
                              "runAfter": {
                                "Parse_ListAccessKeys_response": [
                                  "Succeeded"
                                ]
                              },
                              "type": "Foreach"
                            },
                            "ListAccessKeys": {
                              "type": "Function",
                              "inputs": {
                                "function": {
                                  "id": "[concat([concat('/subscriptions/', subscription().subscriptionId, '/resourceGroups/', resourceGroup().name, '/providers/Microsoft.Web/sites/aws-iam-', uniqueString(resourceGroup().id)), '/functions/ListAccessKeys')]"
                                },
                                "method": "GET",
                                "queries": {
                                  "username": "@outputs('Get_user_name')"
                                }
                              }
                            },
                            "Parse_ListAccessKeys_response": {
                              "runAfter": {
                                "ListAccessKeys": [
                                  "Succeeded"
                                ]
                              },
                              "type": "ParseJson",
                              "inputs": {
                                "content": "@body('ListAccessKeys')",
                                "schema": {
                                  "items": {
                                    "type": "string"
                                  },
                                  "type": "array"
                                }
                              }
                            }
                          },
                          "runAfter": {
                            "Get_user_name": [
                              "Succeeded"
                            ]
                          },
                          "type": "Scope"
                        }
                      },
                      "runAfter": {
                        "Entities_-_Get_Accounts": [
                          "Succeeded"
                        ]
                      },
                      "type": "Foreach"
                    }
                  }
                },
                "parameters": {
                  "$connections": {
                    "value": {
                      "azuresentinel": {
                        "connectionName": "[variables('AzureSentinelConnectionName')]",
                        "connectionId": "[resourceId('Microsoft.Web/connections', variables('AzureSentinelConnectionName'))]",
                        "id": "[concat('/subscriptions/',subscription().subscriptionId, '/providers/Microsoft.Web/locations/',variables('workspace-location-inline'),'/managedApis/azuresentinel')]"
                      }
                    }
                  }
                }
              },
              "tags": {
                "hidden-SentinelWorkspaceId": "[resourceId('microsoft.OperationalInsights/Workspaces', parameters('workspace'))]"
              }
            },
            {
              "type": "Microsoft.OperationalInsights/workspaces/providers/metadata",
              "apiVersion": "2022-01-01-preview",
              "name": "[concat(parameters('workspace'),'/Microsoft.SecurityInsights/',concat('Playbook-', last(split(resourceId('Microsoft.Logic/workflows', 'AWSIAM-DeleteAccessKeys'),'/'))))]",
              "properties": {
                "parentId": "[resourceId('Microsoft.Logic/workflows', 'AWSIAM-DeleteAccessKeys')]",
                "contentId": "AWSIAM-DeleteAccessKeys",
                "kind": "Playbook",
                "version": "1.0",
                "source": {
                  "kind": "Solution",
                  "name": "AWS_IAM",
                  "sourceId": "azuresentinel.azure-sentinel-solution-amazonwebservicesiam"
                },
                "author": {
                  "name": "Microsoft",
                  "email": "support@microsoft.com"
                },
                "support": {
                  "name": "Microsoft Corporation",
                  "email": "support@microsoft.com",
                  "tier": "Microsoft",
                  "link": "https://support.microsoft.com"
                }
              }
            }
          ]
        }
      }
    },
    {
      "type": "Microsoft.OperationalInsights/workspaces/providers/contentTemplates",
      "name": "[concat(parameters('workspace'),'/Microsoft.SecurityInsights/',concat(concat(parameters('workspace'),'-pl-',uniquestring('AWSIAM-EnrichIncidentWithUserInfo')),'1.0'))]",
      "location": "[parameters('workspace-location')]",
      "apiVersion": "2022-08-01",
      "dependsOn": [
        "[extensionResourceId(resourceId('Microsoft.OperationalInsights/workspaces', parameters('workspace')), 'Microsoft.SecurityInsights/contentPackages', 'azuresentinel.azure-sentinel-solution-amazonwebservicesiam')]"
      ],
      "properties": {
        "contentId": "AWSIAM-EnrichIncidentWithUserInfo",
        "displayName": "AWS IAM - Enrich incident with user info",
        "contentKind": "Playbook",
        "mainTemplate": {
          "resources": [
            {
              "type": "Microsoft.Web/connections",
              "apiVersion": "2016-06-01",
              "name": "[variables('AzureSentinelConnectionName')]",
              "location": "[variables('workspace-location-inline')]",
              "properties": {
                "displayName": "[variables('AzureSentinelConnectionName')]",
                "api": {
                  "id": "[variables('_connection-1')]"
                }
              }
            },
            {
              "type": "Microsoft.Logic/workflows",
              "apiVersion": "2017-07-01",
              "name": "[parameters('PlaybookName')]",
              "location": "[variables('workspace-location-inline')]",
              "dependsOn": [
                "[resourceId('Microsoft.Web/connections', variables('AzureSentinelConnectionName'))]"
              ],
              "properties": {
                "state": "Enabled",
                "definition": {
                  "$schema": "https://schema.management.azure.com/providers/Microsoft.Logic/schemas/2016-06-01/workflowdefinition.json#",
                  "contentVersion": "1.0.0.0",
                  "parameters": {
                    "$connections": {
                      "type": "Object"
                    }
                  },
                  "triggers": {
                    "Microsoft_Sentinel_incident": {
                      "type": "ApiConnectionWebhook",
                      "inputs": {
                        "body": {
                          "callback_url": "@{listCallbackUrl()}"
                        },
                        "host": {
                          "connection": {
                            "name": "@parameters('$connections')['azuresentinel']['connectionId']"
                          }
                        },
                        "path": "/incident-creation"
                      }
                    }
                  },
                  "actions": {
                    "Entities_-_Get_Accounts": {
                      "type": "ApiConnection",
                      "inputs": {
                        "body": "@triggerBody()?['object']?['properties']?['relatedEntities']",
                        "host": {
                          "connection": {
                            "name": "@parameters('$connections')['azuresentinel']['connectionId']"
                          }
                        },
                        "method": "post",
                        "path": "/entities/account"
                      }
                    },
                    "For_each_user": {
                      "foreach": "@body('Entities_-_Get_Accounts')?['Accounts']",
                      "actions": {
                        "Add_comment_to_incident_(V3)_2": {
                          "runAfter": {
                            "Scope": [
                              "TimedOut",
                              "Failed"
                            ]
                          },
                          "type": "ApiConnection",
                          "inputs": {
                            "body": {
                              "incidentArmId": "@triggerBody()?['object']?['id']",
                              "message": "<p>Playbook could not obtain information about user @{outputs('Get_user_name')}</p>"
                            },
                            "host": {
                              "connection": {
                                "name": "@parameters('$connections')['azuresentinel']['connectionId']"
                              }
                            },
                            "method": "post",
                            "path": "/Incidents/Comment"
                          }
                        },
                        "Get_user_name": {
                          "type": "Compose",
                          "inputs": "@items('For_each_user')?['Name']"
                        },
                        "Scope": {
                          "actions": {
                            "Add_comment_to_incident_(V3)": {
                              "runAfter": {
                                "Create_message": [
                                  "Succeeded"
                                ]
                              },
                              "type": "ApiConnection",
                              "inputs": {
                                "body": {
                                  "incidentArmId": "@triggerBody()?['object']?['id']",
                                  "message": "<p>@{outputs('Create_message')}</p>"
                                },
                                "host": {
                                  "connection": {
                                    "name": "@parameters('$connections')['azuresentinel']['connectionId']"
                                  }
                                },
                                "method": "post",
                                "path": "/Incidents/Comment"
                              }
                            },
                            "Create_HTML_table_with_tags": {
                              "runAfter": {
                                "Parse_GetUser_response": [
                                  "Succeeded"
                                ]
                              },
                              "type": "Table",
                              "inputs": {
                                "format": "HTML",
                                "from": "@body('Parse_GetUser_response')?['Tags']"
                              }
                            },
                            "Create_HTML_table_with_user_groups": {
                              "runAfter": {
                                "Select_user_groups_fields_for_table": [
                                  "Succeeded"
                                ]
                              },
                              "type": "Table",
                              "inputs": {
                                "format": "HTML",
                                "from": "@body('Select_user_groups_fields_for_table')"
                              }
                            },
                            "Create_message": {
                              "runAfter": {
                                "Create_HTML_table_with_user_groups": [
                                  "Succeeded"
                                ]
                              },
                              "type": "Compose",
                              "inputs": "User name: @{body('Parse_GetUser_response')?['UserName']}\nUser ID: @{body('Parse_GetUser_response')?['UserId']}\nUser create date: @{body('Parse_GetUser_response')?['CreateDate']}\nUser tags:\n@{body('Create_HTML_table_with_tags')}\nUser groups:\n@{body('Create_HTML_table_with_user_groups')}"
                            },
                            "GetUser": {
                              "type": "Function",
                              "inputs": {
                                "function": {
                                  "id": "[concat([concat('/subscriptions/', subscription().subscriptionId, '/resourceGroups/', resourceGroup().name, '/providers/Microsoft.Web/sites/aws-iam-', uniqueString(resourceGroup().id)), '/functions/GetUser')]"
                                },
                                "method": "GET",
                                "queries": {
                                  "username": "@outputs('Get_user_name')"
                                }
                              }
                            },
                            "ListGroupsForUser": {
                              "runAfter": {
                                "GetUser": [
                                  "Succeeded"
                                ]
                              },
                              "type": "Function",
                              "inputs": {
                                "function": {
                                  "id": "[concat([concat('/subscriptions/', subscription().subscriptionId, '/resourceGroups/', resourceGroup().name, '/providers/Microsoft.Web/sites/aws-iam-', uniqueString(resourceGroup().id)), '/functions/ListGroupsForUser')]"
                                },
                                "method": "GET",
                                "queries": {
                                  "username": "@outputs('Get_user_name')"
                                }
                              }
                            },
                            "Parse_GetUser_response": {
                              "runAfter": {
                                "ListGroupsForUser": [
                                  "Succeeded"
                                ]
                              },
                              "type": "ParseJson",
                              "inputs": {
                                "content": "@body('GetUser')",
                                "schema": {
                                  "properties": {
                                    "Arn": {
                                      "type": "string"
                                    },
                                    "CreateDate": {
                                      "type": "string"
                                    },
                                    "Path": {
                                      "type": "string"
                                    },
                                    "Tags": {
                                      "items": {
                                        "properties": {
                                          "Key": {
                                            "type": "string"
                                          },
                                          "Value": {
                                            "type": "string"
                                          }
                                        },
                                        "required": [
                                          "Key",
                                          "Value"
                                        ],
                                        "type": "object"
                                      },
                                      "type": "array"
                                    },
                                    "UserId": {
                                      "type": "string"
                                    },
                                    "UserName": {
                                      "type": "string"
                                    }
                                  },
                                  "type": "object"
                                }
                              }
                            },
                            "Parse_ListGroupsForUser_response": {
                              "runAfter": {
                                "Create_HTML_table_with_tags": [
                                  "Succeeded"
                                ]
                              },
                              "type": "ParseJson",
                              "inputs": {
                                "content": "@body('ListGroupsForUser')",
                                "schema": {
                                  "items": {
                                    "properties": {
                                      "Arn": {
                                        "type": "string"
                                      },
                                      "CreateDate": {
                                        "type": "string"
                                      },
                                      "GroupId": {
                                        "type": "string"
                                      },
                                      "GroupName": {
                                        "type": "string"
                                      },
                                      "Path": {
                                        "type": "string"
                                      }
                                    },
                                    "required": [
                                      "Path",
                                      "GroupName",
                                      "GroupId",
                                      "Arn",
                                      "CreateDate"
                                    ],
                                    "type": "object"
                                  },
                                  "type": "array"
                                }
                              }
                            },
                            "Select_user_groups_fields_for_table": {
                              "runAfter": {
                                "Parse_ListGroupsForUser_response": [
                                  "Succeeded"
                                ]
                              },
                              "type": "Select",
                              "inputs": {
                                "from": "@body('Parse_ListGroupsForUser_response')",
                                "select": {
                                  "GroupId": "@item()['GroupId']",
                                  "GroupName": "@item()['GroupName']"
                                }
                              }
                            }
                          },
                          "runAfter": {
                            "Get_user_name": [
                              "Succeeded"
                            ]
                          },
                          "type": "Scope"
                        }
                      },
                      "runAfter": {
                        "Entities_-_Get_Accounts": [
                          "Succeeded"
                        ]
                      },
                      "type": "Foreach"
                    }
                  }
                },
                "parameters": {
                  "$connections": {
                    "value": {
                      "azuresentinel": {
                        "connectionName": "[variables('AzureSentinelConnectionName')]",
                        "connectionId": "[resourceId('Microsoft.Web/connections', variables('AzureSentinelConnectionName'))]",
                        "id": "[concat('/subscriptions/',subscription().subscriptionId, '/providers/Microsoft.Web/locations/',variables('workspace-location-inline'),'/managedApis/azuresentinel')]"
                      }
                    }
                  }
                }
              },
              "tags": {
                "hidden-SentinelWorkspaceId": "[resourceId('microsoft.OperationalInsights/Workspaces', parameters('workspace'))]"
              }
            },
            {
              "type": "Microsoft.OperationalInsights/workspaces/providers/metadata",
              "apiVersion": "2022-01-01-preview",
              "name": "[concat(parameters('workspace'),'/Microsoft.SecurityInsights/',concat('Playbook-', last(split(resourceId('Microsoft.Logic/workflows', 'AWSIAM-EnrichIncidentWithUserInfo'),'/'))))]",
              "properties": {
                "parentId": "[resourceId('Microsoft.Logic/workflows', 'AWSIAM-EnrichIncidentWithUserInfo')]",
                "contentId": "AWSIAM-EnrichIncidentWithUserInfo",
                "kind": "Playbook",
                "version": "1.0",
                "source": {
                  "kind": "Solution",
                  "name": "AWS_IAM",
                  "sourceId": "azuresentinel.azure-sentinel-solution-amazonwebservicesiam"
                },
                "author": {
                  "name": "Microsoft",
                  "email": "support@microsoft.com"
                },
                "support": {
                  "name": "Microsoft Corporation",
                  "email": "support@microsoft.com",
                  "tier": "Microsoft",
                  "link": "https://support.microsoft.com"
                }
              }
            }
          ]
        }
      }
    },
    {
      "type": "Microsoft.OperationalInsights/workspaces/providers/contentPackages",
      "name": "[concat(parameters('workspace'),'/Microsoft.SecurityInsights/', 'azuresentinel.azure-sentinel-solution-amazonwebservicesiam')]",
      "location": "[parameters('workspace-location')]",
      "apiVersion": "2022-08-01",
      "properties": {
        "version": "3.0.0",
        "kind": "Solution",
        "contentSchemaVersion": "3.0.0",
        "source": {
          "kind": "Solution",
          "name": "AWS_IAM",
          "sourceId": "azuresentinel.azure-sentinel-solution-amazonwebservicesiam"
        },
        "author": {
          "name": "Microsoft",
          "email": "support@microsoft.com"
        },
        "support": {
          "name": "Microsoft Corporation",
          "email": "support@microsoft.com",
          "tier": "Microsoft",
          "link": "https://support.microsoft.com"
        },
        "dependencies": {
          "operator": "AND",
          "criteria": [
            {
              "kind": "Playbook",
              "contentId": "AWSIAM-AddTagToUser",
              "version": "1.0"
            },
            {
              "kind": "Playbook",
              "contentId": "AWSIAM-DeleteAccessKeys",
              "version": "1.0"
            },
            {
              "kind": "Playbook",
              "contentId": "AWSIAM-EnrichIncidentWithUserInfo",
              "version": "1.0"
            }
          ]
        },
        "firstPublishDate": "2022-09-28",
        "providers": [
          "Microsoft"
        ],
        "categories": {
          "domains": [
            "Identity",
            "Security – Automation (SOAR)"
          ]
        },
        "contentVersion": "3.0.0",
        "id": "azuresentinel.azure-sentinel-solution-amazonwebservicesiam",
        "packageKind": "Solution",
        "displayName": "AWS IAM"
      }
    }
  ]
}