{
  "$schema": "https://schema.management.azure.com/schemas/2019-04-01/deploymentTemplate.json#",
  "contentVersion": "1.0.0",
  "parameters": {
    "location": {
      "type": "string",
      "minLength": 1,
      "defaultValue": "[resourceGroup().location]",
      "metadata": {
        "description": "Not used, but needed to pass arm-ttk test `Location-Should-Not-Be-Hardcoded`.  We instead use the `workspace-location` which is derived from the LA workspace"
      }
    },
    "workspace": {
      "defaultValue": "",
      "type": "string",
      "metadata": {
        "description": "Workspace name for Log Analytics where Microsoft Sentinel is setup"
      }
    },
    "workspace-location": {
      "type": "string",
      "defaultValue": "",
      "metadata": {
        "description": "[concat('Region to deploy solution resources -- separate from location selection',parameters('location'))]"
      }
    }
  },
  "resources": [
    {
      "type": "Microsoft.OperationalInsights/workspaces/providers/contentTemplates",
      "name": "[concat(parameters('workspace'),'/Microsoft.SecurityInsights/',concat(concat(parameters('workspace'),'-ar-',uniquestring('40f69a27-8c68-4c8c-bb7c-7eb0f0a8a1fa')),'1.0.0'))]",
      "location": "[parameters('workspace-location')]",
      "apiVersion": "2022-08-01",
      "dependsOn": [
        "[extensionResourceId(resourceId('Microsoft.OperationalInsights/workspaces', parameters('workspace')), 'Microsoft.SecurityInsights/contentPackages', 'azuresentinel.azure-sentinel-solution-bitglass')]"
      ],
      "properties": {
        "contentId": "40f69a27-8c68-4c8c-bb7c-7eb0f0a8a1fa",
        "displayName": "Bitglass - The SmartEdge endpoint agent was uninstalled",
        "contentKind": "AnalyticsRule",
        "mainTemplate": {
          "resources": [
            {
              "type": "Microsoft.SecurityInsights/AlertRuleTemplates",
              "name": "40f69a27-8c68-4c8c-bb7c-7eb0f0a8a1fa",
              "apiVersion": "2022-04-01-preview",
              "kind": "Scheduled",
              "location": "[parameters('workspace-location')]",
              "properties": {
                "description": "Detects when SmartEdge endpoint agent was uninstalled.",
                "displayName": "Bitglass - The SmartEdge endpoint agent was uninstalled",
                "enabled": false,
                "query": "Bitglass\n| where EventType =~ 'access'\n| where EventResultDetails startswith 'The SmartEdge endpoint agent was uninstalled'\n| extend IPCustomEntity = SrcIpAddr\n",
                "queryFrequency": "PT1H",
                "queryPeriod": "PT1H",
                "severity": "Medium",
                "suppressionDuration": "PT1H",
                "suppressionEnabled": false,
                "triggerOperator": "GreaterThan",
                "triggerThreshold": 0,
                "status": "Available",
                "requiredDataConnectors": [
                  {
                    "connectorId": "Bitglass",
                    "dataTypes": [
                      "Bitglass"
                    ]
                  }
                ],
                "tactics": [
                  "DefenseEvasion"
                ],
                "entityMappings": [
                  {
                    "fieldMappings": [
                      {
                        "identifier": "Address",
                        "columnName": "IPCustomEntity"
                      }
                    ],
                    "entityType": "IP"
                  }
                ]
              }
            },
            {
              "type": "Microsoft.OperationalInsights/workspaces/providers/metadata",
              "apiVersion": "2022-01-01-preview",
              "name": "[concat(parameters('workspace'),'/Microsoft.SecurityInsights/',concat('AnalyticsRule-', last(split(resourceId('Microsoft.SecurityInsights/AlertRuleTemplates', '40f69a27-8c68-4c8c-bb7c-7eb0f0a8a1fa'),'/'))))]",
              "properties": {
                "description": "Bitglass Analytics Rule 7",
                "parentId": "[resourceId('Microsoft.SecurityInsights/AlertRuleTemplates', '40f69a27-8c68-4c8c-bb7c-7eb0f0a8a1fa')]",
                "contentId": "40f69a27-8c68-4c8c-bb7c-7eb0f0a8a1fa",
                "kind": "AnalyticsRule",
                "version": "1.0.0",
                "source": {
                  "kind": "Solution",
                  "name": "Bitglass",
                  "sourceId": "azuresentinel.azure-sentinel-solution-bitglass"
                },
                "author": {
                  "name": "Microsoft",
                  "email": "support@microsoft.com"
                },
                "support": {
                  "name": "Microsoft Corporation",
                  "email": "support@microsoft.com",
                  "tier": "Microsoft",
                  "link": "https://support.microsoft.com"
                }
              }
            }
          ]
        }
      }
    }
  ]
}