{
  "$schema": "https://schema.management.azure.com/schemas/2019-04-01/deploymentTemplate.json#",
  "contentVersion": "1.0.0.0",
  "metadata": {
    "author": "Microsoft - support@microsoft.com",
    "comments": "Solution template for AtlassianConfluenceAudit"
  },
  "parameters": {
    "location": {
      "type": "string",
      "minLength": 1,
      "defaultValue": "[resourceGroup().location]",
      "metadata": {
        "description": "Not used, but needed to pass arm-ttk test `Location-Should-Not-Be-Hardcoded`.  We instead use the `workspace-location` which is derived from the LA workspace"
      }
    },
    "workspace-location": {
      "type": "string",
      "defaultValue": "",
      "metadata": {
        "description": "[concat('Region to deploy solution resources -- separate from location selection',parameters('location'))]"
      }
    },
    "workspace": {
      "defaultValue": "",
      "type": "string",
      "metadata": {
        "description": "Workspace name for Log Analytics where Microsoft Sentinel is setup"
      }
    }
  },
  "resources": [
    {
      "name": "pid-69524cd5-c719-43ad-9fd7-9438ed927a53-partnercenter",
      "type": "Microsoft.Resources/deployments",
      "apiVersion": "2020-10-01",
      "properties": {
        "mode": "Incremental",
        "template": {
          "$schema": "https://schema.management.azure.com/schemas/2019-04-01/deploymentTemplate.json#",
          "contentVersion": "1.0.0.0",
          "resources": []
        }
      }
    },
    {
      "type": "Microsoft.OperationalInsights/workspaces/providers/contentTemplates",
      "name": "[concat(parameters('workspace'),'/Microsoft.SecurityInsights/',concat(concat(parameters('workspace'),'-dc-',uniquestring('ConfluenceAuditAPI')),'1.0.0'))]",
      "location": "[parameters('workspace-location')]",
      "apiVersion": "2022-08-01",
      "dependsOn": [
        "[extensionResourceId(resourceId('Microsoft.OperationalInsights/workspaces', parameters('workspace')), 'Microsoft.SecurityInsights/contentPackages', 'azuresentinel.azure-sentinel-solution-atlassianconfluenceaudit')]"
      ],
      "properties": {
        "contentId": "ConfluenceAuditAPI",
        "displayName": "Atlassian Confluence Audit (using Azure Function)",
        "contentKind": "DataConnector",
        "mainTemplate": {
          "resources": [
            {
              "name": "[concat(parameters('workspace'),'/Microsoft.SecurityInsights/','ConfluenceAuditAPI')]",
              "apiVersion": "2021-03-01-preview",
              "type": "Microsoft.OperationalInsights/workspaces/providers/dataConnectors",
              "location": "[parameters('workspace-location')]",
              "kind": "GenericUI",
              "properties": {
                "connectorUiConfig": {
                  "id": "ConfluenceAuditAPI",
                  "title": "Atlassian Confluence Audit (using Azure Function)",
                  "publisher": "Atlassian",
                  "descriptionMarkdown": "The [Atlassian Confluence](https://www.atlassian.com/software/confluence) Audit data connector provides the capability to ingest [Confluence Audit Records](https://support.atlassian.com/confluence-cloud/docs/view-the-audit-log/) for more information. The connector provides ability to get events which helps to examine potential security risks, analyze your team's use of collaboration, diagnose configuration problems and more.",
                  "graphQueries": [
                    {
                      "metricName": "Total data received",
                      "legend": "Confluence_Audit_CL",
                      "baseQuery": "Confluence_Audit_CL"
                    }
                  ],
                  "sampleQueries": [
                    {
                      "description": "Confluence Audit Events - All Activities",
                      "query": "ConfluenceAudit\n | sort by TimeGenerated desc"
                    }
                  ],
                  "dataTypes": [
                    {
                      "name": "Confluence_Audit_CL",
                      "lastDataReceivedQuery": "Confluence_Audit_CL\n            | summarize Time = max(TimeGenerated)\n            | where isnotempty(Time)"
                    }
                  ],
                  "connectivityCriterias": [
                    {
                      "type": "IsConnectedQuery",
                      "value": [
                        "Confluence_Audit_CL\n            | summarize LastLogReceived = max(TimeGenerated)\n            | project IsConnected = LastLogReceived > ago(30d)"
                      ]
                    }
                  ],
                  "availability": {
                    "status": 1,
                    "isPreview": false
                  },
                  "permissions": {
                    "resourceProvider": [
                      {
                        "provider": "Microsoft.OperationalInsights/workspaces",
                        "permissionsDisplayText": "read and write permissions on the workspace are required.",
                        "providerDisplayName": "Workspace",
                        "scope": "Workspace",
                        "requiredPermissions": {
                          "write": true,
                          "read": true,
                          "delete": true
                        }
                      },
                      {
                        "provider": "Microsoft.OperationalInsights/workspaces/sharedKeys",
                        "permissionsDisplayText": "read permissions to shared keys for the workspace are required. [See the documentation to learn more about workspace keys](https://docs.microsoft.com/azure/azure-monitor/platform/agent-windows#obtain-workspace-id-and-key).",
                        "providerDisplayName": "Keys",
                        "scope": "Workspace",
                        "requiredPermissions": {
                          "action": true
                        }
                      }
                    ],
                    "customs": [
                      {
                        "name": "Microsoft.Web/sites permissions",
                        "description": "Read and write permissions to Azure Functions to create a Function App is required. [See the documentation to learn more about Azure Functions](https://docs.microsoft.com/azure/azure-functions/)."
                      },
                      {
                        "name": "REST API Credentials/permissions",
                        "description": "**ConfluenceAccessToken**, **ConfluenceUsername** is required for REST API. [See the documentation to learn more about API](https://developer.atlassian.com/cloud/confluence/rest/api-group-audit/). Check all [requirements and follow  the instructions](https://developer.atlassian.com/cloud/confluence/rest/intro/#auth) for obtaining credentials."
                      }
                    ]
                  },
                  "instructionSteps": [
                    {
                      "description": ">**NOTE:** This connector uses Azure Functions to connect to the Confluence REST API to pull its logs into Microsoft Sentinel. This might result in additional data ingestion costs. Check the [Azure Functions pricing page](https://azure.microsoft.com/pricing/details/functions/) for details."
                    },
                    {
                      "description": ">**(Optional Step)** Securely store workspace and API authorization key(s) or token(s) in Azure Key Vault. Azure Key Vault provides a secure mechanism to store and retrieve key values. [Follow these instructions](https://docs.microsoft.com/azure/app-service/app-service-key-vault-references) to use Azure Key Vault with an Azure Function App."
                    },
                    {
                      "description": "**STEP 1 - Configuration steps for the Confluence API**\n\n [Follow the instructions](https://developer.atlassian.com/cloud/confluence/rest/intro/#auth) to obtain the credentials. \n"
                    },
                    {
                      "description": "**STEP 2 - Choose ONE from the following two deployment options to deploy the connector and the associated Azure Function**\n\n>**IMPORTANT:** Before deploying the Workspace data connector, have the Workspace ID and Workspace Primary Key (can be copied from the following).",
                      "instructions": [
                        {
                          "parameters": {
                            "fillWith": [
                              "WorkspaceId"
                            ],
                            "label": "Workspace ID"
                          },
                          "type": "CopyableLabel"
                        },
                        {
                          "parameters": {
                            "fillWith": [
                              "PrimaryKey"
                            ],
                            "label": "Primary Key"
                          },
                          "type": "CopyableLabel"
                        }
                      ]
                    },
                    {
                      "description": "Use this method for automated deployment of the Confluence Audit data connector using an ARM Tempate.\n\n1. Click the **Deploy to Azure** button below. \n\n\t[![Deploy To Azure](https://aka.ms/deploytoazurebutton)](https://aka.ms/sentinel-confluenceauditapi-azuredeploy)\n2. Select the preferred **Subscription**, **Resource Group** and **Location**. \n> **NOTE:** Within the same resource group, you can't mix Windows and Linux apps in the same region. Select existing resource group without Windows apps in it or create new resource group.\n3. Enter the **ConfluenceAccessToken**, **ConfluenceUsername**, **ConfluenceHomeSiteName** (short site name part, as example HOMESITENAME from https://HOMESITENAME.atlassian.net) and deploy. \n4. Mark the checkbox labeled **I agree to the terms and conditions stated above**. \n5. Click **Purchase** to deploy.",
                      "title": "Option 1 - Azure Resource Manager (ARM) Template"
                    },
                    {
                      "description": "Use the following step-by-step instructions to deploy the Confluence Audit data connector manually with Azure Functions (Deployment via Visual Studio Code).",
                      "title": "Option 2 - Manual Deployment of Azure Functions"
                    },
                    {
                      "description": "**1. Deploy a Function App**\n\n> **NOTE:** You will need to [prepare VS code](https://docs.microsoft.com/azure/azure-functions/functions-create-first-function-python#prerequisites) for Azure function development.\n\n1. Download the [Azure Function App](https://aka.ms/sentinel-confluenceauditapi-functionapp) file. Extract archive to your local development computer.\n2. Start VS Code. Choose File in the main menu and select Open Folder.\n3. Select the top level folder from extracted files.\n4. Choose the Azure icon in the Activity bar, then in the **Azure: Functions** area, choose the **Deploy to function app** button.\nIf you aren't already signed in, choose the Azure icon in the Activity bar, then in the **Azure: Functions** area, choose **Sign in to Azure**\nIf you're already signed in, go to the next step.\n5. Provide the following information at the prompts:\n\n\ta. **Select folder:** Choose a folder from your workspace or browse to one that contains your function app.\n\n\tb. **Select Subscription:** Choose the subscription to use.\n\n\tc. Select **Create new Function App in Azure** (Don't choose the Advanced option)\n\n\td. **Enter a globally unique name for the function app:** Type a name that is valid in a URL path. The name you type is validated to make sure that it's unique in Azure Functions. (e.g. ConflAuditXXXXX).\n\n\te. **Select a runtime:** Choose Python 3.8.\n\n\tf. Select a location for new resources. For better performance and lower costs choose the same [region](https://azure.microsoft.com/regions/) where Microsoft Sentinel is located.\n\n6. Deployment will begin. A notification is displayed after your function app is created and the deployment package is applied.\n7. Go to Azure Portal for the Function App configuration."
                    },
                    {
                      "description": "**2. Configure the Function App**\n\n1. In the Function App, select the Function App Name and select **Configuration**.\n2. In the **Application settings** tab, select ** New application setting**.\n3. Add each of the following application settings individually, with their respective string values (case-sensitive): \n\t\tConfluenceUsername\n\t\tConfluenceAccessToken\n\t\tConfluenceHomeSiteName\n\t\tWorkspaceID\n\t\tWorkspaceKey\n\t\tlogAnalyticsUri (optional)\n> - Use logAnalyticsUri to override the log analytics API endpoint for dedicated cloud. For example, for public cloud, leave the value empty; for Azure GovUS cloud environment, specify the value in the following format: `https://<CustomerId>.ods.opinsights.azure.us`.\n4. Once all application settings have been entered, click **Save**."
                    }
                  ]
                }
              }
            },
            {
              "type": "Microsoft.OperationalInsights/workspaces/providers/metadata",
              "apiVersion": "2022-01-01-preview",
              "name": "[concat(parameters('workspace'),'/Microsoft.SecurityInsights/',concat('DataConnector-', last(split(extensionResourceId(resourceId('Microsoft.OperationalInsights/workspaces', parameters('workspace')), 'Microsoft.SecurityInsights/dataConnectors', 'ConfluenceAuditAPI'),'/'))))]",
              "properties": {
                "parentId": "[extensionResourceId(resourceId('Microsoft.OperationalInsights/workspaces', parameters('workspace')), 'Microsoft.SecurityInsights/dataConnectors', 'ConfluenceAuditAPI')]",
                "contentId": "ConfluenceAuditAPI",
                "kind": "DataConnector",
                "version": "1.0.0",
                "source": {
                  "kind": "Solution",
                  "name": "AtlassianConfluenceAudit",
                  "sourceId": "azuresentinel.azure-sentinel-solution-atlassianconfluenceaudit"
                },
                "author": {
                  "name": "Microsoft",
                  "email": "support@microsoft.com"
                },
                "support": {
                  "name": "Microsoft Corporation",
                  "email": "support@microsoft.com",
                  "tier": "Microsoft",
                  "link": "https://support.microsoft.com"
                }
              }
            }
          ]
        }
      }
    },
    {
      "type": "Microsoft.OperationalInsights/workspaces/providers/metadata",
      "apiVersion": "2022-01-01-preview",
      "name": "[concat(parameters('workspace'),'/Microsoft.SecurityInsights/',concat('DataConnector-', last(split(extensionResourceId(resourceId('Microsoft.OperationalInsights/workspaces', parameters('workspace')), 'Microsoft.SecurityInsights/dataConnectors', 'ConfluenceAuditAPI'),'/'))))]",
      "dependsOn": [
        "[extensionResourceId(resourceId('Microsoft.OperationalInsights/workspaces', parameters('workspace')), 'Microsoft.SecurityInsights/dataConnectors', 'ConfluenceAuditAPI')]"
      ],
      "location": "[parameters('workspace-location')]",
      "properties": {
        "parentId": "[extensionResourceId(resourceId('Microsoft.OperationalInsights/workspaces', parameters('workspace')), 'Microsoft.SecurityInsights/dataConnectors', 'ConfluenceAuditAPI')]",
        "contentId": "ConfluenceAuditAPI",
        "kind": "DataConnector",
        "version": "1.0.0",
        "source": {
          "kind": "Solution",
          "name": "AtlassianConfluenceAudit",
          "sourceId": "azuresentinel.azure-sentinel-solution-atlassianconfluenceaudit"
        },
        "author": {
          "name": "Microsoft",
          "email": "support@microsoft.com"
        },
        "support": {
          "name": "Microsoft Corporation",
          "email": "support@microsoft.com",
          "tier": "Microsoft",
          "link": "https://support.microsoft.com"
        }
      }
    },
    {
      "name": "[concat(parameters('workspace'),'/Microsoft.SecurityInsights/','ConfluenceAuditAPI')]",
      "apiVersion": "2021-03-01-preview",
      "type": "Microsoft.OperationalInsights/workspaces/providers/dataConnectors",
      "location": "[parameters('workspace-location')]",
      "kind": "GenericUI",
      "properties": {
        "connectorUiConfig": {
          "title": "Atlassian Confluence Audit (using Azure Function)",
          "publisher": "Atlassian",
          "descriptionMarkdown": "The [Atlassian Confluence](https://www.atlassian.com/software/confluence) Audit data connector provides the capability to ingest [Confluence Audit Records](https://support.atlassian.com/confluence-cloud/docs/view-the-audit-log/) for more information. The connector provides ability to get events which helps to examine potential security risks, analyze your team's use of collaboration, diagnose configuration problems and more.",
          "graphQueries": [
            {
              "metricName": "Total data received",
              "legend": "Confluence_Audit_CL",
              "baseQuery": "Confluence_Audit_CL"
            }
          ],
          "dataTypes": [
            {
              "name": "Confluence_Audit_CL",
              "lastDataReceivedQuery": "Confluence_Audit_CL\n            | summarize Time = max(TimeGenerated)\n            | where isnotempty(Time)"
            }
          ],
          "connectivityCriterias": [
            {
              "type": "IsConnectedQuery",
              "value": [
                "Confluence_Audit_CL\n            | summarize LastLogReceived = max(TimeGenerated)\n            | project IsConnected = LastLogReceived > ago(30d)"
              ]
            }
          ],
          "sampleQueries": [
            {
              "description": "Confluence Audit Events - All Activities",
              "query": "ConfluenceAudit\n | sort by TimeGenerated desc"
            }
          ],
          "availability": {
            "status": 1,
            "isPreview": false
          },
          "permissions": {
            "resourceProvider": [
              {
                "provider": "Microsoft.OperationalInsights/workspaces",
                "permissionsDisplayText": "read and write permissions on the workspace are required.",
                "providerDisplayName": "Workspace",
                "scope": "Workspace",
                "requiredPermissions": {
                  "write": true,
                  "read": true,
                  "delete": true
                }
              },
              {
                "provider": "Microsoft.OperationalInsights/workspaces/sharedKeys",
                "permissionsDisplayText": "read permissions to shared keys for the workspace are required. [See the documentation to learn more about workspace keys](https://docs.microsoft.com/azure/azure-monitor/platform/agent-windows#obtain-workspace-id-and-key).",
                "providerDisplayName": "Keys",
                "scope": "Workspace",
                "requiredPermissions": {
                  "action": true
                }
              }
            ],
            "customs": [
              {
                "name": "Microsoft.Web/sites permissions",
                "description": "Read and write permissions to Azure Functions to create a Function App is required. [See the documentation to learn more about Azure Functions](https://docs.microsoft.com/azure/azure-functions/)."
              },
              {
                "name": "REST API Credentials/permissions",
                "description": "**ConfluenceAccessToken**, **ConfluenceUsername** is required for REST API. [See the documentation to learn more about API](https://developer.atlassian.com/cloud/confluence/rest/api-group-audit/). Check all [requirements and follow  the instructions](https://developer.atlassian.com/cloud/confluence/rest/intro/#auth) for obtaining credentials."
              }
            ]
          },
          "instructionSteps": [
            {
              "description": ">**NOTE:** This connector uses Azure Functions to connect to the Confluence REST API to pull its logs into Microsoft Sentinel. This might result in additional data ingestion costs. Check the [Azure Functions pricing page](https://azure.microsoft.com/pricing/details/functions/) for details."
            },
            {
              "description": ">**(Optional Step)** Securely store workspace and API authorization key(s) or token(s) in Azure Key Vault. Azure Key Vault provides a secure mechanism to store and retrieve key values. [Follow these instructions](https://docs.microsoft.com/azure/app-service/app-service-key-vault-references) to use Azure Key Vault with an Azure Function App."
            },
            {
              "description": "**STEP 1 - Configuration steps for the Confluence API**\n\n [Follow the instructions](https://developer.atlassian.com/cloud/confluence/rest/intro/#auth) to obtain the credentials. \n"
            },
            {
              "description": "**STEP 2 - Choose ONE from the following two deployment options to deploy the connector and the associated Azure Function**\n\n>**IMPORTANT:** Before deploying the Workspace data connector, have the Workspace ID and Workspace Primary Key (can be copied from the following).",
              "instructions": [
                {
                  "parameters": {
                    "fillWith": [
                      "WorkspaceId"
                    ],
                    "label": "Workspace ID"
                  },
                  "type": "CopyableLabel"
                },
                {
                  "parameters": {
                    "fillWith": [
                      "PrimaryKey"
                    ],
                    "label": "Primary Key"
                  },
                  "type": "CopyableLabel"
                }
              ]
            },
            {
              "description": "Use this method for automated deployment of the Confluence Audit data connector using an ARM Tempate.\n\n1. Click the **Deploy to Azure** button below. \n\n\t[![Deploy To Azure](https://aka.ms/deploytoazurebutton)](https://aka.ms/sentinel-confluenceauditapi-azuredeploy)\n2. Select the preferred **Subscription**, **Resource Group** and **Location**. \n> **NOTE:** Within the same resource group, you can't mix Windows and Linux apps in the same region. Select existing resource group without Windows apps in it or create new resource group.\n3. Enter the **ConfluenceAccessToken**, **ConfluenceUsername**, **ConfluenceHomeSiteName** (short site name part, as example HOMESITENAME from https://HOMESITENAME.atlassian.net) and deploy. \n4. Mark the checkbox labeled **I agree to the terms and conditions stated above**. \n5. Click **Purchase** to deploy.",
              "title": "Option 1 - Azure Resource Manager (ARM) Template"
            },
            {
              "description": "Use the following step-by-step instructions to deploy the Confluence Audit data connector manually with Azure Functions (Deployment via Visual Studio Code).",
              "title": "Option 2 - Manual Deployment of Azure Functions"
            },
            {
              "description": "**1. Deploy a Function App**\n\n> **NOTE:** You will need to [prepare VS code](https://docs.microsoft.com/azure/azure-functions/functions-create-first-function-python#prerequisites) for Azure function development.\n\n1. Download the [Azure Function App](https://aka.ms/sentinel-confluenceauditapi-functionapp) file. Extract archive to your local development computer.\n2. Start VS Code. Choose File in the main menu and select Open Folder.\n3. Select the top level folder from extracted files.\n4. Choose the Azure icon in the Activity bar, then in the **Azure: Functions** area, choose the **Deploy to function app** button.\nIf you aren't already signed in, choose the Azure icon in the Activity bar, then in the **Azure: Functions** area, choose **Sign in to Azure**\nIf you're already signed in, go to the next step.\n5. Provide the following information at the prompts:\n\n\ta. **Select folder:** Choose a folder from your workspace or browse to one that contains your function app.\n\n\tb. **Select Subscription:** Choose the subscription to use.\n\n\tc. Select **Create new Function App in Azure** (Don't choose the Advanced option)\n\n\td. **Enter a globally unique name for the function app:** Type a name that is valid in a URL path. The name you type is validated to make sure that it's unique in Azure Functions. (e.g. ConflAuditXXXXX).\n\n\te. **Select a runtime:** Choose Python 3.8.\n\n\tf. Select a location for new resources. For better performance and lower costs choose the same [region](https://azure.microsoft.com/regions/) where Microsoft Sentinel is located.\n\n6. Deployment will begin. A notification is displayed after your function app is created and the deployment package is applied.\n7. Go to Azure Portal for the Function App configuration."
            },
            {
              "description": "**2. Configure the Function App**\n\n1. In the Function App, select the Function App Name and select **Configuration**.\n2. In the **Application settings** tab, select ** New application setting**.\n3. Add each of the following application settings individually, with their respective string values (case-sensitive): \n\t\tConfluenceUsername\n\t\tConfluenceAccessToken\n\t\tConfluenceHomeSiteName\n\t\tWorkspaceID\n\t\tWorkspaceKey\n\t\tlogAnalyticsUri (optional)\n> - Use logAnalyticsUri to override the log analytics API endpoint for dedicated cloud. For example, for public cloud, leave the value empty; for Azure GovUS cloud environment, specify the value in the following format: `https://<CustomerId>.ods.opinsights.azure.us`.\n4. Once all application settings have been entered, click **Save**."
            }
          ],
          "id": "ConfluenceAuditAPI"
        }
      }
    },
    {
      "type": "Microsoft.OperationalInsights/workspaces/providers/contentTemplates",
      "name": "[concat(parameters('workspace'),'/Microsoft.SecurityInsights/',concat(concat(parameters('workspace'),'-pr-',uniquestring('ConfluenceAudit-Parser')),'1.0.0'))]",
      "location": "[parameters('workspace-location')]",
      "apiVersion": "2022-08-01",
      "dependsOn": [
        "[extensionResourceId(resourceId('Microsoft.OperationalInsights/workspaces', parameters('workspace')), 'Microsoft.SecurityInsights/contentPackages', 'azuresentinel.azure-sentinel-solution-atlassianconfluenceaudit')]"
      ],
      "properties": {
        "contentId": "ConfluenceAudit-Parser",
        "displayName": "ConfluenceAudit",
        "contentKind": "Parser",
        "mainTemplate": {
          "resources": [
            {
              "name": "[concat(parameters('workspace'),'/','ConfluenceAudit')]",
              "apiVersion": "2020-08-01",
              "type": "Microsoft.OperationalInsights/workspaces/savedSearches",
              "location": "[parameters('workspace-location')]",
              "properties": {
                "eTag": "*",
                "displayName": "ConfluenceAudit",
                "category": "Samples",
                "functionAlias": "ConfluenceAudit",
                "query": "\nlet Confluence_Audit_view  = view () { \r\n    Confluence_Audit_CL\r\n    | extend \r\n                EventVendor=\"Atlassian\",\r\n                EventProduct=\"Confluence\",\r\n                AuthorUsername=column_ifexists('author_username_s', ''),\r\n\t\t        AuthorUserKey=column_ifexists('author_userKey_g', ''),\r\n                AuthorAccountId=column_ifexists('author_accountId_s', ''),\r\n                AuthorType=column_ifexists('author_type_s', ''),\r\n                AuthorDisplayName=column_ifexists('author_displayName_s', ''),\r\n                AuthorIsExternalCollaborator=column_ifexists('author_isExternalCollaborator_b', ''),\r\n                AuthorAccountType=column_ifexists('author_accountType_s', ''),\r\n                AuthorPublicName=column_ifexists('author_publicName_s', ''),\r\n                AuthorExternalCollaborator=column_ifexists('author_externalCollaborator_b', ''),\r\n                RemoteAddress=column_ifexists('remoteAddress_s', ''),\r\n                CreationDate=column_ifexists('creationDate_d', ''),\r\n                Summary=column_ifexists('summary_s', ''),\r\n                Description=column_ifexists('description_s', ''),\r\n                Category=column_ifexists('Category', ''),\r\n                SysAdmin=column_ifexists('sysAdmin_b', ''),\r\n                SuperAdmin=column_ifexists('superAdmin_b', ''),\r\n                AffectedObjectName=column_ifexists('affectedObject_name_s', ''),\r\n                AffectedObjectObjectType=column_ifexists('affectedObject_objectType_s', ''),\r\n                ChangedValues=column_ifexists('changedValues_s', ''),\r\n                AssociatedObjects=column_ifexists('associatedObjects_s', ''),\r\n                UserIdentity=column_ifexists('author_accountId_s', ''),\r\n                SrcUserName=column_ifexists('author_displayName_s', ''),\r\n                DstUserSid=column_ifexists('author_userKey_s', ''),\r\n                SrcIpAddr=column_ifexists('remoteAddress_s', ''),\r\n                EventCreationTime=column_ifexists('creationDate_d', ''),\r\n                EventMessage=column_ifexists('summary_s', ''),\r\n                EventCategoryType =column_ifexists('Category', '')             \r\n    | project\r\n                TimeGenerated, \r\n                EventVendor,\r\n                EventProduct,\r\n                AuthorUsername,\r\n                AuthorAccountId,\r\n                AuthorType,\r\n                AuthorDisplayName,\r\n                AuthorIsExternalCollaborator,\r\n                AuthorUserKey,\r\n                AuthorAccountType,\r\n                AuthorPublicName,\r\n                AuthorExternalCollaborator,\r\n                RemoteAddress,\r\n                CreationDate,\r\n                Summary,\r\n                Description,\r\n                Category,\r\n                SysAdmin,\r\n                SuperAdmin,\r\n                AffectedObjectName,\r\n                AffectedObjectObjectType,\r\n                ChangedValues,\r\n                AssociatedObjects,\r\n                UserIdentity,\r\n                SrcUserName,\r\n                DstUserSid,\r\n                SrcIpAddr,\r\n                EventCreationTime,\r\n                EventMessage,\r\n                EventCategoryType               \r\n};\r\nConfluence_Audit_view\r\n",
                "version": 1,
                "tags": [
                  {
                    "name": "description",
                    "value": "ConfluenceAudit"
                  }
                ]
              }
            },
            {
              "type": "Microsoft.OperationalInsights/workspaces/providers/metadata",
              "apiVersion": "2022-01-01-preview",
              "name": "[concat(parameters('workspace'),'/Microsoft.SecurityInsights/',concat('Parser-', last(split(resourceId('Microsoft.OperationalInsights/workspaces/savedSearches', parameters('workspace'), 'ConfluenceAudit'),'/'))))]",
              "dependsOn": [
                "[concat(parameters('workspace'),'/','ConfluenceAudit')]"
              ],
              "properties": {
                "parentId": "[resourceId('Microsoft.OperationalInsights/workspaces/savedSearches', parameters('workspace'), 'ConfluenceAudit')]",
                "contentId": "ConfluenceAudit-Parser",
                "kind": "Parser",
                "version": "1.0.0",
                "source": {
                  "name": "AtlassianConfluenceAudit",
                  "kind": "Solution",
                  "sourceId": "azuresentinel.azure-sentinel-solution-atlassianconfluenceaudit"
                },
                "author": {
                  "name": "Microsoft",
                  "email": "support@microsoft.com"
                },
                "support": {
                  "name": "Microsoft Corporation",
                  "email": "support@microsoft.com",
                  "tier": "Microsoft",
                  "link": "https://support.microsoft.com"
                }
              }
            }
          ]
        }
      }
    },
    {
      "type": "Microsoft.OperationalInsights/workspaces/savedSearches",
      "apiVersion": "2021-06-01",
      "name": "[concat(parameters('workspace'),'/','ConfluenceAudit')]",
      "location": "[parameters('workspace-location')]",
      "properties": {
        "eTag": "*",
        "displayName": "ConfluenceAudit",
        "category": "Samples",
        "functionAlias": "ConfluenceAudit",
        "query": "\nlet Confluence_Audit_view  = view () { \r\n    Confluence_Audit_CL\r\n    | extend \r\n                EventVendor=\"Atlassian\",\r\n                EventProduct=\"Confluence\",\r\n                AuthorUsername=column_ifexists('author_username_s', ''),\r\n\t\t        AuthorUserKey=column_ifexists('author_userKey_g', ''),\r\n                AuthorAccountId=column_ifexists('author_accountId_s', ''),\r\n                AuthorType=column_ifexists('author_type_s', ''),\r\n                AuthorDisplayName=column_ifexists('author_displayName_s', ''),\r\n                AuthorIsExternalCollaborator=column_ifexists('author_isExternalCollaborator_b', ''),\r\n                AuthorAccountType=column_ifexists('author_accountType_s', ''),\r\n                AuthorPublicName=column_ifexists('author_publicName_s', ''),\r\n                AuthorExternalCollaborator=column_ifexists('author_externalCollaborator_b', ''),\r\n                RemoteAddress=column_ifexists('remoteAddress_s', ''),\r\n                CreationDate=column_ifexists('creationDate_d', ''),\r\n                Summary=column_ifexists('summary_s', ''),\r\n                Description=column_ifexists('description_s', ''),\r\n                Category=column_ifexists('Category', ''),\r\n                SysAdmin=column_ifexists('sysAdmin_b', ''),\r\n                SuperAdmin=column_ifexists('superAdmin_b', ''),\r\n                AffectedObjectName=column_ifexists('affectedObject_name_s', ''),\r\n                AffectedObjectObjectType=column_ifexists('affectedObject_objectType_s', ''),\r\n                ChangedValues=column_ifexists('changedValues_s', ''),\r\n                AssociatedObjects=column_ifexists('associatedObjects_s', ''),\r\n                UserIdentity=column_ifexists('author_accountId_s', ''),\r\n                SrcUserName=column_ifexists('author_displayName_s', ''),\r\n                DstUserSid=column_ifexists('author_userKey_s', ''),\r\n                SrcIpAddr=column_ifexists('remoteAddress_s', ''),\r\n                EventCreationTime=column_ifexists('creationDate_d', ''),\r\n                EventMessage=column_ifexists('summary_s', ''),\r\n                EventCategoryType =column_ifexists('Category', '')             \r\n    | project\r\n                TimeGenerated, \r\n                EventVendor,\r\n                EventProduct,\r\n                AuthorUsername,\r\n                AuthorAccountId,\r\n                AuthorType,\r\n                AuthorDisplayName,\r\n                AuthorIsExternalCollaborator,\r\n                AuthorUserKey,\r\n                AuthorAccountType,\r\n                AuthorPublicName,\r\n                AuthorExternalCollaborator,\r\n                RemoteAddress,\r\n                CreationDate,\r\n                Summary,\r\n                Description,\r\n                Category,\r\n                SysAdmin,\r\n                SuperAdmin,\r\n                AffectedObjectName,\r\n                AffectedObjectObjectType,\r\n                ChangedValues,\r\n                AssociatedObjects,\r\n                UserIdentity,\r\n                SrcUserName,\r\n                DstUserSid,\r\n                SrcIpAddr,\r\n                EventCreationTime,\r\n                EventMessage,\r\n                EventCategoryType               \r\n};\r\nConfluence_Audit_view\r\n",
        "version": 1
      }
    },
    {
      "type": "Microsoft.OperationalInsights/workspaces/providers/metadata",
      "apiVersion": "2022-01-01-preview",
      "location": "[parameters('workspace-location')]",
      "name": "[concat(parameters('workspace'),'/Microsoft.SecurityInsights/',concat('Parser-', last(split(resourceId('Microsoft.OperationalInsights/workspaces/savedSearches', parameters('workspace'), 'ConfluenceAudit'),'/'))))]",
      "dependsOn": [
        "[resourceId('Microsoft.OperationalInsights/workspaces/savedSearches', parameters('workspace'), 'ConfluenceAudit')]"
      ],
      "properties": {
        "parentId": "[resourceId('Microsoft.OperationalInsights/workspaces/savedSearches', parameters('workspace'), 'ConfluenceAudit')]",
        "contentId": "ConfluenceAudit-Parser",
        "kind": "Parser",
        "version": "1.0.0",
        "source": {
          "kind": "Solution",
          "name": "AtlassianConfluenceAudit",
          "sourceId": "azuresentinel.azure-sentinel-solution-atlassianconfluenceaudit"
        },
        "author": {
          "name": "Microsoft",
          "email": "support@microsoft.com"
        },
        "support": {
          "name": "Microsoft Corporation",
          "email": "support@microsoft.com",
          "tier": "Microsoft",
          "link": "https://support.microsoft.com"
        }
      }
    },
    {
      "type": "Microsoft.OperationalInsights/workspaces/providers/contentPackages",
      "name": "[concat(parameters('workspace'),'/Microsoft.SecurityInsights/', 'azuresentinel.azure-sentinel-solution-atlassianconfluenceaudit')]",
      "location": "[parameters('workspace-location')]",
      "apiVersion": "2022-08-01",
      "properties": {
        "version": "3.0.0",
        "kind": "Solution",
        "contentSchemaVersion": "3.0.0",
        "source": {
          "kind": "Solution",
          "name": "AtlassianConfluenceAudit",
          "sourceId": "azuresentinel.azure-sentinel-solution-atlassianconfluenceaudit"
        },
        "author": {
          "name": "Microsoft",
          "email": "support@microsoft.com"
        },
        "support": {
          "name": "Microsoft Corporation",
          "email": "support@microsoft.com",
          "tier": "Microsoft",
          "link": "https://support.microsoft.com"
        },
        "dependencies": {
          "operator": "AND",
          "criteria": [
            {
              "kind": "DataConnector",
              "contentId": "ConfluenceAuditAPI",
              "version": "1.0.0"
            },
            {
              "kind": "Parser",
              "contentId": "ConfluenceAudit-Parser",
              "version": "1.0.0"
            }
          ]
        },
        "firstPublishDate": "2022-01-24",
        "providers": [
          "Atlassian"
        ],
        "categories": {
          "domains": [
            "IT Operations",
            "Application"
          ]
        },
        "contentVersion": "3.0.0",
        "id": "azuresentinel.azure-sentinel-solution-atlassianconfluenceaudit",
        "packageKind": "Solution",
        "displayName": "Atlassian Confluence Audit"
      }
    }
  ]
}