{
  "$schema": "https://schema.management.azure.com/schemas/2019-04-01/deploymentTemplate.json#",
  "contentVersion": "1.0.0",
  "parameters": {
    "location": {
      "type": "string",
      "minLength": 1,
      "defaultValue": "[resourceGroup().location]",
      "metadata": {
        "description": "Not used, but needed to pass arm-ttk test `Location-Should-Not-Be-Hardcoded`.  We instead use the `workspace-location` which is derived from the LA workspace"
      }
    },
    "workspace": {
      "defaultValue": "",
      "type": "string",
      "metadata": {
        "description": "Workspace name for Log Analytics where Microsoft Sentinel is setup"
      }
    },
    "workspace-location": {
      "type": "string",
      "defaultValue": "",
      "metadata": {
        "description": "[concat('Region to deploy solution resources -- separate from location selection',parameters('location'))]"
      }
    }
  },
  "resources": [
    {
      "type": "Microsoft.OperationalInsights/workspaces/providers/contentTemplates",
      "name": "[concat(parameters('workspace'),'/Microsoft.SecurityInsights/',concat(concat(parameters('workspace'),'-pr-',uniquestring('ConfluenceAudit-Parser')),'1.0.0'))]",
      "location": "[parameters('workspace-location')]",
      "apiVersion": "2022-08-01",
      "dependsOn": [
        "[extensionResourceId(resourceId('Microsoft.OperationalInsights/workspaces', parameters('workspace')), 'Microsoft.SecurityInsights/contentPackages', 'azuresentinel.azure-sentinel-solution-atlassianconfluenceaudit')]"
      ],
      "properties": {
        "contentId": "ConfluenceAudit-Parser",
        "displayName": "ConfluenceAudit",
        "contentKind": "Parser",
        "mainTemplate": {
          "resources": [
            {
              "name": "[concat(parameters('workspace'),'/','ConfluenceAudit')]",
              "apiVersion": "2020-08-01",
              "type": "Microsoft.OperationalInsights/workspaces/savedSearches",
              "location": "[parameters('workspace-location')]",
              "properties": {
                "eTag": "*",
                "displayName": "ConfluenceAudit",
                "category": "Samples",
                "functionAlias": "ConfluenceAudit",
                "query": "\nlet Confluence_Audit_view  = view () { \r\n    Confluence_Audit_CL\r\n    | extend \r\n                EventVendor=\"Atlassian\",\r\n                EventProduct=\"Confluence\",\r\n                AuthorUsername=column_ifexists('author_username_s', ''),\r\n\t\t        AuthorUserKey=column_ifexists('author_userKey_g', ''),\r\n                AuthorAccountId=column_ifexists('author_accountId_s', ''),\r\n                AuthorType=column_ifexists('author_type_s', ''),\r\n                AuthorDisplayName=column_ifexists('author_displayName_s', ''),\r\n                AuthorIsExternalCollaborator=column_ifexists('author_isExternalCollaborator_b', ''),\r\n                AuthorAccountType=column_ifexists('author_accountType_s', ''),\r\n                AuthorPublicName=column_ifexists('author_publicName_s', ''),\r\n                AuthorExternalCollaborator=column_ifexists('author_externalCollaborator_b', ''),\r\n                RemoteAddress=column_ifexists('remoteAddress_s', ''),\r\n                CreationDate=column_ifexists('creationDate_d', ''),\r\n                Summary=column_ifexists('summary_s', ''),\r\n                Description=column_ifexists('description_s', ''),\r\n                Category=column_ifexists('Category', ''),\r\n                SysAdmin=column_ifexists('sysAdmin_b', ''),\r\n                SuperAdmin=column_ifexists('superAdmin_b', ''),\r\n                AffectedObjectName=column_ifexists('affectedObject_name_s', ''),\r\n                AffectedObjectObjectType=column_ifexists('affectedObject_objectType_s', ''),\r\n                ChangedValues=column_ifexists('changedValues_s', ''),\r\n                AssociatedObjects=column_ifexists('associatedObjects_s', ''),\r\n                UserIdentity=column_ifexists('author_accountId_s', ''),\r\n                SrcUserName=column_ifexists('author_displayName_s', ''),\r\n                DstUserSid=column_ifexists('author_userKey_s', ''),\r\n                SrcIpAddr=column_ifexists('remoteAddress_s', ''),\r\n                EventCreationTime=column_ifexists('creationDate_d', ''),\r\n                EventMessage=column_ifexists('summary_s', ''),\r\n                EventCategoryType =column_ifexists('Category', '')             \r\n    | project\r\n                TimeGenerated, \r\n                EventVendor,\r\n                EventProduct,\r\n                AuthorUsername,\r\n                AuthorAccountId,\r\n                AuthorType,\r\n                AuthorDisplayName,\r\n                AuthorIsExternalCollaborator,\r\n                AuthorUserKey,\r\n                AuthorAccountType,\r\n                AuthorPublicName,\r\n                AuthorExternalCollaborator,\r\n                RemoteAddress,\r\n                CreationDate,\r\n                Summary,\r\n                Description,\r\n                Category,\r\n                SysAdmin,\r\n                SuperAdmin,\r\n                AffectedObjectName,\r\n                AffectedObjectObjectType,\r\n                ChangedValues,\r\n                AssociatedObjects,\r\n                UserIdentity,\r\n                SrcUserName,\r\n                DstUserSid,\r\n                SrcIpAddr,\r\n                EventCreationTime,\r\n                EventMessage,\r\n                EventCategoryType               \r\n};\r\nConfluence_Audit_view\r\n",
                "version": 1,
                "tags": [
                  {
                    "name": "description",
                    "value": "ConfluenceAudit"
                  }
                ]
              }
            },
            {
              "type": "Microsoft.OperationalInsights/workspaces/providers/metadata",
              "apiVersion": "2022-01-01-preview",
              "name": "[concat(parameters('workspace'),'/Microsoft.SecurityInsights/',concat('Parser-', last(split(resourceId('Microsoft.OperationalInsights/workspaces/savedSearches', parameters('workspace'), 'ConfluenceAudit'),'/'))))]",
              "dependsOn": [
                "[concat(parameters('workspace'),'/','ConfluenceAudit')]"
              ],
              "properties": {
                "parentId": "[resourceId('Microsoft.OperationalInsights/workspaces/savedSearches', parameters('workspace'), 'ConfluenceAudit')]",
                "contentId": "ConfluenceAudit-Parser",
                "kind": "Parser",
                "version": "1.0.0",
                "source": {
                  "name": "AtlassianConfluenceAudit",
                  "kind": "Solution",
                  "sourceId": "azuresentinel.azure-sentinel-solution-atlassianconfluenceaudit"
                },
                "author": {
                  "name": "Microsoft",
                  "email": "support@microsoft.com"
                },
                "support": {
                  "name": "Microsoft Corporation",
                  "email": "support@microsoft.com",
                  "tier": "Microsoft",
                  "link": "https://support.microsoft.com"
                }
              }
            }
          ]
        }
      }
    }
  ]
}