{
  "$schema": "https://schema.management.azure.com/schemas/2019-04-01/deploymentTemplate.json#",
  "contentVersion": "1.0",
  "parameters": {
    "location": {
      "type": "string",
      "minLength": 1,
      "defaultValue": "[resourceGroup().location]",
      "metadata": {
        "description": "Not used, but needed to pass arm-ttk test `Location-Should-Not-Be-Hardcoded`.  We instead use the `workspace-location` which is derived from the LA workspace"
      }
    },
    "workspace": {
      "defaultValue": "",
      "type": "string",
      "metadata": {
        "description": "Workspace name for Log Analytics where Microsoft Sentinel is setup"
      }
    },
    "workspace-location": {
      "type": "string",
      "defaultValue": "",
      "metadata": {
        "description": "[concat('Region to deploy solution resources -- separate from location selection',parameters('location'))]"
      }
    }
  },
  "resources": [
    {
      "type": "Microsoft.OperationalInsights/workspaces/providers/contentTemplates",
      "name": "[concat(parameters('workspace'),'/Microsoft.SecurityInsights/',concat(concat(parameters('workspace'),'-pl-',uniquestring('Get-ProofPointTapEvents')),'1.0'))]",
      "location": "[parameters('workspace-location')]",
      "apiVersion": "2022-08-01",
      "dependsOn": [
        "[extensionResourceId(resourceId('Microsoft.OperationalInsights/workspaces', parameters('workspace')), 'Microsoft.SecurityInsights/contentPackages', 'azuresentinel.azure-sentinel-proofpoint')]"
      ],
      "properties": {
        "contentId": "Get-ProofPointTapEvents",
        "displayName": "Get-ProofpointTapEvents",
        "contentKind": "Playbook",
        "mainTemplate": {
          "resources": [
            {
              "type": "Microsoft.Web/connections",
              "apiVersion": "2016-06-01",
              "name": "[variables('LogAnalyticsConnectionName')]",
              "location": "[variables('workspace-location-inline')]",
              "properties": {
                "displayName": "[parameters('LogAnalyticsDisplayName')]",
                "api": {
                  "id": "[variables('_connection-1')]"
                }
              }
            },
            {
              "type": "Microsoft.Logic/workflows",
              "apiVersion": "2017-07-01",
              "name": "[parameters('PlaybookName')]",
              "location": "[variables('workspace-location-inline')]",
              "dependsOn": [
                "[resourceId('Microsoft.Web/connections', variables('LogAnalyticsConnectionName'))]"
              ],
              "tags": {
                "LogicAppsCategory": "security",
                "hidden-SentinelWorkspaceId": "[resourceId('microsoft.OperationalInsights/Workspaces', parameters('workspace'))]"
              },
              "properties": {
                "state": "Enabled",
                "definition": {
                  "$schema": "https://schema.management.azure.com/providers/Microsoft.Logic/schemas/2016-06-01/workflowdefinition.json#",
                  "contentVersion": "1.0.0.0",
                  "parameters": {
                    "ProofPointPasswordPB": {
                      "type": "securestring"
                    },
                    "$connections": {
                      "type": "Object"
                    }
                  },
                  "triggers": {
                    "Recurrence": {
                      "recurrence": {
                        "frequency": "Hour",
                        "interval": 1
                      },
                      "type": "Recurrence"
                    }
                  },
                  "actions": {
                    "HTTP": {
                      "type": "Http",
                      "inputs": {
                        "authentication": {
                          "password": "@parameters('ProofPointPasswordPB')",
                          "type": "Basic",
                          "username": "[parameters('ProofPointUserName')]"
                        },
                        "method": "GET",
                        "uri": "https://tap-api-v2.proofpoint.com/v2/siem/clicks/blocked?format=json&sinceSeconds=3600"
                      }
                    },
                    "Parse_JSON": {
                      "runAfter": {
                        "HTTP": [
                          "Succeeded"
                        ]
                      },
                      "type": "ParseJson",
                      "inputs": {
                        "content": "@body('HTTP')",
                        "schema": {
                          "properties": {
                            "clicksBlocked": {
                              "items": {
                                "properties": {
                                  "campaignId": {
                                    "type": "string"
                                  },
                                  "classification": {
                                    "type": "string"
                                  },
                                  "clickIP": {
                                    "type": "string"
                                  },
                                  "clickTime": {
                                    "type": "string"
                                  },
                                  "messageID": {
                                    "type": "string"
                                  },
                                  "recipient": {
                                    "type": "string"
                                  },
                                  "sender": {
                                    "type": "string"
                                  },
                                  "senderIP": {
                                    "type": "string"
                                  },
                                  "threatID": {
                                    "type": "string"
                                  },
                                  "threatTime": {
                                    "type": "string"
                                  },
                                  "threatURL": {
                                    "type": "string"
                                  },
                                  "url": {
                                    "type": "string"
                                  },
                                  "userAgent": {
                                    "type": "string"
                                  }
                                },
                                "required": [
                                  "campaignId",
                                  "classification",
                                  "clickIP",
                                  "clickTime",
                                  "messageID",
                                  "recipient",
                                  "sender",
                                  "senderIP",
                                  "threatID",
                                  "threatTime",
                                  "threatURL",
                                  "url",
                                  "userAgent"
                                ],
                                "type": "object"
                              },
                              "type": "array"
                            },
                            "queryEndTime": {
                              "type": "string"
                            }
                          },
                          "type": "object"
                        }
                      }
                    },
                    "clicksBlocked": {
                      "foreach": "@body('Parse_JSON')?['clicksBlocked']",
                      "actions": {
                        "Send_Data": {
                          "type": "ApiConnection",
                          "inputs": {
                            "body": "@{items('clicksBlocked')}",
                            "headers": {
                              "Log-Type": "ProofPointData"
                            },
                            "host": {
                              "connection": {
                                "name": "@parameters('$connections')['azureloganalyticsdatacollector']['connectionId']"
                              }
                            },
                            "method": "post",
                            "path": "/api/logs"
                          }
                        }
                      },
                      "runAfter": {
                        "Parse_JSON": [
                          "Succeeded"
                        ]
                      },
                      "type": "Foreach"
                    }
                  }
                },
                "parameters": {
                  "ProofPointPasswordPB": {
                    "value": "[parameters('ProofPointPassword')]"
                  },
                  "$connections": {
                    "value": {
                      "azureloganalyticsdatacollector": {
                        "connectionId": "[resourceId('Microsoft.Web/connections', variables('LogAnalyticsConnectionName'))]",
                        "connectionName": "[variables('LogAnalyticsConnectionName')]",
                        "id": "[concat('/subscriptions/', subscription().subscriptionId, '/providers/Microsoft.Web/locations/', variables('workspace-location-inline'), '/managedApis/azureloganalyticsdatacollector')]"
                      }
                    }
                  }
                }
              }
            },
            {
              "type": "Microsoft.OperationalInsights/workspaces/providers/metadata",
              "apiVersion": "2022-01-01-preview",
              "name": "[concat(parameters('workspace'),'/Microsoft.SecurityInsights/',concat('Playbook-', last(split(resourceId('Microsoft.Logic/workflows', 'Get-ProofPointTapEvents'),'/'))))]",
              "properties": {
                "parentId": "[resourceId('Microsoft.Logic/workflows', 'Get-ProofPointTapEvents')]",
                "contentId": "Get-ProofPointTapEvents",
                "kind": "Playbook",
                "version": "1.0",
                "source": {
                  "kind": "Solution",
                  "name": "ProofPointTap",
                  "sourceId": "azuresentinel.azure-sentinel-proofpoint"
                },
                "author": {
                  "name": "Microsoft",
                  "email": "support@microsoft.com"
                },
                "support": {
                  "tier": "Microsoft",
                  "name": "Microsoft Corporation",
                  "email": "support@microsoft.com",
                  "link": "https://support.microsoft.com/"
                }
              }
            }
          ]
        }
      }
    }
  ]
}