{
  "$schema": "https://schema.management.azure.com/schemas/2019-04-01/deploymentTemplate.json#",
  "contentVersion": "1.0.0.0",
  "parameters": {
    "location": {
      "type": "string",
      "minLength": 1,
      "defaultValue": "[resourceGroup().location]",
      "metadata": {
        "description": "Not used, but needed to pass arm-ttk test `Location-Should-Not-Be-Hardcoded`.  We instead use the `workspace-location` which is derived from the LA workspace"
      }
    },
    "workspace-location": {
      "type": "string",
      "defaultValue": "",
      "metadata": {
        "description": "[concat('Region to deploy solution resources -- separate from location selection',parameters('location'))]"
      }
    },
    "workspace": {
      "defaultValue": "",
      "type": "string",
      "metadata": {
        "description": "Workspace name for Log Analytics where Microsoft Sentinel is setup"
      }
    }
  },
  "variables": {},
  "resources": [
    {
      "type": "Microsoft.OperationalInsights/workspaces/providers/packages",
      "location": "[parameters('workspace-location')]",
      "apiVersion": "2022-08-01",
      "properties": {
        "packageKind": "Standalone",
        "packageItems": {
          "resources": [
            {
              "type": "Microsoft.OperationalInsights/workspaces/providers/contentTemplates",
              "name": "[concat(parameters('workspace'),'/Microsoft.SecurityInsights/', '6267ce44-1e9d-471b-9f1e-ae76a6b7aa84')]",
              "location": "[parameters('workspace-location')]",
              "apiVersion": "2022-08-01",
              "properties": {
                "contentId": "6267ce44-1e9d-471b-9f1e-ae76a6b7aa84",
                "displayName": "Mass Download & copy to USB device by single user",
                "contentKind": "AnalyticsRule",
                "mainTemplate": {
                  "$schema": "https://schema.management.azure.com/schemas/2019-04-01/deploymentTemplate.json#",
                  "contentVersion": "1.0.2",
                  "resources": [
                    {
                      "type": "Microsoft.OperationalInsights/workspaces/providers/alertRules",
                      "apiVersion": "2022-04-01-preview",
                      "name": "6267ce44-1e9d-471b-9f1e-ae76a6b7aa84",
                      "kind": "Scheduled",
                      "location": "[parameters('workspace-location')]",
                      "properties": {
                        "description": "This query looks for any mass download by a single user with possible file copy activity to a new USB drive. Malicious insiders may perform such activities that may cause harm to the organization. \nThis query could also reveal unintentional insider that had no intention of malicious activity but their actions may impact an organizations security posture.\nReference:https://docs.microsoft.com/defender-cloud-apps/policy-template-reference",
                        "displayName": "Mass Download & copy to USB device by single user",
                        "enabled": false,
                        "query": "let Alerts = SecurityAlert\n| where AlertName =~ \"mass download by a single user\"\n| where Status != 'Resolved'\n| extend ipEnt = parse_json(Entities), accountEnt = parse_json(Entities)\n| mv-apply tempParams = ipEnt on (\nmv-expand ipEnt\n| where ipEnt.Type == \"ip\" \n| extend IpAddress = tostring(ipEnt.Address)\n)\n| mv-apply tempParams = accountEnt on (\nmv-expand accountEnt\n| where accountEnt.Type == \"account\"\n| extend AADUserId = tostring(accountEnt.AadUserId)\n)\n| extend Alert_TimeGenerated = TimeGenerated\n| distinct Alert_TimeGenerated, IpAddress, AADUserId, DisplayName, Description, ProductName, ExtendedProperties, Entities, Status, CompromisedEntity\n;\nlet CA_Events = CloudAppEvents\n| where ActionType == \"FileDownloaded\"\n| extend parsed = parse_json(RawEventData)\n| extend UserId = tostring(parsed.UserId)\n| extend FileName = tostring(parsed.SourceFileName)\n| extend FileExtension = tostring(parsed.SourceFileExtension)\n| summarize CloudAppEvent_StartTime = min(TimeGenerated), CloudAppEvent_EndTime = max(TimeGenerated), CloudAppEvent_Files = make_set(FileName), FileCount = dcount(FileName) by Application, AccountObjectId, UserId, IPAddress, City, CountryCode\n| extend CloudAppEvents_Details = pack_all();\nlet CA_Alerts_Events = Alerts | join kind=inner (CA_Events)\non $left.AADUserId == $right.AccountObjectId and $left.IpAddress == $right.IPAddress\n// Cloud app event comes before Alert\n| where CloudAppEvent_EndTime <= Alert_TimeGenerated\n| project Alert_TimeGenerated, UserId, AADUserId, IPAddress, CloudAppEvents_Details, CloudAppEvent_Files\n;\n// setup list to filter DeviceFileEvents for only files downloaded as indicated by CloudAppEvents\nlet CA_FileList = CA_Alerts_Events | project CloudAppEvent_Files;\nCA_Alerts_Events\n| join kind=inner ( DeviceFileEvents\n| where ActionType in (\"FileCreated\", \"FileRenamed\")\n| where FileName in~ (CA_FileList)\n| summarize DeviceFileEvent_StartTime = min(TimeGenerated), DeviceFileEvent_EndTime = max(TimeGenerated), DeviceFileEvent_Files = make_set(FolderPath), DeviceFileEvent_FileCount = dcount(FolderPath) by InitiatingProcessAccountUpn, DeviceId, DeviceName, InitiatingProcessFolderPath, InitiatingProcessParentFileName//, InitiatingProcessCommandLine\n| extend DeviceFileEvents_Details = pack_all()\n) on $left.UserId == $right.InitiatingProcessAccountUpn\n| where DeviceFileEvent_StartTime >= Alert_TimeGenerated\n| join kind=inner (\n// get device events where a USB drive was mounted\nDeviceEvents\n| where ActionType == \"UsbDriveMounted\"\n| extend parsed = parse_json(AdditionalFields)\n| extend USB_DriveLetter = tostring(AdditionalFields.DriveLetter), USB_ProductName = tostring(AdditionalFields.ProductName), USB_Volume = tostring(AdditionalFields.Volume)\n| where isnotempty(USB_DriveLetter)\n| project USB_TimeGenerated = TimeGenerated, DeviceId, USB_DriveLetter, USB_ProductName, USB_Volume\n| extend USB_Details = pack_all()\n)  \non DeviceId\n// USB event occurs after the Alert\n| where USB_TimeGenerated >= Alert_TimeGenerated\n| mv-expand DeviceFileEvent_Files\n| extend DeviceFileEvent_Files = tostring(DeviceFileEvent_Files)\n// make sure that we only pickup the files that have the USB drive letter\n| where DeviceFileEvent_Files startswith USB_DriveLetter\n| summarize USB_Drive_MatchedFiles = make_set_if(DeviceFileEvent_Files, DeviceFileEvent_Files startswith USB_DriveLetter) by Alert_TimeGenerated, USB_TimeGenerated, UserId, AADUserId, DeviceId, DeviceName, IPAddress, CloudAppEvents_Details = tostring(CloudAppEvents_Details), DeviceFileEvents_Details = tostring(DeviceFileEvents_Details), USB_Details = tostring(USB_Details)\n| extend InitiatingProcessFileName = tostring(split(todynamic(DeviceFileEvents_Details).InitiatingProcessFolderPath, \"\\\\\")[-1]), InitiatingProcessFolderPath = tostring(todynamic(DeviceFileEvents_Details).InitiatingProcessFolderPath)\n",
                        "queryFrequency": "P1D",
                        "queryPeriod": "P1D",
                        "severity": "Medium",
                        "status": "Available",
                        "suppressionDuration": "PT1H",
                        "suppressionEnabled": false,
                        "triggerOperator": "GreaterThan",
                        "triggerThreshold": 0,
                        "tactics": [
                          "Exfiltration"
                        ],
                        "techniques": [
                          "T1052"
                        ],
                        "entityMappings": [
                          {
                            "entityType": "Account",
                            "fieldMappings": [
                              {
                                "columnName": "AADUserId",
                                "identifier": "AadUserId"
                              },
                              {
                                "columnName": "UserId",
                                "identifier": "FullName"
                              }
                            ]
                          },
                          {
                            "entityType": "File",
                            "fieldMappings": [
                              {
                                "columnName": "InitiatingProcessFileName",
                                "identifier": "Name"
                              },
                              {
                                "columnName": "InitiatingProcessFolderPath",
                                "identifier": "Directory"
                              }
                            ]
                          },
                          {
                            "entityType": "Host",
                            "fieldMappings": [
                              {
                                "columnName": "DeviceName",
                                "identifier": "HostName"
                              }
                            ]
                          },
                          {
                            "entityType": "IP",
                            "fieldMappings": [
                              {
                                "columnName": "IPAddress",
                                "identifier": "Address"
                              }
                            ]
                          }
                        ],
                        "requiredDataConnectors": [
                          {
                            "connectorId": "MicrosoftCloudAppSecurity",
                            "dataTypes": [
                              "SecurityAlert"
                            ]
                          },
                          {
                            "connectorId": "MicrosoftThreatProtection",
                            "dataTypes": [
                              "CloudAppEvents",
                              "DeviceEvents",
                              "DeviceFileEvents"
                            ]
                          }
                        ]
                      }
                    },
                    {
                      "type": "Microsoft.OperationalInsights/workspaces/providers/metadata",
                      "apiVersion": "2021-03-01-preview",
                      "properties": {
                        "description": "This query looks for any mass download by a single user with possible file copy activity to a new USB drive. Malicious insiders may perform such activities that may cause harm to the organization. \nThis query could also reveal unintentional insider that had no intention of malicious activity but their actions may impact an organizations security posture.\nReference:https://docs.microsoft.com/defender-cloud-apps/policy-template-reference",
                        "version": "1.0.2",
                        "author": {
                          "name": "Jessen"
                        },
                        "support": {
                          "tier": "Community",
                          "name": "Community",
                          "link": "https://github.com/Azure/Azure-Sentinel/issues"
                        },
                        "source": {
                          "kind": "Community",
                          "name": "Standalone"
                        },
                        "threatAnalysisTactics": [
                          "Exfiltration"
                        ],
                        "threatAnalyticsTechniques": [
                          "T1052"
                        ],
                        "contentId": "6267ce44-1e9d-471b-9f1e-ae76a6b7aa84",
                        "parentId": "6267ce44-1e9d-471b-9f1e-ae76a6b7aa84",
                        "kind": "AnalyticsRule",
                        "dependencies": {
                          "operator": "AND",
                          "criteria": [
                            {
                              "contentId": "SecurityAlert",
                              "kind": "DataType"
                            },
                            {
                              "contentId": "CloudAppEvents",
                              "kind": "DataType"
                            },
                            {
                              "contentId": "DeviceEvents",
                              "kind": "DataType"
                            },
                            {
                              "contentId": "DeviceFileEvents",
                              "kind": "DataType"
                            }
                          ]
                        }
                      }
                    }
                  ]
                }
              }
            }
          ]
        },
        "author": {
          "name": "Jessen"
        },
        "categories": {
          "domains": [
            "Security - Others"
          ]
        },
        "dependencies": {
          "operator": "AND",
          "criteria": [
            {
              "contentId": "6267ce44-1e9d-471b-9f1e-ae76a6b7aa84",
              "kind": "AnalyticsRule"
            }
          ]
        },
        "description": "This query looks for any mass download by a single user with possible file copy activity to a new USB drive. Malicious insiders may perform such activities that may cause harm to the organization. \nThis query could also reveal unintentional insider that had no intention of malicious activity but their actions may impact an organizations security posture.\nReference:https://docs.microsoft.com/defender-cloud-apps/policy-template-reference",
        "displayName": "Mass Download & copy to USB device by single user",
        "packageId": "6267ce44-1e9d-471b-9f1e-ae76a6b7aa84",
        "source": {
          "kind": "Community",
          "name": "Standalone"
        },
        "support": {
          "tier": "Community",
          "name": "Community",
          "link": "https://github.com/Azure/Azure-Sentinel/issues"
        },
        "threatAnalysisTactics": [
          "Exfiltration"
        ],
        "threatAnalyticsTechniques": [
          "T1052"
        ],
        "version": "1.0.2"
      },
      "name": "[concat(parameters('workspace'),'/Microsoft.SecurityInsights/', '6267ce44-1e9d-471b-9f1e-ae76a6b7aa84')]"
    }
  ]
}