{
  "$schema": "https://schema.management.azure.com/schemas/2019-04-01/deploymentTemplate.json#",
  "contentVersion": "1.0.0.0",
  "parameters": {
    "location": {
      "type": "string",
      "minLength": 1,
      "defaultValue": "[resourceGroup().location]",
      "metadata": {
        "description": "Not used, but needed to pass arm-ttk test `Location-Should-Not-Be-Hardcoded`.  We instead use the `workspace-location` which is derived from the LA workspace"
      }
    },
    "workspace-location": {
      "type": "string",
      "defaultValue": "",
      "metadata": {
        "description": "[concat('Region to deploy solution resources -- separate from location selection',parameters('location'))]"
      }
    },
    "workspace": {
      "defaultValue": "",
      "type": "string",
      "metadata": {
        "description": "Workspace name for Log Analytics where Microsoft Sentinel is setup"
      }
    }
  },
  "variables": {},
  "resources": [
    {
      "type": "Microsoft.OperationalInsights/workspaces/providers/packages",
      "location": "[parameters('workspace-location')]",
      "apiVersion": "2022-08-01",
      "properties": {
        "packageKind": "Standalone",
        "packageItems": {
          "resources": [
            {
              "type": "Microsoft.OperationalInsights/workspaces/providers/contentTemplates",
              "name": "[concat(parameters('workspace'),'/Microsoft.SecurityInsights/', 'b7918a0a-c6fe-4b6d-9111-b0b0c477f1a8')]",
              "location": "[parameters('workspace-location')]",
              "kind": "shared",
              "apiVersion": "2022-08-01",
              "properties": {
                "contentId": "b7918a0a-c6fe-4b6d-9111-b0b0c477f1a8",
                "displayName": "Login attempts using Legacy Auth",
                "contentKind": "HuntingQuery",
                "mainTemplate": {
                  "$schema": "https://schema.management.azure.com/schemas/2019-04-01/deploymentTemplate.json#",
                  "contentVersion": "1.0.0",
                  "resources": [
                    {
                      "type": "Microsoft.OperationalInsights/savedSearches",
                      "apiVersion": "2020-08-01",
                      "name": "b7918a0a-c6fe-4b6d-9111-b0b0c477f1a8",
                      "location": "[parameters('workspace-location')]",
                      "properties": {
                        "eTag": "*",
                        "displayName": "Login attempts using Legacy Auth",
                        "category": "Hunting Queries",
                        "query": "\nlet starttime = todatetime('{{StartTimeISO}}');\nlet endtime = todatetime('{{EndTimeISO}}');\nlet lookback = totimespan((endtime-starttime)*7);\nlet legacy_auth_protocols = dynamic([\"Authenticated SMTP\", \"AutoDiscover\", \"Exchange ActiveSync\", \"Exchange Online PowerShell\", \"Exchange Web Services\", \"IMAP4\", \"MAPI Over HTTP\", \"Outlook Anywhere (RPC over HTTP)\", \"Outlook Service\", \"POP3\", \"Reporting Web Services\", \"Other clients\"]);\nlet legacyAuthentications =\nSigninLogs\n| where TimeGenerated >= ago(lookback)\n// success logons only\n| where ResultType == 0\n| extend ClientAppUsed = iff(isempty(ClientAppUsed)==true,\"Unknown\" ,ClientAppUsed)\n| extend isLegacyAuth = iff(ClientAppUsed in (legacy_auth_protocols), \"Yes\", \"No\")\n| where isLegacyAuth==\"Yes\";\nlegacyAuthentications\n| where TimeGenerated >= starttime\n// Don't alert for accounts already seen using legacy auth in prior 7 days\n| join kind=leftanti (\n   legacyAuthentications\n   | where TimeGenerated between(ago(lookback)..starttime)\n) on UserPrincipalName, ClientAppUsed, AppDisplayName, IPAddress\n| extend OS = DeviceDetail.operatingSystem, Browser = DeviceDetail.browser\n| extend LocationString= strcat(tostring(LocationDetails[\"countryOrRegion\"]), \"/\",\ntostring(LocationDetails[\"state\"]), \"/\", tostring(LocationDetails[\"city\"]))\n| summarize StartTime = min(TimeGenerated), EndTime = max(TimeGenerated), AttemptCount = count()\nby UserPrincipalName, ClientAppUsed, AppDisplayName, IPAddress, isLegacyAuth, tostring(OS), tostring(Browser), LocationString\n| sort by AttemptCount desc nulls last\n| extend timestamp = StartTime, AccountCustomEntity = UserPrincipalName, IPCustomEntity = IPAddress\n",
                        "version": 2,
                        "tags": [
                          {
                            "name": "description",
                            "value": "This query over Azure AD sign-in activity highlights use of legacy authentication protocol in the\nenvironment. Because conditional access policies are not evaluated when legacy authentication is used,\nlegacy authentication can be used to circumvent all Azure Conditional Access policies."
                          },
                          {
                            "name": "techniques",
                            "value": ""
                          },
                          {
                            "name": "tactics",
                            "value": "InitialAccess,Persistence"
                          }
                        ]
                      }
                    },
                    {
                      "type": "Microsoft.OperationalInsights/workspaces/providers/metadata",
                      "apiVersion": "2021-03-01-preview",
                      "name": "[concat(parameters('workspace'),'/Microsoft.SecurityInsights/',concat('huntingQuery-', 'b7918a0a-c6fe-4b6d-9111-b0b0c477f1a8'))]",
                      "properties": {
                        "description": "This query over Azure AD sign-in activity highlights use of legacy authentication protocol in the\nenvironment. Because conditional access policies are not evaluated when legacy authentication is used,\nlegacy authentication can be used to circumvent all Azure Conditional Access policies.",
                        "version": "1.0.0",
                        "author": {
                          "name": "Shain"
                        },
                        "support": {
                          "tier": "Community",
                          "name": "Community",
                          "link": "https://github.com/Azure/Azure-Sentinel/issues"
                        },
                        "source": {
                          "kind": "Community",
                          "name": "Standalone"
                        },
                        "threatAnalysisTactics": [
                          "InitialAccess",
                          "Persistence"
                        ],
                        "threatAnalyticsTechniques": [
                          "T1078",
                          "T1098"
                        ],
                        "contentId": "b7918a0a-c6fe-4b6d-9111-b0b0c477f1a8",
                        "parentId": "b7918a0a-c6fe-4b6d-9111-b0b0c477f1a8",
                        "kind": "HuntingQuery",
                        "dependencies": {
                          "operator": "AND",
                          "criteria": [
                            {
                              "contentId": "SigninLogs",
                              "kind": "DataType"
                            }
                          ]
                        }
                      }
                    }
                  ]
                }
              }
            }
          ]
        },
        "author": {
          "name": "Shain"
        },
        "categories": {
          "domains": [
            "Security - Other",
            "Identity"
          ]
        },
        "dependencies": {
          "operator": "AND",
          "criteria": [
            {
              "contentId": "b7918a0a-c6fe-4b6d-9111-b0b0c477f1a8",
              "kind": "HuntingQuery"
            }
          ]
        },
        "description": "This query over Azure AD sign-in activity highlights use of legacy authentication protocol in the\nenvironment. Because conditional access policies are not evaluated when legacy authentication is used,\nlegacy authentication can be used to circumvent all Azure Conditional Access policies.",
        "displayName": "Login attempts using Legacy Auth",
        "packageId": "b7918a0a-c6fe-4b6d-9111-b0b0c477f1a8",
        "source": {
          "kind": "Community",
          "name": "Standalone"
        },
        "support": {
          "tier": "Community",
          "name": "Community",
          "link": "https://github.com/Azure/Azure-Sentinel/issues"
        },
        "threatAnalysisTactics": [
          "InitialAccess",
          "Persistence"
        ],
        "threatAnalyticsTechniques": [
          "T1078",
          "T1098"
        ],
        "version": "1.0.0"
      },
      "name": "b7918a0a-c6fe-4b6d-9111-b0b0c477f1a8"
    }
  ]
}