{
  "$schema": "https://schema.management.azure.com/schemas/2019-04-01/deploymentTemplate.json#",
  "contentVersion": "1.0.1",
  "parameters": {
    "location": {
      "type": "string",
      "minLength": 1,
      "defaultValue": "[resourceGroup().location]",
      "metadata": {
        "description": "Not used, but needed to pass arm-ttk test `Location-Should-Not-Be-Hardcoded`.  We instead use the `workspace-location` which is derived from the LA workspace"
      }
    },
    "workspace": {
      "defaultValue": "",
      "type": "string",
      "metadata": {
        "description": "Workspace name for Log Analytics where Microsoft Sentinel is setup"
      }
    },
    "workspace-location": {
      "type": "string",
      "defaultValue": "",
      "metadata": {
        "description": "[concat('Region to deploy solution resources -- separate from location selection',parameters('location'))]"
      }
    }
  },
  "resources": [
    {
      "type": "Microsoft.OperationalInsights/workspaces/providers/contentTemplates",
      "name": "[concat(parameters('workspace'),'/Microsoft.SecurityInsights/',concat(concat(parameters('workspace'),'-ar-',uniquestring('d6491be0-ab2d-439d-95d6-ad8ea39277c5')),'1.0.1'))]",
      "location": "[parameters('workspace-location')]",
      "apiVersion": "2022-08-01",
      "dependsOn": [
        "[extensionResourceId(resourceId('Microsoft.OperationalInsights/workspaces', parameters('workspace')), 'Microsoft.SecurityInsights/contentPackages', 'azuresentinel.azure-sentinel-solution-azurekeyvault')]"
      ],
      "properties": {
        "contentId": "d6491be0-ab2d-439d-95d6-ad8ea39277c5",
        "displayName": "Sensitive Azure Key Vault operations",
        "contentKind": "AnalyticsRule",
        "mainTemplate": {
          "resources": [
            {
              "type": "Microsoft.SecurityInsights/AlertRuleTemplates",
              "name": "d6491be0-ab2d-439d-95d6-ad8ea39277c5",
              "apiVersion": "2022-04-01-preview",
              "kind": "Scheduled",
              "location": "[parameters('workspace-location')]",
              "properties": {
                "description": "Identifies when sensitive Azure Key Vault operations are used. This includes: VaultDelete, KeyDelete, SecretDelete, SecretPurge, KeyPurge, SecretBackup, KeyBackup. \nAny Backup operations should match with expected scheduled backup activity.",
                "displayName": "Sensitive Azure Key Vault operations",
                "enabled": false,
                "query": "\nlet SensitiveOperationList = dynamic(\n[\"VaultDelete\", \"KeyDelete\", \"SecretDelete\", \"SecretPurge\", \"KeyPurge\", \"SecretBackup\", \"KeyBackup\"]);\nAzureDiagnostics\n| extend ResultType = columnifexists(\"ResultType\", \"NoResultType\")\n| extend requestUri_s = columnifexists(\"requestUri_s\", \"None\"), identity_claim_http_schemas_microsoft_com_identity_claims_objectidentifier_g = columnifexists(\"identity_claim_http_schemas_microsoft_com_identity_claims_objectidentifier_g\", \"None\")\n| extend id_s = columnifexists(\"id_s\", \"None\"), CallerIPAddress = columnifexists(\"CallerIPAddress\", \"None\"), clientInfo_s = columnifexists(\"clientInfo_s\", \"None\")\n| where ResultType !~ \"None\" and isnotempty(ResultType)\n| where identity_claim_http_schemas_microsoft_com_identity_claims_objectidentifier_g !~ \"None\" and isnotempty(identity_claim_http_schemas_microsoft_com_identity_claims_objectidentifier_g)\n| where id_s !~ \"None\" and isnotempty(id_s)\n| where CallerIPAddress !~ \"None\" and isnotempty(CallerIPAddress)\n| where clientInfo_s !~ \"None\" and isnotempty(clientInfo_s)\n| where requestUri_s !~ \"None\" and isnotempty(requestUri_s)\n| where ResourceType =~ \"VAULTS\" and ResultType =~ \"Success\" \n| where OperationName in~ (SensitiveOperationList)  \n| summarize EventCount=count(), StartTimeUtc=min(TimeGenerated), EndTimeUtc=max(TimeGenerated), TimeTriggered=makelist(TimeGenerated),OperationNameList=make_set(OperationName), RequestURLList=make_set(requestUri_s), CallerIPList = make_set(CallerIPAddress),  CallerIPMax= arg_max(CallerIPAddress,*) by ResourceType, ResultType, Resource, id_s, identity_claim_http_schemas_microsoft_com_identity_claims_objectidentifier_g, clientInfo_s\n| extend timestamp = StartTimeUtc, IPCustomEntity = CallerIPMax, AccountCustomEntity = identity_claim_http_schemas_microsoft_com_identity_claims_objectidentifier_g\n",
                "queryFrequency": "P1D",
                "queryPeriod": "P1D",
                "severity": "Low",
                "suppressionDuration": "PT1H",
                "suppressionEnabled": false,
                "triggerOperator": "GreaterThan",
                "triggerThreshold": 0,
                "status": "Available",
                "requiredDataConnectors": [
                  {
                    "connectorId": "AzureKeyVault",
                    "dataTypes": [
                      "KeyVaultData"
                    ]
                  }
                ],
                "tactics": [
                  "Impact"
                ],
                "entityMappings": [
                  {
                    "entityType": "Account",
                    "fieldMappings": [
                      {
                        "identifier": "FullName",
                        "columnName": "AccountCustomEntity"
                      }
                    ]
                  },
                  {
                    "entityType": "IP",
                    "fieldMappings": [
                      {
                        "identifier": "Address",
                        "columnName": "IPCustomEntity"
                      }
                    ]
                  }
                ]
              }
            },
            {
              "type": "Microsoft.OperationalInsights/workspaces/providers/metadata",
              "apiVersion": "2022-01-01-preview",
              "name": "[concat(parameters('workspace'),'/Microsoft.SecurityInsights/',concat('AnalyticsRule-', last(split(resourceId('Microsoft.SecurityInsights/AlertRuleTemplates', 'd6491be0-ab2d-439d-95d6-ad8ea39277c5'),'/'))))]",
              "properties": {
                "description": "Azure Key Vault Analytics Rule 1",
                "parentId": "[resourceId('Microsoft.SecurityInsights/AlertRuleTemplates', 'd6491be0-ab2d-439d-95d6-ad8ea39277c5')]",
                "contentId": "d6491be0-ab2d-439d-95d6-ad8ea39277c5",
                "kind": "AnalyticsRule",
                "version": "1.0.1",
                "source": {
                  "kind": "Solution",
                  "name": "Azure Key Vault",
                  "sourceId": "azuresentinel.azure-sentinel-solution-azurekeyvault"
                },
                "author": {
                  "name": "Microsoft",
                  "email": "support@microsoft.com"
                },
                "support": {
                  "name": "Microsoft Corporation",
                  "email": "support@microsoft.com",
                  "tier": "Microsoft",
                  "link": "https://support.microsoft.com"
                }
              }
            }
          ]
        }
      }
    }
  ]
}