{
  "$schema": "https://schema.management.azure.com/schemas/2019-04-01/deploymentTemplate.json#",
  "contentVersion": "1.0.4",
  "parameters": {
    "location": {
      "type": "string",
      "minLength": 1,
      "defaultValue": "[resourceGroup().location]",
      "metadata": {
        "description": "Not used, but needed to pass arm-ttk test `Location-Should-Not-Be-Hardcoded`.  We instead use the `workspace-location` which is derived from the LA workspace"
      }
    },
    "workspace": {
      "defaultValue": "",
      "type": "string",
      "metadata": {
        "description": "Workspace name for Log Analytics where Microsoft Sentinel is setup"
      }
    },
    "workspace-location": {
      "type": "string",
      "defaultValue": "",
      "metadata": {
        "description": "[concat('Region to deploy solution resources -- separate from location selection',parameters('location'))]"
      }
    }
  },
  "resources": [
    {
      "type": "Microsoft.OperationalInsights/workspaces/providers/contentTemplates",
      "name": "[concat(parameters('workspace'),'/Microsoft.SecurityInsights/',concat(concat(parameters('workspace'),'-ar-',uniquestring('24f8c234-d1ff-40ec-8b73-96b17a3a9c1c')),'1.0.4'))]",
      "location": "[parameters('workspace-location')]",
      "apiVersion": "2022-08-01",
      "dependsOn": [
        "[extensionResourceId(resourceId('Microsoft.OperationalInsights/workspaces', parameters('workspace')), 'Microsoft.SecurityInsights/contentPackages', 'azuresentinel.azure-sentinel-solution-azurekeyvault')]"
      ],
      "properties": {
        "contentId": "24f8c234-d1ff-40ec-8b73-96b17a3a9c1c",
        "displayName": "Mass secret retrieval from Azure Key Vault",
        "contentKind": "AnalyticsRule",
        "mainTemplate": {
          "resources": [
            {
              "type": "Microsoft.SecurityInsights/AlertRuleTemplates",
              "name": "24f8c234-d1ff-40ec-8b73-96b17a3a9c1c",
              "apiVersion": "2022-04-01-preview",
              "kind": "Scheduled",
              "location": "[parameters('workspace-location')]",
              "properties": {
                "description": "Identifies mass secret retrieval from Azure Key Vault observed by a single user. \nMass secret retrival crossing a certain threshold is an indication of credential dump operations or mis-configured applications. \nYou can tweak the EventCountThreshold based on average count seen in your environment \nand also filter any known sources (IP/Account) and useragent combinations based on historical analysis to further reduce noise",
                "displayName": "Mass secret retrieval from Azure Key Vault",
                "enabled": false,
                "query": "let EventCountThreshold = 25;\n// To avoid any False Positives, filtering using AppId is recommended.\n// The AppId 509e4652-da8d-478d-a730-e9d4a1996ca4 has been added in the query as it corresponds to Azure Resource Graph performing VaultGet operations for indexing and syncing all tracked resources across Azure.\n// The AppId 8cae6e77-e04e-42ce-b5cb-50d82bce26b1 has been added as it correspond to Microsoft Policy Insights Provider Data Plane performing VaultGet operations for policies checks.\nlet AllowedAppId = dynamic([\"509e4652-da8d-478d-a730-e9d4a1996ca4\",\"8cae6e77-e04e-42ce-b5cb-50d82bce26b1\"]);\nlet OperationList = dynamic([\"SecretGet\", \"KeyGet\", \"VaultGet\"]);\nAzureDiagnostics\n| where OperationName in (OperationList) and ResourceType =~ \"VAULTS\"\n| where not(identity_claim_appid_g in (AllowedAppId) and OperationName == 'VaultGet')\n| extend\n    ResultType = column_ifexists(\"ResultType\", \"\"),\n    identity_claim_http_schemas_microsoft_com_identity_claims_objectidentifier_g = column_ifexists(\"identity_claim_http_schemas_microsoft_com_identity_claims_objectidentifier_g\", \"\"),\n    identity_claim_http_schemas_xmlsoap_org_ws_2005_05_identity_claims_upn_s = column_ifexists(\"identity_claim_http_schemas_xmlsoap_org_ws_2005_05_identity_claims_upn_s\", \"\"),\n    identity_claim_oid_g = column_ifexists(\"identity_claim_oid_g\", \"\"),\n    identity_claim_upn_s = column_ifexists(\"identity_claim_upn_s\", \"\")\n| extend\n    CallerObjectId = iff(isempty(identity_claim_oid_g), identity_claim_http_schemas_microsoft_com_identity_claims_objectidentifier_g, identity_claim_oid_g),\n    CallerObjectUPN = iff(isempty(identity_claim_upn_s), identity_claim_http_schemas_xmlsoap_org_ws_2005_05_identity_claims_upn_s, identity_claim_upn_s)\n| as _Retrievals\n| where CallerObjectId in (toscalar(\n    _Retrievals\n    | where ResultType == \"Success\"\n    | summarize Count = count() by OperationName, CallerObjectId\n    | where Count > EventCountThreshold\n    | summarize make_set(CallerObjectId)\n))\n| extend\n    requestUri_s = column_ifexists(\"requestUri_s\", \"\"),\n    id_s = column_ifexists(\"id_s\", \"\"),\n    CallerIPAddress = column_ifexists(\"CallerIPAddress\", \"\"),\n    clientInfo_s = column_ifexists(\"clientInfo_s\", \"\")\n| summarize\n    EventCount = count(),\n    StartTime = min(TimeGenerated),\n    EndTime = max(TimeGenerated),\n    //TimeTriggered = make_list(TimeGenerated, 50),\n    OperationNameList = make_set(OperationName, 50),\n    RequestURLList = make_set(requestUri_s, 50),\n    CallerIPList = make_set(CallerIPAddress, 50),\n    clientInfo_sList = make_set(clientInfo_s, 50),\n    CallerIPMax = max(CallerIPAddress)\n    //CallerIPMax = arg_max(CallerIPAddress,*)\n    by ResourceType, ResultType, Resource, id_s, identity_claim_appid_g, CallerObjectId, CallerObjectUPN\n| project-reorder StartTime, EndTime, EventCount, ResourceType, Resource, id_s, identity_claim_appid_g, CallerObjectId, CallerObjectUPN, ResultType, OperationNameList, RequestURLList, CallerIPList, clientInfo_sList\n| extend timestamp = EndTime, IPCustomEntity = CallerIPMax, AccountCustomEntity = CallerObjectId\n",
                "queryFrequency": "P1D",
                "queryPeriod": "P1D",
                "severity": "Low",
                "suppressionDuration": "PT1H",
                "suppressionEnabled": false,
                "triggerOperator": "GreaterThan",
                "triggerThreshold": 0,
                "status": "Available",
                "requiredDataConnectors": [
                  {
                    "connectorId": "AzureKeyVault",
                    "dataTypes": [
                      "KeyVaultData"
                    ]
                  }
                ],
                "tactics": [
                  "CredentialAccess"
                ],
                "entityMappings": [
                  {
                    "entityType": "Account",
                    "fieldMappings": [
                      {
                        "identifier": "FullName",
                        "columnName": "AccountCustomEntity"
                      }
                    ]
                  },
                  {
                    "entityType": "IP",
                    "fieldMappings": [
                      {
                        "identifier": "Address",
                        "columnName": "IPCustomEntity"
                      }
                    ]
                  }
                ]
              }
            },
            {
              "type": "Microsoft.OperationalInsights/workspaces/providers/metadata",
              "apiVersion": "2022-01-01-preview",
              "name": "[concat(parameters('workspace'),'/Microsoft.SecurityInsights/',concat('AnalyticsRule-', last(split(resourceId('Microsoft.SecurityInsights/AlertRuleTemplates', '24f8c234-d1ff-40ec-8b73-96b17a3a9c1c'),'/'))))]",
              "properties": {
                "description": "Azure Key Vault Analytics Rule 2",
                "parentId": "[resourceId('Microsoft.SecurityInsights/AlertRuleTemplates', '24f8c234-d1ff-40ec-8b73-96b17a3a9c1c')]",
                "contentId": "24f8c234-d1ff-40ec-8b73-96b17a3a9c1c",
                "kind": "AnalyticsRule",
                "version": "1.0.4",
                "source": {
                  "kind": "Solution",
                  "name": "Azure Key Vault",
                  "sourceId": "azuresentinel.azure-sentinel-solution-azurekeyvault"
                },
                "author": {
                  "name": "Microsoft",
                  "email": "support@microsoft.com"
                },
                "support": {
                  "name": "Microsoft Corporation",
                  "email": "support@microsoft.com",
                  "tier": "Microsoft",
                  "link": "https://support.microsoft.com"
                }
              }
            }
          ]
        }
      }
    }
  ]
}