{
  "$schema": "https://schema.management.azure.com/schemas/2019-04-01/deploymentTemplate.json#",
  "contentVersion": "1.0.2",
  "parameters": {
    "location": {
      "type": "string",
      "minLength": 1,
      "defaultValue": "[resourceGroup().location]",
      "metadata": {
        "description": "Not used, but needed to pass arm-ttk test `Location-Should-Not-Be-Hardcoded`.  We instead use the `workspace-location` which is derived from the LA workspace"
      }
    },
    "workspace": {
      "defaultValue": "",
      "type": "string",
      "metadata": {
        "description": "Workspace name for Log Analytics where Microsoft Sentinel is setup"
      }
    },
    "workspace-location": {
      "type": "string",
      "defaultValue": "",
      "metadata": {
        "description": "[concat('Region to deploy solution resources -- separate from location selection',parameters('location'))]"
      }
    }
  },
  "resources": [
    {
      "type": "Microsoft.OperationalInsights/workspaces/providers/contentTemplates",
      "name": "[concat(parameters('workspace'),'/Microsoft.SecurityInsights/',concat(concat(parameters('workspace'),'-ar-',uniquestring('0914adab-90b5-47a3-a79f-7cdcac843aa7')),'1.0.2'))]",
      "location": "[parameters('workspace-location')]",
      "apiVersion": "2022-08-01",
      "dependsOn": [
        "[extensionResourceId(resourceId('Microsoft.OperationalInsights/workspaces', parameters('workspace')), 'Microsoft.SecurityInsights/contentPackages', 'azuresentinel.azure-sentinel-solution-azurekeyvault')]"
      ],
      "properties": {
        "contentId": "0914adab-90b5-47a3-a79f-7cdcac843aa7",
        "displayName": "Azure Key Vault access TimeSeries anomaly",
        "contentKind": "AnalyticsRule",
        "mainTemplate": {
          "resources": [
            {
              "type": "Microsoft.SecurityInsights/AlertRuleTemplates",
              "name": "0914adab-90b5-47a3-a79f-7cdcac843aa7",
              "apiVersion": "2022-04-01-preview",
              "kind": "Scheduled",
              "location": "[parameters('workspace-location')]",
              "properties": {
                "description": "Indentifies a sudden increase in count of Azure Key Vault secret or vault access operations by CallerIPAddress. The query leverages a built-in KQL anomaly detection algorithm\nto find large deviations from baseline Azure Key Vault access patterns. Any sudden increase in the count of Azure Key Vault accesses can be an\nindication of adversary dumping credentials via automated methods. If you are seeing any noise, try filtering known source(IP/Account) and user-agent combinations.\nTimeSeries Reference Blog: https://techcommunity.microsoft.com/t5/azure-sentinel/looking-for-unknown-anomalies-what-is-normal-time-series/ba-p/555052",
                "displayName": "Azure Key Vault access TimeSeries anomaly",
                "enabled": false,
                "query": "\nlet starttime = 14d;\nlet timeframe = 1d;\nlet scorethreshold = 3;\nlet baselinethreshold = 5;\n// To avoid any False Positives, filtering using AppId is recommended. For example the AppId 509e4652-da8d-478d-a730-e9d4a1996ca4 has been added in the query as it corresponds \n// to Azure Resource Graph performing VaultGet operations for indexing and syncing all tracked resources across Azure.\nlet Allowedappid = dynamic([\"509e4652-da8d-478d-a730-e9d4a1996ca4\"]);\nlet OperationList = dynamic(\n[\"SecretGet\", \"KeyGet\", \"VaultGet\"]);\nlet TimeSeriesData = AzureDiagnostics\n| where TimeGenerated between (startofday(ago(starttime))..startofday(now()))\n| where not((identity_claim_appid_g in (Allowedappid)) and OperationName == 'VaultGet')\n| extend ResultType = columnifexists(\"ResultType\", \"None\"), CallerIPAddress = columnifexists(\"CallerIPAddress\", \"None\")\n| where ResultType !~ \"None\" and isnotempty(ResultType)\n| where CallerIPAddress !~ \"None\" and isnotempty(CallerIPAddress)\n| where ResourceType =~ \"VAULTS\" and ResultType =~ \"Success\"\n| where OperationName in (OperationList)\n| project TimeGenerated, OperationName, Resource, CallerIPAddress\n| make-series HourlyCount=count() on TimeGenerated from startofday(ago(starttime)) to startofday(now()) step timeframe by Resource;\n//Filter anomolies against TimeSeriesData\nlet TimeSeriesAlerts = TimeSeriesData\n| extend (anomalies, score, baseline) = series_decompose_anomalies(HourlyCount, scorethreshold, -1, 'linefit')\n| mv-expand HourlyCount to typeof(double), TimeGenerated to typeof(datetime), anomalies to typeof(double),score to typeof(double), baseline to typeof(long)\n| where anomalies > 0 | extend AnomalyHour = TimeGenerated\n| where baseline > baselinethreshold // Filtering low count events per baselinethreshold\n| project Resource, AnomalyHour, TimeGenerated, HourlyCount, baseline, anomalies, score;\nlet AnomalyHours = TimeSeriesAlerts | where TimeGenerated > ago(2d) | project TimeGenerated;\n// Filter the alerts since specified timeframe\nTimeSeriesAlerts\n| where TimeGenerated > ago(2d)\n// Join against base logs since specified timeframe to retrive records associated with the hour of anomoly\n| join (\nAzureDiagnostics\n| where TimeGenerated > ago(timeframe)\n| where not((identity_claim_appid_g in (Allowedappid)) and OperationName == 'VaultGet')\n| extend DateHour = bin(TimeGenerated, 1h) // create a new column and round to hour\n| where DateHour in ((AnomalyHours)) //filter the dataset to only selected anomaly hours\n| extend ResultType = columnifexists(\"ResultType\", \"NoResultType\")\n| extend requestUri_s = columnifexists(\"requestUri_s\", \"None\"), identity_claim_http_schemas_microsoft_com_identity_claims_objectidentifier_g = columnifexists(\"identity_claim_http_schemas_microsoft_com_identity_claims_objectidentifier_g\", \"None\")\n| extend id_s = columnifexists(\"id_s\", \"None\"), CallerIPAddress = columnifexists(\"CallerIPAddress\", \"None\"), clientInfo_s = columnifexists(\"clientInfo_s\", \"None\")\n| where ResultType !~ \"None\" and isnotempty(ResultType)\n| where identity_claim_http_schemas_microsoft_com_identity_claims_objectidentifier_g !~ \"None\" and isnotempty(identity_claim_http_schemas_microsoft_com_identity_claims_objectidentifier_g)\n| where id_s !~ \"None\" and isnotempty(id_s)\n| where CallerIPAddress !~ \"None\" and isnotempty(CallerIPAddress)\n| where clientInfo_s !~ \"None\" and isnotempty(clientInfo_s)\n| where requestUri_s !~ \"None\" and isnotempty(requestUri_s)\n| where ResourceType =~ \"VAULTS\" and ResultType =~ \"Success\"\n| where OperationName in (OperationList)\n| summarize PerOperationCount=count(), LatestAnomalyTime = arg_max(TimeGenerated,*) by bin(TimeGenerated,1h), Resource, OperationName, id_s, CallerIPAddress, identity_claim_http_schemas_microsoft_com_identity_claims_objectidentifier_g, requestUri_s, clientInfo_s\n) on Resource, TimeGenerated\n| summarize EventCount=count(), OperationNameList = make_set(OperationName), RequestURLList = make_set(requestUri_s, 100), AccountList = make_set(identity_claim_http_schemas_microsoft_com_identity_claims_objectidentifier_g, 100), AccountMax = arg_max(identity_claim_http_schemas_microsoft_com_identity_claims_objectidentifier_g,*) by Resource, id_s, clientInfo_s, LatestAnomalyTime\n| extend timestamp = LatestAnomalyTime, IPCustomEntity = CallerIPAddress, AccountCustomEntity = AccountMax\n",
                "queryFrequency": "P1D",
                "queryPeriod": "P14D",
                "severity": "Low",
                "suppressionDuration": "PT1H",
                "suppressionEnabled": false,
                "triggerOperator": "GreaterThan",
                "triggerThreshold": 0,
                "status": "Available",
                "requiredDataConnectors": [
                  {
                    "connectorId": "AzureKeyVault",
                    "dataTypes": [
                      "KeyVaultData"
                    ]
                  }
                ],
                "tactics": [
                  "CredentialAccess"
                ],
                "entityMappings": [
                  {
                    "entityType": "Account",
                    "fieldMappings": [
                      {
                        "identifier": "FullName",
                        "columnName": "AccountCustomEntity"
                      }
                    ]
                  },
                  {
                    "entityType": "IP",
                    "fieldMappings": [
                      {
                        "identifier": "Address",
                        "columnName": "IPCustomEntity"
                      }
                    ]
                  }
                ]
              }
            },
            {
              "type": "Microsoft.OperationalInsights/workspaces/providers/metadata",
              "apiVersion": "2022-01-01-preview",
              "name": "[concat(parameters('workspace'),'/Microsoft.SecurityInsights/',concat('AnalyticsRule-', last(split(resourceId('Microsoft.SecurityInsights/AlertRuleTemplates', '0914adab-90b5-47a3-a79f-7cdcac843aa7'),'/'))))]",
              "properties": {
                "description": "Azure Key Vault Analytics Rule 3",
                "parentId": "[resourceId('Microsoft.SecurityInsights/AlertRuleTemplates', '0914adab-90b5-47a3-a79f-7cdcac843aa7')]",
                "contentId": "0914adab-90b5-47a3-a79f-7cdcac843aa7",
                "kind": "AnalyticsRule",
                "version": "1.0.2",
                "source": {
                  "kind": "Solution",
                  "name": "Azure Key Vault",
                  "sourceId": "azuresentinel.azure-sentinel-solution-azurekeyvault"
                },
                "author": {
                  "name": "Microsoft",
                  "email": "support@microsoft.com"
                },
                "support": {
                  "name": "Microsoft Corporation",
                  "email": "support@microsoft.com",
                  "tier": "Microsoft",
                  "link": "https://support.microsoft.com"
                }
              }
            }
          ]
        }
      }
    }
  ]
}