{
  "$schema": "https://schema.management.azure.com/schemas/2019-04-01/deploymentTemplate.json#",
  "contentVersion": "1.0.0.0",
  "metadata": {
    "author": "Microsoft - support@microsoft.com",
    "comments": "Solution template for Azure Key Vault"
  },
  "parameters": {
    "location": {
      "type": "string",
      "minLength": 1,
      "defaultValue": "[resourceGroup().location]",
      "metadata": {
        "description": "Not used, but needed to pass arm-ttk test `Location-Should-Not-Be-Hardcoded`.  We instead use the `workspace-location` which is derived from the LA workspace"
      }
    },
    "workspace-location": {
      "type": "string",
      "defaultValue": "",
      "metadata": {
        "description": "[concat('Region to deploy solution resources -- separate from location selection',parameters('location'))]"
      }
    },
    "workspace": {
      "defaultValue": "",
      "type": "string",
      "metadata": {
        "description": "Workspace name for Log Analytics where Microsoft Sentinel is setup"
      }
    }
  },
  "resources": [
    {
      "name": "pid-d893e316-0358-4b79-bfad-4af24138a11d-partnercenter",
      "type": "Microsoft.Resources/deployments",
      "apiVersion": "2020-10-01",
      "properties": {
        "mode": "Incremental",
        "template": {
          "$schema": "https://schema.management.azure.com/schemas/2019-04-01/deploymentTemplate.json#",
          "contentVersion": "1.0.0.0",
          "resources": []
        }
      }
    },
    {
      "type": "Microsoft.OperationalInsights/workspaces/providers/contentTemplates",
      "name": "[concat(parameters('workspace'),'/Microsoft.SecurityInsights/',concat(concat(parameters('workspace'),'-dc-',uniquestring('AzureKeyVault')),'1.0.0'))]",
      "location": "[parameters('workspace-location')]",
      "apiVersion": "2022-08-01",
      "dependsOn": [
        "[extensionResourceId(resourceId('Microsoft.OperationalInsights/workspaces', parameters('workspace')), 'Microsoft.SecurityInsights/contentPackages', 'azuresentinel.azure-sentinel-solution-azurekeyvault')]"
      ],
      "properties": {
        "contentId": "AzureKeyVault",
        "displayName": "Azure Key Vault",
        "contentKind": "DataConnector",
        "mainTemplate": {
          "resources": [
            {
              "name": "[concat(parameters('workspace'),'/Microsoft.SecurityInsights/','AzureKeyVault')]",
              "apiVersion": "2021-03-01-preview",
              "type": "Microsoft.OperationalInsights/workspaces/providers/dataConnectors",
              "location": "[parameters('workspace-location')]",
              "kind": "StaticUI",
              "properties": {
                "connectorUiConfig": {
                  "id": "AzureKeyVault",
                  "title": "Azure Key Vault",
                  "publisher": "Microsoft",
                  "descriptionMarkdown": "Azure Key Vault is a cloud service for securely storing and accessing secrets. A secret is anything that you want to tightly control access to, such as API keys, passwords, certificates, or cryptographic keys.   This connector lets you stream your Azure Key Vault diagnostics logs into Microsoft Sentinel, allowing you to continuously monitor activity in all your instances. ",
                  "graphQueries": [
                    {
                      "metricName": "Total data received",
                      "legend": "AzureDiagnostics",
                      "baseQuery": "AzureDiagnostics | where ResourceProvider == \"MICROSOFT.KEYVAULT\""
                    }
                  ],
                  "connectivityCriterias": [
                    {
                      "type": "IsConnectedQuery",
                      "value": [
                        "AzureDiagnostics | where ResourceProvider == \"MICROSOFT.KEYVAULT\"\n            | summarize LastLogReceived = max(TimeGenerated)\n            | project IsConnected = LastLogReceived > ago(7d)"
                      ]
                    }
                  ],
                  "dataTypes": [
                    {
                      "name": "KeyVaultData",
                      "lastDataReceivedQuery": "AzureDiagnostics | where ResourceProvider == \"MICROSOFT.KEYVAULT\"\n            | summarize Time = max(TimeGenerated)\n            | where isnotempty(Time)"
                    }
                  ]
                }
              }
            },
            {
              "type": "Microsoft.OperationalInsights/workspaces/providers/metadata",
              "apiVersion": "2022-01-01-preview",
              "name": "[concat(parameters('workspace'),'/Microsoft.SecurityInsights/',concat('DataConnector-', last(split(extensionResourceId(resourceId('Microsoft.OperationalInsights/workspaces', parameters('workspace')), 'Microsoft.SecurityInsights/dataConnectors', 'AzureKeyVault'),'/'))))]",
              "properties": {
                "parentId": "[extensionResourceId(resourceId('Microsoft.OperationalInsights/workspaces', parameters('workspace')), 'Microsoft.SecurityInsights/dataConnectors', 'AzureKeyVault')]",
                "contentId": "AzureKeyVault",
                "kind": "DataConnector",
                "version": "1.0.0",
                "source": {
                  "kind": "Solution",
                  "name": "Azure Key Vault",
                  "sourceId": "azuresentinel.azure-sentinel-solution-azurekeyvault"
                },
                "author": {
                  "name": "Microsoft",
                  "email": "support@microsoft.com"
                },
                "support": {
                  "name": "Microsoft Corporation",
                  "email": "support@microsoft.com",
                  "tier": "Microsoft",
                  "link": "https://support.microsoft.com"
                }
              }
            }
          ]
        }
      }
    },
    {
      "type": "Microsoft.OperationalInsights/workspaces/providers/metadata",
      "apiVersion": "2022-01-01-preview",
      "name": "[concat(parameters('workspace'),'/Microsoft.SecurityInsights/',concat('DataConnector-', last(split(extensionResourceId(resourceId('Microsoft.OperationalInsights/workspaces', parameters('workspace')), 'Microsoft.SecurityInsights/dataConnectors', 'AzureKeyVault'),'/'))))]",
      "dependsOn": [
        "[extensionResourceId(resourceId('Microsoft.OperationalInsights/workspaces', parameters('workspace')), 'Microsoft.SecurityInsights/dataConnectors', 'AzureKeyVault')]"
      ],
      "location": "[parameters('workspace-location')]",
      "properties": {
        "parentId": "[extensionResourceId(resourceId('Microsoft.OperationalInsights/workspaces', parameters('workspace')), 'Microsoft.SecurityInsights/dataConnectors', 'AzureKeyVault')]",
        "contentId": "AzureKeyVault",
        "kind": "DataConnector",
        "version": "1.0.0",
        "source": {
          "kind": "Solution",
          "name": "Azure Key Vault",
          "sourceId": "azuresentinel.azure-sentinel-solution-azurekeyvault"
        },
        "author": {
          "name": "Microsoft",
          "email": "support@microsoft.com"
        },
        "support": {
          "name": "Microsoft Corporation",
          "email": "support@microsoft.com",
          "tier": "Microsoft",
          "link": "https://support.microsoft.com"
        }
      }
    },
    {
      "name": "[concat(parameters('workspace'),'/Microsoft.SecurityInsights/','AzureKeyVault')]",
      "apiVersion": "2021-03-01-preview",
      "type": "Microsoft.OperationalInsights/workspaces/providers/dataConnectors",
      "location": "[parameters('workspace-location')]",
      "kind": "StaticUI",
      "properties": {
        "connectorUiConfig": {
          "title": "Azure Key Vault",
          "publisher": "Microsoft",
          "descriptionMarkdown": "Azure Key Vault is a cloud service for securely storing and accessing secrets. A secret is anything that you want to tightly control access to, such as API keys, passwords, certificates, or cryptographic keys.   This connector lets you stream your Azure Key Vault diagnostics logs into Microsoft Sentinel, allowing you to continuously monitor activity in all your instances. ",
          "graphQueries": [
            {
              "metricName": "Total data received",
              "legend": "AzureDiagnostics",
              "baseQuery": "AzureDiagnostics | where ResourceProvider == \"MICROSOFT.KEYVAULT\""
            }
          ],
          "dataTypes": [
            {
              "name": "KeyVaultData",
              "lastDataReceivedQuery": "AzureDiagnostics | where ResourceProvider == \"MICROSOFT.KEYVAULT\"\n            | summarize Time = max(TimeGenerated)\n            | where isnotempty(Time)"
            }
          ],
          "connectivityCriterias": [
            {
              "type": "IsConnectedQuery",
              "value": [
                "AzureDiagnostics | where ResourceProvider == \"MICROSOFT.KEYVAULT\"\n            | summarize LastLogReceived = max(TimeGenerated)\n            | project IsConnected = LastLogReceived > ago(7d)"
              ]
            }
          ],
          "id": "AzureKeyVault"
        }
      }
    },
    {
      "type": "Microsoft.OperationalInsights/workspaces/providers/contentTemplates",
      "name": "[concat(parameters('workspace'),'/Microsoft.SecurityInsights/',concat(concat(parameters('workspace'),'-ar-',uniquestring('d6491be0-ab2d-439d-95d6-ad8ea39277c5')),'1.0.1'))]",
      "location": "[parameters('workspace-location')]",
      "apiVersion": "2022-08-01",
      "dependsOn": [
        "[extensionResourceId(resourceId('Microsoft.OperationalInsights/workspaces', parameters('workspace')), 'Microsoft.SecurityInsights/contentPackages', 'azuresentinel.azure-sentinel-solution-azurekeyvault')]"
      ],
      "properties": {
        "contentId": "d6491be0-ab2d-439d-95d6-ad8ea39277c5",
        "displayName": "Sensitive Azure Key Vault operations",
        "contentKind": "AnalyticsRule",
        "mainTemplate": {
          "resources": [
            {
              "type": "Microsoft.SecurityInsights/AlertRuleTemplates",
              "name": "d6491be0-ab2d-439d-95d6-ad8ea39277c5",
              "apiVersion": "2022-04-01-preview",
              "kind": "Scheduled",
              "location": "[parameters('workspace-location')]",
              "properties": {
                "description": "Identifies when sensitive Azure Key Vault operations are used. This includes: VaultDelete, KeyDelete, SecretDelete, SecretPurge, KeyPurge, SecretBackup, KeyBackup. \nAny Backup operations should match with expected scheduled backup activity.",
                "displayName": "Sensitive Azure Key Vault operations",
                "enabled": false,
                "query": "\nlet SensitiveOperationList = dynamic(\n[\"VaultDelete\", \"KeyDelete\", \"SecretDelete\", \"SecretPurge\", \"KeyPurge\", \"SecretBackup\", \"KeyBackup\"]);\nAzureDiagnostics\n| extend ResultType = columnifexists(\"ResultType\", \"NoResultType\")\n| extend requestUri_s = columnifexists(\"requestUri_s\", \"None\"), identity_claim_http_schemas_microsoft_com_identity_claims_objectidentifier_g = columnifexists(\"identity_claim_http_schemas_microsoft_com_identity_claims_objectidentifier_g\", \"None\")\n| extend id_s = columnifexists(\"id_s\", \"None\"), CallerIPAddress = columnifexists(\"CallerIPAddress\", \"None\"), clientInfo_s = columnifexists(\"clientInfo_s\", \"None\")\n| where ResultType !~ \"None\" and isnotempty(ResultType)\n| where identity_claim_http_schemas_microsoft_com_identity_claims_objectidentifier_g !~ \"None\" and isnotempty(identity_claim_http_schemas_microsoft_com_identity_claims_objectidentifier_g)\n| where id_s !~ \"None\" and isnotempty(id_s)\n| where CallerIPAddress !~ \"None\" and isnotempty(CallerIPAddress)\n| where clientInfo_s !~ \"None\" and isnotempty(clientInfo_s)\n| where requestUri_s !~ \"None\" and isnotempty(requestUri_s)\n| where ResourceType =~ \"VAULTS\" and ResultType =~ \"Success\" \n| where OperationName in~ (SensitiveOperationList)  \n| summarize EventCount=count(), StartTimeUtc=min(TimeGenerated), EndTimeUtc=max(TimeGenerated), TimeTriggered=makelist(TimeGenerated),OperationNameList=make_set(OperationName), RequestURLList=make_set(requestUri_s), CallerIPList = make_set(CallerIPAddress),  CallerIPMax= arg_max(CallerIPAddress,*) by ResourceType, ResultType, Resource, id_s, identity_claim_http_schemas_microsoft_com_identity_claims_objectidentifier_g, clientInfo_s\n| extend timestamp = StartTimeUtc, IPCustomEntity = CallerIPMax, AccountCustomEntity = identity_claim_http_schemas_microsoft_com_identity_claims_objectidentifier_g\n",
                "queryFrequency": "P1D",
                "queryPeriod": "P1D",
                "severity": "Low",
                "suppressionDuration": "PT1H",
                "suppressionEnabled": false,
                "triggerOperator": "GreaterThan",
                "triggerThreshold": 0,
                "status": "Available",
                "requiredDataConnectors": [
                  {
                    "connectorId": "AzureKeyVault",
                    "dataTypes": [
                      "KeyVaultData"
                    ]
                  }
                ],
                "tactics": [
                  "Impact"
                ],
                "entityMappings": [
                  {
                    "entityType": "Account",
                    "fieldMappings": [
                      {
                        "identifier": "FullName",
                        "columnName": "AccountCustomEntity"
                      }
                    ]
                  },
                  {
                    "entityType": "IP",
                    "fieldMappings": [
                      {
                        "identifier": "Address",
                        "columnName": "IPCustomEntity"
                      }
                    ]
                  }
                ]
              }
            },
            {
              "type": "Microsoft.OperationalInsights/workspaces/providers/metadata",
              "apiVersion": "2022-01-01-preview",
              "name": "[concat(parameters('workspace'),'/Microsoft.SecurityInsights/',concat('AnalyticsRule-', last(split(resourceId('Microsoft.SecurityInsights/AlertRuleTemplates', 'd6491be0-ab2d-439d-95d6-ad8ea39277c5'),'/'))))]",
              "properties": {
                "description": "Azure Key Vault Analytics Rule 1",
                "parentId": "[resourceId('Microsoft.SecurityInsights/AlertRuleTemplates', 'd6491be0-ab2d-439d-95d6-ad8ea39277c5')]",
                "contentId": "d6491be0-ab2d-439d-95d6-ad8ea39277c5",
                "kind": "AnalyticsRule",
                "version": "1.0.1",
                "source": {
                  "kind": "Solution",
                  "name": "Azure Key Vault",
                  "sourceId": "azuresentinel.azure-sentinel-solution-azurekeyvault"
                },
                "author": {
                  "name": "Microsoft",
                  "email": "support@microsoft.com"
                },
                "support": {
                  "name": "Microsoft Corporation",
                  "email": "support@microsoft.com",
                  "tier": "Microsoft",
                  "link": "https://support.microsoft.com"
                }
              }
            }
          ]
        }
      }
    },
    {
      "type": "Microsoft.OperationalInsights/workspaces/providers/contentTemplates",
      "name": "[concat(parameters('workspace'),'/Microsoft.SecurityInsights/',concat(concat(parameters('workspace'),'-ar-',uniquestring('24f8c234-d1ff-40ec-8b73-96b17a3a9c1c')),'1.0.4'))]",
      "location": "[parameters('workspace-location')]",
      "apiVersion": "2022-08-01",
      "dependsOn": [
        "[extensionResourceId(resourceId('Microsoft.OperationalInsights/workspaces', parameters('workspace')), 'Microsoft.SecurityInsights/contentPackages', 'azuresentinel.azure-sentinel-solution-azurekeyvault')]"
      ],
      "properties": {
        "contentId": "24f8c234-d1ff-40ec-8b73-96b17a3a9c1c",
        "displayName": "Mass secret retrieval from Azure Key Vault",
        "contentKind": "AnalyticsRule",
        "mainTemplate": {
          "resources": [
            {
              "type": "Microsoft.SecurityInsights/AlertRuleTemplates",
              "name": "24f8c234-d1ff-40ec-8b73-96b17a3a9c1c",
              "apiVersion": "2022-04-01-preview",
              "kind": "Scheduled",
              "location": "[parameters('workspace-location')]",
              "properties": {
                "description": "Identifies mass secret retrieval from Azure Key Vault observed by a single user. \nMass secret retrival crossing a certain threshold is an indication of credential dump operations or mis-configured applications. \nYou can tweak the EventCountThreshold based on average count seen in your environment \nand also filter any known sources (IP/Account) and useragent combinations based on historical analysis to further reduce noise",
                "displayName": "Mass secret retrieval from Azure Key Vault",
                "enabled": false,
                "query": "let EventCountThreshold = 25;\n// To avoid any False Positives, filtering using AppId is recommended.\n// The AppId 509e4652-da8d-478d-a730-e9d4a1996ca4 has been added in the query as it corresponds to Azure Resource Graph performing VaultGet operations for indexing and syncing all tracked resources across Azure.\n// The AppId 8cae6e77-e04e-42ce-b5cb-50d82bce26b1 has been added as it correspond to Microsoft Policy Insights Provider Data Plane performing VaultGet operations for policies checks.\nlet AllowedAppId = dynamic([\"509e4652-da8d-478d-a730-e9d4a1996ca4\",\"8cae6e77-e04e-42ce-b5cb-50d82bce26b1\"]);\nlet OperationList = dynamic([\"SecretGet\", \"KeyGet\", \"VaultGet\"]);\nAzureDiagnostics\n| where OperationName in (OperationList) and ResourceType =~ \"VAULTS\"\n| where not(identity_claim_appid_g in (AllowedAppId) and OperationName == 'VaultGet')\n| extend\n    ResultType = column_ifexists(\"ResultType\", \"\"),\n    identity_claim_http_schemas_microsoft_com_identity_claims_objectidentifier_g = column_ifexists(\"identity_claim_http_schemas_microsoft_com_identity_claims_objectidentifier_g\", \"\"),\n    identity_claim_http_schemas_xmlsoap_org_ws_2005_05_identity_claims_upn_s = column_ifexists(\"identity_claim_http_schemas_xmlsoap_org_ws_2005_05_identity_claims_upn_s\", \"\"),\n    identity_claim_oid_g = column_ifexists(\"identity_claim_oid_g\", \"\"),\n    identity_claim_upn_s = column_ifexists(\"identity_claim_upn_s\", \"\")\n| extend\n    CallerObjectId = iff(isempty(identity_claim_oid_g), identity_claim_http_schemas_microsoft_com_identity_claims_objectidentifier_g, identity_claim_oid_g),\n    CallerObjectUPN = iff(isempty(identity_claim_upn_s), identity_claim_http_schemas_xmlsoap_org_ws_2005_05_identity_claims_upn_s, identity_claim_upn_s)\n| as _Retrievals\n| where CallerObjectId in (toscalar(\n    _Retrievals\n    | where ResultType == \"Success\"\n    | summarize Count = count() by OperationName, CallerObjectId\n    | where Count > EventCountThreshold\n    | summarize make_set(CallerObjectId)\n))\n| extend\n    requestUri_s = column_ifexists(\"requestUri_s\", \"\"),\n    id_s = column_ifexists(\"id_s\", \"\"),\n    CallerIPAddress = column_ifexists(\"CallerIPAddress\", \"\"),\n    clientInfo_s = column_ifexists(\"clientInfo_s\", \"\")\n| summarize\n    EventCount = count(),\n    StartTime = min(TimeGenerated),\n    EndTime = max(TimeGenerated),\n    //TimeTriggered = make_list(TimeGenerated, 50),\n    OperationNameList = make_set(OperationName, 50),\n    RequestURLList = make_set(requestUri_s, 50),\n    CallerIPList = make_set(CallerIPAddress, 50),\n    clientInfo_sList = make_set(clientInfo_s, 50),\n    CallerIPMax = max(CallerIPAddress)\n    //CallerIPMax = arg_max(CallerIPAddress,*)\n    by ResourceType, ResultType, Resource, id_s, identity_claim_appid_g, CallerObjectId, CallerObjectUPN\n| project-reorder StartTime, EndTime, EventCount, ResourceType, Resource, id_s, identity_claim_appid_g, CallerObjectId, CallerObjectUPN, ResultType, OperationNameList, RequestURLList, CallerIPList, clientInfo_sList\n| extend timestamp = EndTime, IPCustomEntity = CallerIPMax, AccountCustomEntity = CallerObjectId\n",
                "queryFrequency": "P1D",
                "queryPeriod": "P1D",
                "severity": "Low",
                "suppressionDuration": "PT1H",
                "suppressionEnabled": false,
                "triggerOperator": "GreaterThan",
                "triggerThreshold": 0,
                "status": "Available",
                "requiredDataConnectors": [
                  {
                    "connectorId": "AzureKeyVault",
                    "dataTypes": [
                      "KeyVaultData"
                    ]
                  }
                ],
                "tactics": [
                  "CredentialAccess"
                ],
                "entityMappings": [
                  {
                    "entityType": "Account",
                    "fieldMappings": [
                      {
                        "identifier": "FullName",
                        "columnName": "AccountCustomEntity"
                      }
                    ]
                  },
                  {
                    "entityType": "IP",
                    "fieldMappings": [
                      {
                        "identifier": "Address",
                        "columnName": "IPCustomEntity"
                      }
                    ]
                  }
                ]
              }
            },
            {
              "type": "Microsoft.OperationalInsights/workspaces/providers/metadata",
              "apiVersion": "2022-01-01-preview",
              "name": "[concat(parameters('workspace'),'/Microsoft.SecurityInsights/',concat('AnalyticsRule-', last(split(resourceId('Microsoft.SecurityInsights/AlertRuleTemplates', '24f8c234-d1ff-40ec-8b73-96b17a3a9c1c'),'/'))))]",
              "properties": {
                "description": "Azure Key Vault Analytics Rule 2",
                "parentId": "[resourceId('Microsoft.SecurityInsights/AlertRuleTemplates', '24f8c234-d1ff-40ec-8b73-96b17a3a9c1c')]",
                "contentId": "24f8c234-d1ff-40ec-8b73-96b17a3a9c1c",
                "kind": "AnalyticsRule",
                "version": "1.0.4",
                "source": {
                  "kind": "Solution",
                  "name": "Azure Key Vault",
                  "sourceId": "azuresentinel.azure-sentinel-solution-azurekeyvault"
                },
                "author": {
                  "name": "Microsoft",
                  "email": "support@microsoft.com"
                },
                "support": {
                  "name": "Microsoft Corporation",
                  "email": "support@microsoft.com",
                  "tier": "Microsoft",
                  "link": "https://support.microsoft.com"
                }
              }
            }
          ]
        }
      }
    },
    {
      "type": "Microsoft.OperationalInsights/workspaces/providers/contentTemplates",
      "name": "[concat(parameters('workspace'),'/Microsoft.SecurityInsights/',concat(concat(parameters('workspace'),'-ar-',uniquestring('0914adab-90b5-47a3-a79f-7cdcac843aa7')),'1.0.2'))]",
      "location": "[parameters('workspace-location')]",
      "apiVersion": "2022-08-01",
      "dependsOn": [
        "[extensionResourceId(resourceId('Microsoft.OperationalInsights/workspaces', parameters('workspace')), 'Microsoft.SecurityInsights/contentPackages', 'azuresentinel.azure-sentinel-solution-azurekeyvault')]"
      ],
      "properties": {
        "contentId": "0914adab-90b5-47a3-a79f-7cdcac843aa7",
        "displayName": "Azure Key Vault access TimeSeries anomaly",
        "contentKind": "AnalyticsRule",
        "mainTemplate": {
          "resources": [
            {
              "type": "Microsoft.SecurityInsights/AlertRuleTemplates",
              "name": "0914adab-90b5-47a3-a79f-7cdcac843aa7",
              "apiVersion": "2022-04-01-preview",
              "kind": "Scheduled",
              "location": "[parameters('workspace-location')]",
              "properties": {
                "description": "Indentifies a sudden increase in count of Azure Key Vault secret or vault access operations by CallerIPAddress. The query leverages a built-in KQL anomaly detection algorithm\nto find large deviations from baseline Azure Key Vault access patterns. Any sudden increase in the count of Azure Key Vault accesses can be an\nindication of adversary dumping credentials via automated methods. If you are seeing any noise, try filtering known source(IP/Account) and user-agent combinations.\nTimeSeries Reference Blog: https://techcommunity.microsoft.com/t5/azure-sentinel/looking-for-unknown-anomalies-what-is-normal-time-series/ba-p/555052",
                "displayName": "Azure Key Vault access TimeSeries anomaly",
                "enabled": false,
                "query": "\nlet starttime = 14d;\nlet timeframe = 1d;\nlet scorethreshold = 3;\nlet baselinethreshold = 5;\n// To avoid any False Positives, filtering using AppId is recommended. For example the AppId 509e4652-da8d-478d-a730-e9d4a1996ca4 has been added in the query as it corresponds \n// to Azure Resource Graph performing VaultGet operations for indexing and syncing all tracked resources across Azure.\nlet Allowedappid = dynamic([\"509e4652-da8d-478d-a730-e9d4a1996ca4\"]);\nlet OperationList = dynamic(\n[\"SecretGet\", \"KeyGet\", \"VaultGet\"]);\nlet TimeSeriesData = AzureDiagnostics\n| where TimeGenerated between (startofday(ago(starttime))..startofday(now()))\n| where not((identity_claim_appid_g in (Allowedappid)) and OperationName == 'VaultGet')\n| extend ResultType = columnifexists(\"ResultType\", \"None\"), CallerIPAddress = columnifexists(\"CallerIPAddress\", \"None\")\n| where ResultType !~ \"None\" and isnotempty(ResultType)\n| where CallerIPAddress !~ \"None\" and isnotempty(CallerIPAddress)\n| where ResourceType =~ \"VAULTS\" and ResultType =~ \"Success\"\n| where OperationName in (OperationList)\n| project TimeGenerated, OperationName, Resource, CallerIPAddress\n| make-series HourlyCount=count() on TimeGenerated from startofday(ago(starttime)) to startofday(now()) step timeframe by Resource;\n//Filter anomolies against TimeSeriesData\nlet TimeSeriesAlerts = TimeSeriesData\n| extend (anomalies, score, baseline) = series_decompose_anomalies(HourlyCount, scorethreshold, -1, 'linefit')\n| mv-expand HourlyCount to typeof(double), TimeGenerated to typeof(datetime), anomalies to typeof(double),score to typeof(double), baseline to typeof(long)\n| where anomalies > 0 | extend AnomalyHour = TimeGenerated\n| where baseline > baselinethreshold // Filtering low count events per baselinethreshold\n| project Resource, AnomalyHour, TimeGenerated, HourlyCount, baseline, anomalies, score;\nlet AnomalyHours = TimeSeriesAlerts | where TimeGenerated > ago(2d) | project TimeGenerated;\n// Filter the alerts since specified timeframe\nTimeSeriesAlerts\n| where TimeGenerated > ago(2d)\n// Join against base logs since specified timeframe to retrive records associated with the hour of anomoly\n| join (\nAzureDiagnostics\n| where TimeGenerated > ago(timeframe)\n| where not((identity_claim_appid_g in (Allowedappid)) and OperationName == 'VaultGet')\n| extend DateHour = bin(TimeGenerated, 1h) // create a new column and round to hour\n| where DateHour in ((AnomalyHours)) //filter the dataset to only selected anomaly hours\n| extend ResultType = columnifexists(\"ResultType\", \"NoResultType\")\n| extend requestUri_s = columnifexists(\"requestUri_s\", \"None\"), identity_claim_http_schemas_microsoft_com_identity_claims_objectidentifier_g = columnifexists(\"identity_claim_http_schemas_microsoft_com_identity_claims_objectidentifier_g\", \"None\")\n| extend id_s = columnifexists(\"id_s\", \"None\"), CallerIPAddress = columnifexists(\"CallerIPAddress\", \"None\"), clientInfo_s = columnifexists(\"clientInfo_s\", \"None\")\n| where ResultType !~ \"None\" and isnotempty(ResultType)\n| where identity_claim_http_schemas_microsoft_com_identity_claims_objectidentifier_g !~ \"None\" and isnotempty(identity_claim_http_schemas_microsoft_com_identity_claims_objectidentifier_g)\n| where id_s !~ \"None\" and isnotempty(id_s)\n| where CallerIPAddress !~ \"None\" and isnotempty(CallerIPAddress)\n| where clientInfo_s !~ \"None\" and isnotempty(clientInfo_s)\n| where requestUri_s !~ \"None\" and isnotempty(requestUri_s)\n| where ResourceType =~ \"VAULTS\" and ResultType =~ \"Success\"\n| where OperationName in (OperationList)\n| summarize PerOperationCount=count(), LatestAnomalyTime = arg_max(TimeGenerated,*) by bin(TimeGenerated,1h), Resource, OperationName, id_s, CallerIPAddress, identity_claim_http_schemas_microsoft_com_identity_claims_objectidentifier_g, requestUri_s, clientInfo_s\n) on Resource, TimeGenerated\n| summarize EventCount=count(), OperationNameList = make_set(OperationName), RequestURLList = make_set(requestUri_s, 100), AccountList = make_set(identity_claim_http_schemas_microsoft_com_identity_claims_objectidentifier_g, 100), AccountMax = arg_max(identity_claim_http_schemas_microsoft_com_identity_claims_objectidentifier_g,*) by Resource, id_s, clientInfo_s, LatestAnomalyTime\n| extend timestamp = LatestAnomalyTime, IPCustomEntity = CallerIPAddress, AccountCustomEntity = AccountMax\n",
                "queryFrequency": "P1D",
                "queryPeriod": "P14D",
                "severity": "Low",
                "suppressionDuration": "PT1H",
                "suppressionEnabled": false,
                "triggerOperator": "GreaterThan",
                "triggerThreshold": 0,
                "status": "Available",
                "requiredDataConnectors": [
                  {
                    "connectorId": "AzureKeyVault",
                    "dataTypes": [
                      "KeyVaultData"
                    ]
                  }
                ],
                "tactics": [
                  "CredentialAccess"
                ],
                "entityMappings": [
                  {
                    "entityType": "Account",
                    "fieldMappings": [
                      {
                        "identifier": "FullName",
                        "columnName": "AccountCustomEntity"
                      }
                    ]
                  },
                  {
                    "entityType": "IP",
                    "fieldMappings": [
                      {
                        "identifier": "Address",
                        "columnName": "IPCustomEntity"
                      }
                    ]
                  }
                ]
              }
            },
            {
              "type": "Microsoft.OperationalInsights/workspaces/providers/metadata",
              "apiVersion": "2022-01-01-preview",
              "name": "[concat(parameters('workspace'),'/Microsoft.SecurityInsights/',concat('AnalyticsRule-', last(split(resourceId('Microsoft.SecurityInsights/AlertRuleTemplates', '0914adab-90b5-47a3-a79f-7cdcac843aa7'),'/'))))]",
              "properties": {
                "description": "Azure Key Vault Analytics Rule 3",
                "parentId": "[resourceId('Microsoft.SecurityInsights/AlertRuleTemplates', '0914adab-90b5-47a3-a79f-7cdcac843aa7')]",
                "contentId": "0914adab-90b5-47a3-a79f-7cdcac843aa7",
                "kind": "AnalyticsRule",
                "version": "1.0.2",
                "source": {
                  "kind": "Solution",
                  "name": "Azure Key Vault",
                  "sourceId": "azuresentinel.azure-sentinel-solution-azurekeyvault"
                },
                "author": {
                  "name": "Microsoft",
                  "email": "support@microsoft.com"
                },
                "support": {
                  "name": "Microsoft Corporation",
                  "email": "support@microsoft.com",
                  "tier": "Microsoft",
                  "link": "https://support.microsoft.com"
                }
              }
            }
          ]
        }
      }
    },
    {
      "type": "Microsoft.OperationalInsights/workspaces/providers/contentTemplates",
      "name": "[concat(parameters('workspace'),'/Microsoft.SecurityInsights/',concat(concat(parameters('workspace'),'-ar-',uniquestring('884ead54-cb3f-4676-a1eb-b26532d6cbfd')),'1.0.0'))]",
      "location": "[parameters('workspace-location')]",
      "apiVersion": "2022-08-01",
      "dependsOn": [
        "[extensionResourceId(resourceId('Microsoft.OperationalInsights/workspaces', parameters('workspace')), 'Microsoft.SecurityInsights/contentPackages', 'azuresentinel.azure-sentinel-solution-azurekeyvault')]"
      ],
      "properties": {
        "contentId": "884ead54-cb3f-4676-a1eb-b26532d6cbfd",
        "displayName": "NRT Sensitive Azure Key Vault operations",
        "contentKind": "AnalyticsRule",
        "mainTemplate": {
          "resources": [
            {
              "type": "Microsoft.SecurityInsights/AlertRuleTemplates",
              "name": "884ead54-cb3f-4676-a1eb-b26532d6cbfd",
              "apiVersion": "2022-04-01-preview",
              "kind": "NRT",
              "location": "[parameters('workspace-location')]",
              "properties": {
                "description": "Identifies when sensitive Azure Key Vault operations are used. This includes: VaultDelete, KeyDelete, SecretDelete, SecretPurge, KeyPurge, SecretBackup, KeyBackup.\nAny Backup operations should match with expected scheduled backup activity.",
                "displayName": "NRT Sensitive Azure Key Vault operations",
                "enabled": false,
                "query": "let SensitiveOperationList = dynamic(\n[\"VaultDelete\", \"KeyDelete\", \"SecretDelete\", \"SecretPurge\", \"KeyPurge\", \"SecretBackup\", \"KeyBackup\"]);\nAzureDiagnostics\n| extend ResultType = columnifexists(\"ResultType\", \"NoResultType\")\n| extend requestUri_s = columnifexists(\"requestUri_s\", \"None\"), identity_claim_http_schemas_microsoft_com_identity_claims_objectidentifier_g = columnifexists(\"identity_claim_http_schemas_microsoft_com_identity_claims_objectidentifier_g\", \"None\")\n| extend id_s = columnifexists(\"id_s\", \"None\"), CallerIPAddress = columnifexists(\"CallerIPAddress\", \"None\"), clientInfo_s = columnifexists(\"clientInfo_s\", \"None\")\n| where ResultType !~ \"None\" and isnotempty(ResultType)\n| where identity_claim_http_schemas_microsoft_com_identity_claims_objectidentifier_g !~ \"None\" and isnotempty(identity_claim_http_schemas_microsoft_com_identity_claims_objectidentifier_g)\n| where id_s !~ \"None\" and isnotempty(id_s)\n| where CallerIPAddress !~ \"None\" and isnotempty(CallerIPAddress)\n| where clientInfo_s !~ \"None\" and isnotempty(clientInfo_s)\n| where requestUri_s !~ \"None\" and isnotempty(requestUri_s)\n| where ResourceType =~ \"VAULTS\" and ResultType =~ \"Success\"\n| where OperationName in~ (SensitiveOperationList)\n| summarize EventCount=count(), StartTimeUtc=min(TimeGenerated), EndTimeUtc=max(TimeGenerated), TimeTriggered=makelist(TimeGenerated),OperationNameList=make_set(OperationName), RequestURLList=make_set(requestUri_s), CallerIPList = make_set(CallerIPAddress),  CallerIPMax= arg_max(CallerIPAddress,*) by ResourceType, ResultType, Resource, id_s, identity_claim_http_schemas_microsoft_com_identity_claims_objectidentifier_g, clientInfo_s\n",
                "severity": "Low",
                "suppressionDuration": "PT1H",
                "suppressionEnabled": false,
                "status": "Available",
                "requiredDataConnectors": [
                  {
                    "connectorId": "AzureKeyVault",
                    "dataTypes": [
                      "KeyVaultData"
                    ]
                  }
                ],
                "tactics": [
                  "Impact"
                ],
                "entityMappings": [
                  {
                    "entityType": "Account",
                    "fieldMappings": [
                      {
                        "identifier": "FullName",
                        "columnName": "identity_claim_http_schemas_microsoft_com_identity_claims_objectidentifier_g"
                      }
                    ]
                  },
                  {
                    "entityType": "IP",
                    "fieldMappings": [
                      {
                        "identifier": "Address",
                        "columnName": "CallerIPMax"
                      }
                    ]
                  }
                ]
              }
            },
            {
              "type": "Microsoft.OperationalInsights/workspaces/providers/metadata",
              "apiVersion": "2022-01-01-preview",
              "name": "[concat(parameters('workspace'),'/Microsoft.SecurityInsights/',concat('AnalyticsRule-', last(split(resourceId('Microsoft.SecurityInsights/AlertRuleTemplates', '884ead54-cb3f-4676-a1eb-b26532d6cbfd'),'/'))))]",
              "properties": {
                "description": "Azure Key Vault Analytics Rule 4",
                "parentId": "[resourceId('Microsoft.SecurityInsights/AlertRuleTemplates', '884ead54-cb3f-4676-a1eb-b26532d6cbfd')]",
                "contentId": "884ead54-cb3f-4676-a1eb-b26532d6cbfd",
                "kind": "AnalyticsRule",
                "version": "1.0.0",
                "source": {
                  "kind": "Solution",
                  "name": "Azure Key Vault",
                  "sourceId": "azuresentinel.azure-sentinel-solution-azurekeyvault"
                },
                "author": {
                  "name": "Microsoft",
                  "email": "support@microsoft.com"
                },
                "support": {
                  "name": "Microsoft Corporation",
                  "email": "support@microsoft.com",
                  "tier": "Microsoft",
                  "link": "https://support.microsoft.com"
                }
              }
            }
          ]
        }
      }
    },
    {
      "type": "Microsoft.OperationalInsights/workspaces/providers/contentPackages",
      "name": "[concat(parameters('workspace'),'/Microsoft.SecurityInsights/', 'azuresentinel.azure-sentinel-solution-azurekeyvault')]",
      "location": "[parameters('workspace-location')]",
      "apiVersion": "2022-08-01",
      "properties": {
        "version": "3.0.0",
        "kind": "Solution",
        "contentSchemaVersion": "3.0.0",
        "source": {
          "kind": "Solution",
          "name": "Azure Key Vault",
          "sourceId": "azuresentinel.azure-sentinel-solution-azurekeyvault"
        },
        "author": {
          "name": "Microsoft",
          "email": "support@microsoft.com"
        },
        "support": {
          "name": "Microsoft Corporation",
          "email": "support@microsoft.com",
          "tier": "Microsoft",
          "link": "https://support.microsoft.com"
        },
        "dependencies": {
          "operator": "AND",
          "criteria": [
            {
              "kind": "DataConnector",
              "contentId": "AzureKeyVault",
              "version": "1.0.0"
            },
            {
              "kind": "AnalyticsRule",
              "contentId": "d6491be0-ab2d-439d-95d6-ad8ea39277c5",
              "version": "1.0.1"
            },
            {
              "kind": "AnalyticsRule",
              "contentId": "24f8c234-d1ff-40ec-8b73-96b17a3a9c1c",
              "version": "1.0.4"
            },
            {
              "kind": "AnalyticsRule",
              "contentId": "0914adab-90b5-47a3-a79f-7cdcac843aa7",
              "version": "1.0.2"
            },
            {
              "kind": "AnalyticsRule",
              "contentId": "884ead54-cb3f-4676-a1eb-b26532d6cbfd",
              "version": "1.0.0"
            }
          ]
        },
        "firstPublishDate": "2022-05-02",
        "providers": [
          "Microsoft"
        ],
        "categories": {
          "domains": [
            "Cloud Provider",
            "IT Operations"
          ]
        },
        "contentVersion": "3.0.0",
        "id": "azuresentinel.azure-sentinel-solution-azurekeyvault",
        "packageKind": "Solution",
        "displayName": "Azure Key Vault solution for Sentinel"
      }
    }
  ]
}