{
  "$schema": "https://schema.management.azure.com/schemas/2019-04-01/deploymentTemplate.json#",
  "contentVersion": "1.0.0.0",
  "parameters": {
    "location": {
      "type": "string",
      "minLength": 1,
      "defaultValue": "[resourceGroup().location]",
      "metadata": {
        "description": "Not used, but needed to pass arm-ttk test `Location-Should-Not-Be-Hardcoded`.  We instead use the `workspace-location` which is derived from the LA workspace"
      }
    },
    "workspace-location": {
      "type": "string",
      "defaultValue": "",
      "metadata": {
        "description": "[concat('Region to deploy solution resources -- separate from location selection',parameters('location'))]"
      }
    },
    "workspace": {
      "defaultValue": "",
      "type": "string",
      "metadata": {
        "description": "Workspace name for Log Analytics where Microsoft Sentinel is setup"
      }
    }
  },
  "variables": {},
  "resources": [
    {
      "type": "Microsoft.OperationalInsights/workspaces/providers/packages",
      "location": "[parameters('workspace-location')]",
      "apiVersion": "2022-08-01",
      "properties": {
        "packageKind": "Standalone",
        "packageItems": {
          "resources": [
            {
              "type": "Microsoft.OperationalInsights/workspaces/providers/contentTemplates",
              "name": "[concat(parameters('workspace'),'/Microsoft.SecurityInsights/', '68c0b6bb-6bd9-4ef4-9011-08998c8ef90f')]",
              "location": "[parameters('workspace-location')]",
              "apiVersion": "2022-08-01",
              "properties": {
                "contentId": "68c0b6bb-6bd9-4ef4-9011-08998c8ef90f",
                "displayName": "Application Gateway WAF - SQLi Detection",
                "contentKind": "AnalyticsRule",
                "mainTemplate": {
                  "$schema": "https://schema.management.azure.com/schemas/2019-04-01/deploymentTemplate.json#",
                  "contentVersion": "1.0.1",
                  "resources": [
                    {
                      "type": "Microsoft.OperationalInsights/workspaces/providers/alertRules",
                      "apiVersion": "2022-04-01-preview",
                      "name": "68c0b6bb-6bd9-4ef4-9011-08998c8ef90f",
                      "kind": "Scheduled",
                      "location": "[parameters('workspace-location')]",
                      "properties": {
                        "description": "Identifies a match for SQL Injection attack in the Application gateway WAF logs. The Threshold value in the query can be changed as per your infrastructure's requirement.\n References: https://owasp.org/Top10/A03_2021-Injection/",
                        "displayName": "Application Gateway WAF - SQLi Detection",
                        "enabled": false,
                        "query": "let Threshold = 3;\nAzureDiagnostics\n| where Category == \"ApplicationGatewayFirewallLog\"\n| where action_s == \"Matched\"\n| project transactionId_g, hostname_s, requestUri_s, TimeGenerated, clientIp_s, Message, details_message_s, details_data_s\n| join kind = inner(\nAzureDiagnostics\n| where Category == \"ApplicationGatewayFirewallLog\"\n| where action_s == \"Blocked\"\n| parse Message with MessageText 'Total Inbound Score: ' TotalInboundScore ' - SQLI=' SQLI_Score ',XSS=' XSS_Score ',RFI=' RFI_Score ',LFI=' LFI_Score ',RCE=' RCE_Score ',PHPI=' PHPI_Score ',HTTP=' HTTP_Score ',SESS=' SESS_Score '): ' Blocked_Reason '; individual paranoia level scores:' Paranoia_Score\n| where Blocked_Reason contains \"SQL Injection Attack\" and toint(SQLI_Score) >=10 and toint(TotalInboundScore) >= 15) on transactionId_g\n| extend Uri = strcat(hostname_s,requestUri_s)\n| summarize StartTime = min(TimeGenerated), EndTime = max(TimeGenerated), TransactionID = make_set(transactionId_g), Message = make_set(Message), Detail_Message = make_set(details_message_s), Detail_Data = make_set(details_data_s), Total_TransactionId = dcount(transactionId_g) by clientIp_s, Uri, action_s, SQLI_Score, TotalInboundScore\n| where Total_TransactionId >= Threshold\n",
                        "queryFrequency": "PT6H",
                        "queryPeriod": "PT6H",
                        "severity": "High",
                        "status": "Available",
                        "suppressionDuration": "PT1H",
                        "suppressionEnabled": false,
                        "triggerOperator": "GreaterThan",
                        "triggerThreshold": 0,
                        "tactics": [
                          "DefenseEvasion",
                          "Execution",
                          "InitialAccess",
                          "PrivilegeEscalation"
                        ],
                        "techniques": [
                          "T1211",
                          "T1059",
                          "T1190",
                          "T0890"
                        ],
                        "entityMappings": [
                          {
                            "entityType": "IP",
                            "fieldMappings": [
                              {
                                "columnName": "clientIp_s",
                                "identifier": "Address"
                              }
                            ]
                          },
                          {
                            "entityType": "URL",
                            "fieldMappings": [
                              {
                                "columnName": "Uri",
                                "identifier": "Url"
                              }
                            ]
                          }
                        ],
                        "requiredDataConnectors": [
                          {
                            "connectorId": "WAF",
                            "dataTypes": [
                              "AzureDiagnostics"
                            ]
                          }
                        ]
                      }
                    },
                    {
                      "type": "Microsoft.OperationalInsights/workspaces/providers/metadata",
                      "apiVersion": "2021-03-01-preview",
                      "properties": {
                        "description": "Identifies a match for SQL Injection attack in the Application gateway WAF logs. The Threshold value in the query can be changed as per your infrastructure's requirement.\n References: https://owasp.org/Top10/A03_2021-Injection/",
                        "version": "1.0.1",
                        "author": {
                          "name": "shabaz-github"
                        },
                        "support": {
                          "tier": "Community",
                          "name": "Community",
                          "link": "https://github.com/Azure/Azure-Sentinel/issues"
                        },
                        "source": {
                          "kind": "Community",
                          "name": "Standalone"
                        },
                        "threatAnalysisTactics": [
                          "DefenseEvasion",
                          "Execution",
                          "InitialAccess",
                          "PrivilegeEscalation"
                        ],
                        "threatAnalyticsTechniques": [
                          "T1211",
                          "T1059",
                          "T1190",
                          "T0890"
                        ],
                        "contentId": "68c0b6bb-6bd9-4ef4-9011-08998c8ef90f",
                        "parentId": "68c0b6bb-6bd9-4ef4-9011-08998c8ef90f",
                        "kind": "AnalyticsRule",
                        "dependencies": {
                          "operator": "AND",
                          "criteria": [
                            {
                              "contentId": "AzureDiagnostics",
                              "kind": "DataType"
                            }
                          ]
                        }
                      }
                    }
                  ]
                }
              }
            }
          ]
        },
        "author": {
          "name": "shabaz-github"
        },
        "categories": {
          "domains": [
            "Security - Threat Protection",
            "Platform"
          ]
        },
        "dependencies": {
          "operator": "AND",
          "criteria": [
            {
              "contentId": "68c0b6bb-6bd9-4ef4-9011-08998c8ef90f",
              "kind": "AnalyticsRule"
            }
          ]
        },
        "description": "Identifies a match for SQL Injection attack in the Application gateway WAF logs. The Threshold value in the query can be changed as per your infrastructure's requirement.\n References: https://owasp.org/Top10/A03_2021-Injection/",
        "displayName": "Application Gateway WAF - SQLi Detection",
        "packageId": "68c0b6bb-6bd9-4ef4-9011-08998c8ef90f",
        "source": {
          "kind": "Community",
          "name": "Standalone"
        },
        "support": {
          "tier": "Community",
          "name": "Community",
          "link": "https://github.com/Azure/Azure-Sentinel/issues"
        },
        "threatAnalysisTactics": [
          "DefenseEvasion",
          "Execution",
          "InitialAccess",
          "PrivilegeEscalation"
        ],
        "threatAnalyticsTechniques": [
          "T1211",
          "T1059",
          "T1190",
          "T0890"
        ],
        "version": "1.0.1"
      },
      "name": "[concat(parameters('workspace'),'/Microsoft.SecurityInsights/', '68c0b6bb-6bd9-4ef4-9011-08998c8ef90f')]"
    }
  ]
}