{
  "$schema": "https://schema.management.azure.com/schemas/2019-04-01/deploymentTemplate.json#",
  "contentVersion": "2.0.0",
  "parameters": {
    "location": {
      "type": "string",
      "minLength": 1,
      "defaultValue": "[resourceGroup().location]",
      "metadata": {
        "description": "Not used, but needed to pass arm-ttk test `Location-Should-Not-Be-Hardcoded`.  We instead use the `workspace-location` which is derived from the LA workspace"
      }
    },
    "workspace": {
      "defaultValue": "",
      "type": "string",
      "metadata": {
        "description": "Workspace name for Log Analytics where Microsoft Sentinel is setup"
      }
    },
    "workspace-location": {
      "type": "string",
      "defaultValue": "",
      "metadata": {
        "description": "[concat('Region to deploy solution resources -- separate from location selection',parameters('location'))]"
      }
    }
  },
  "resources": [
    {
      "type": "Microsoft.OperationalInsights/workspaces/providers/contentTemplates",
      "name": "[concat(parameters('workspace'),'/Microsoft.SecurityInsights/',concat(concat(parameters('workspace'),'-ar-',uniquestring('9fb57e58-3ed8-4b89-afcf-c8e786508b1c')),'2.0.0'))]",
      "location": "[parameters('workspace-location')]",
      "apiVersion": "2022-08-01",
      "dependsOn": [
        "[extensionResourceId(resourceId('Microsoft.OperationalInsights/workspaces', parameters('workspace')), 'Microsoft.SecurityInsights/contentPackages', 'azuresentinel.azure-sentinel-solution-azureactivity')]"
      ],
      "properties": {
        "contentId": "9fb57e58-3ed8-4b89-afcf-c8e786508b1c",
        "displayName": "Suspicious Resource deployment",
        "contentKind": "AnalyticsRule",
        "mainTemplate": {
          "resources": [
            {
              "type": "Microsoft.SecurityInsights/AlertRuleTemplates",
              "name": "9fb57e58-3ed8-4b89-afcf-c8e786508b1c",
              "apiVersion": "2022-04-01-preview",
              "kind": "Scheduled",
              "location": "[parameters('workspace-location')]",
              "properties": {
                "description": "Identifies when a rare Resource and ResourceGroup deployment occurs by a previously unseen Caller.",
                "displayName": "Suspicious Resource deployment",
                "enabled": false,
                "query": "let szOperationNames = dynamic([\"Microsoft.Compute/virtualMachines/write\", \"Microsoft.Resources/deployments/write\"]);\nlet starttime = 14d;\nlet endtime = 1d;\nlet RareCaller = AzureActivity\n| where TimeGenerated between (ago(starttime) .. ago(endtime))\n| where OperationNameValue in~ (szOperationNames)\n| project ResourceGroup, Caller, OperationNameValue, CallerIpAddress\n| join kind=rightantisemi (\nAzureActivity\n| where TimeGenerated > ago(endtime)\n| where OperationNameValue in~ (szOperationNames)\n| summarize StartTimeUtc = min(TimeGenerated), EndTimeUtc = max(TimeGenerated), ActivityStatusValue = makeset(ActivityStatusValue), OperationIds = makeset(OperationId), CallerIpAddress = makeset(CallerIpAddress) \nby ResourceId, Caller, OperationNameValue, Resource, ResourceGroup\n) on Caller, ResourceGroup \n| mvexpand CallerIpAddress\n| where isnotempty(CallerIpAddress);\nlet Counts = RareCaller | summarize ActivityCountByCaller = count() by Caller;\nRareCaller | join kind= inner (Counts) on Caller | project-away Caller1\n| extend timestamp = StartTimeUtc, AccountCustomEntity = Caller, IPCustomEntity = tostring(CallerIpAddress)\n| sort by ActivityCountByCaller desc nulls last \n",
                "queryFrequency": "P1D",
                "queryPeriod": "P14D",
                "severity": "Low",
                "suppressionDuration": "PT1H",
                "suppressionEnabled": false,
                "triggerOperator": "GreaterThan",
                "triggerThreshold": 0,
                "status": "Available",
                "requiredDataConnectors": [
                  {
                    "connectorId": "AzureActivity",
                    "dataTypes": [
                      "AzureActivity"
                    ]
                  }
                ],
                "tactics": [
                  "Impact"
                ],
                "entityMappings": [
                  {
                    "entityType": "Account",
                    "fieldMappings": [
                      {
                        "columnName": "AccountCustomEntity",
                        "identifier": "FullName"
                      }
                    ]
                  },
                  {
                    "entityType": "IP",
                    "fieldMappings": [
                      {
                        "columnName": "IPCustomEntity",
                        "identifier": "Address"
                      }
                    ]
                  }
                ]
              }
            },
            {
              "type": "Microsoft.OperationalInsights/workspaces/providers/metadata",
              "apiVersion": "2022-01-01-preview",
              "name": "[concat(parameters('workspace'),'/Microsoft.SecurityInsights/',concat('AnalyticsRule-', last(split(resourceId('Microsoft.SecurityInsights/AlertRuleTemplates', '9fb57e58-3ed8-4b89-afcf-c8e786508b1c'),'/'))))]",
              "properties": {
                "description": "Azure Activity Analytics Rule 10",
                "parentId": "[resourceId('Microsoft.SecurityInsights/AlertRuleTemplates', '9fb57e58-3ed8-4b89-afcf-c8e786508b1c')]",
                "contentId": "9fb57e58-3ed8-4b89-afcf-c8e786508b1c",
                "kind": "AnalyticsRule",
                "version": "2.0.0",
                "source": {
                  "kind": "Solution",
                  "name": "Azure Activity",
                  "sourceId": "azuresentinel.azure-sentinel-solution-azureactivity"
                },
                "author": {
                  "name": "Microsoft",
                  "email": "support@microsoft.com"
                },
                "support": {
                  "tier": "Microsoft",
                  "name": "Microsoft Corporation",
                  "email": "support@microsoft.com",
                  "link": "https://support.microsoft.com/"
                }
              }
            }
          ]
        }
      }
    }
  ]
}