{
  "$schema": "https://schema.management.azure.com/schemas/2019-04-01/deploymentTemplate.json#",
  "contentVersion": "2.0.0",
  "parameters": {
    "location": {
      "type": "string",
      "minLength": 1,
      "defaultValue": "[resourceGroup().location]",
      "metadata": {
        "description": "Not used, but needed to pass arm-ttk test `Location-Should-Not-Be-Hardcoded`.  We instead use the `workspace-location` which is derived from the LA workspace"
      }
    },
    "workspace": {
      "defaultValue": "",
      "type": "string",
      "metadata": {
        "description": "Workspace name for Log Analytics where Microsoft Sentinel is setup"
      }
    },
    "workspace-location": {
      "type": "string",
      "defaultValue": "",
      "metadata": {
        "description": "[concat('Region to deploy solution resources -- separate from location selection',parameters('location'))]"
      }
    }
  },
  "resources": [
    {
      "type": "Microsoft.OperationalInsights/workspaces/providers/contentTemplates",
      "name": "[concat(parameters('workspace'),'/Microsoft.SecurityInsights/',concat(concat(parameters('workspace'),'-ar-',uniquestring('b2c15736-b9eb-4dae-8b02-3016b6a45a32')),'2.0.0'))]",
      "location": "[parameters('workspace-location')]",
      "apiVersion": "2022-08-01",
      "dependsOn": [
        "[extensionResourceId(resourceId('Microsoft.OperationalInsights/workspaces', parameters('workspace')), 'Microsoft.SecurityInsights/contentPackages', 'azuresentinel.azure-sentinel-solution-azureactivity')]"
      ],
      "properties": {
        "contentId": "b2c15736-b9eb-4dae-8b02-3016b6a45a32",
        "displayName": "Suspicious granting of permissions to an account",
        "contentKind": "AnalyticsRule",
        "mainTemplate": {
          "resources": [
            {
              "type": "Microsoft.SecurityInsights/AlertRuleTemplates",
              "name": "b2c15736-b9eb-4dae-8b02-3016b6a45a32",
              "apiVersion": "2022-04-01-preview",
              "kind": "Scheduled",
              "location": "[parameters('workspace-location')]",
              "properties": {
                "description": "Identifies IPs from which users grant access to other users on azure resources and alerts when a previously unseen source IP address is used.",
                "displayName": "Suspicious granting of permissions to an account",
                "enabled": false,
                "query": "let starttime = 14d;\nlet endtime = 1d;\n// The number of operations below which an IP address is considered an unusual source of role assignment operations\nlet alertOperationThreshold = 5;\nlet AzureBuiltInRole = externaldata(Role:string,RoleDescription:string,ID:string) [@\"https://raw.githubusercontent.com/Azure/Azure-Sentinel/master/Sample%20Data/Feeds/AzureBuiltInRole.csv\"] with (format=\"csv\", ignoreFirstRecord=True);\nlet createRoleAssignmentActivity = AzureActivity\n| where OperationNameValue =~ \"microsoft.authorization/roleassignments/write\";\nlet RoleAssignedActivity = createRoleAssignmentActivity \n| where TimeGenerated between (ago(starttime) .. ago(endtime))\n| summarize count() by CallerIpAddress, Caller\n| where count_ >= alertOperationThreshold\n| join kind = rightanti ( \ncreateRoleAssignmentActivity\n| where TimeGenerated > ago(endtime)\n| extend PrincipalId = tostring(parse_json(tostring(parse_json(tostring(Properties_d.requestbody)).Properties)).PrincipalId)\n| extend PrincipalType = tostring(parse_json(tostring(parse_json(tostring(Properties_d.requestbody)).Properties)).PrincipalType)\n| extend Scope = tostring(parse_json(tostring(parse_json(tostring(Properties_d.requestbody)).Properties)).Scope)\n| extend RoleAddedDetails = tostring(parse_json(tostring(parse_json(tostring(parse_json(Properties).requestbody)).Properties)).RoleDefinitionId) \n| summarize StartTimeUtc = min(TimeGenerated), EndTimeUtc = max(TimeGenerated), ActivityTimeStamp = make_set(TimeGenerated), ActivityStatusValue = make_set(ActivityStatusValue), \nOperationIds = make_set(OperationId), CorrelationId = make_set(CorrelationId), ActivityCountByCallerIPAddress = count()  \nby ResourceId, CallerIpAddress, Caller, OperationNameValue, Resource, ResourceGroup, PrincipalId, PrincipalType, Scope, RoleAddedDetails\n) on CallerIpAddress, Caller\n| extend timestamp = StartTimeUtc, AccountCustomEntity = Caller, IPCustomEntity = CallerIpAddress;\nlet RoleAssignedActivitywithRoleDetails = RoleAssignedActivity\n| extend RoleAssignedID = tostring(split(RoleAddedDetails, \"/\")[-1])\n| join kind = inner (AzureBuiltInRole \n) on $left.RoleAssignedID == $right.ID;\nRoleAssignedActivitywithRoleDetails\n| summarize arg_max(StartTimeUtc, *) by PrincipalId, RoleAssignedID\n| join kind = leftouter( IdentityInfo\n| summarize arg_max(TimeGenerated, *) by AccountObjectId\n) on $left.PrincipalId == $right.AccountObjectId\n| project ActivityTimeStamp, OperationNameValue, Caller, CallerIpAddress, PrincipalId, RoleAssignedID, RoleAddedDetails, Role, RoleDescription, AccountUPN, AccountCreationTime, GroupMembership, UserType, ActivityStatusValue, \nResourceGroup, PrincipalType, Scope, CorrelationId, timestamp, AccountCustomEntity, IPCustomEntity\n",
                "queryFrequency": "P1D",
                "queryPeriod": "P14D",
                "severity": "Medium",
                "suppressionDuration": "PT1H",
                "suppressionEnabled": false,
                "triggerOperator": "GreaterThan",
                "triggerThreshold": 0,
                "status": "Available",
                "requiredDataConnectors": [
                  {
                    "connectorId": "AzureActivity",
                    "dataTypes": [
                      "AzureActivity"
                    ]
                  },
                  {
                    "connectorId": "BehaviorAnalytics",
                    "dataTypes": [
                      "IdentityInfo"
                    ]
                  }
                ],
                "tactics": [
                  "Persistence",
                  "PrivilegeEscalation"
                ],
                "entityMappings": [
                  {
                    "entityType": "Account",
                    "fieldMappings": [
                      {
                        "columnName": "AccountCustomEntity",
                        "identifier": "FullName"
                      }
                    ]
                  },
                  {
                    "entityType": "IP",
                    "fieldMappings": [
                      {
                        "columnName": "IPCustomEntity",
                        "identifier": "Address"
                      }
                    ]
                  }
                ]
              }
            },
            {
              "type": "Microsoft.OperationalInsights/workspaces/providers/metadata",
              "apiVersion": "2022-01-01-preview",
              "name": "[concat(parameters('workspace'),'/Microsoft.SecurityInsights/',concat('AnalyticsRule-', last(split(resourceId('Microsoft.SecurityInsights/AlertRuleTemplates', 'b2c15736-b9eb-4dae-8b02-3016b6a45a32'),'/'))))]",
              "properties": {
                "description": "Azure Activity Analytics Rule 6",
                "parentId": "[resourceId('Microsoft.SecurityInsights/AlertRuleTemplates', 'b2c15736-b9eb-4dae-8b02-3016b6a45a32')]",
                "contentId": "b2c15736-b9eb-4dae-8b02-3016b6a45a32",
                "kind": "AnalyticsRule",
                "version": "2.0.0",
                "source": {
                  "kind": "Solution",
                  "name": "Azure Activity",
                  "sourceId": "azuresentinel.azure-sentinel-solution-azureactivity"
                },
                "author": {
                  "name": "Microsoft",
                  "email": "support@microsoft.com"
                },
                "support": {
                  "tier": "Microsoft",
                  "name": "Microsoft Corporation",
                  "email": "support@microsoft.com",
                  "link": "https://support.microsoft.com/"
                }
              }
            }
          ]
        }
      }
    }
  ]
}