{
  "$schema": "https://schema.management.azure.com/schemas/2019-04-01/deploymentTemplate.json#",
  "contentVersion": "2.0.0",
  "parameters": {
    "location": {
      "type": "string",
      "minLength": 1,
      "defaultValue": "[resourceGroup().location]",
      "metadata": {
        "description": "Not used, but needed to pass arm-ttk test `Location-Should-Not-Be-Hardcoded`.  We instead use the `workspace-location` which is derived from the LA workspace"
      }
    },
    "workspace": {
      "defaultValue": "",
      "type": "string",
      "metadata": {
        "description": "Workspace name for Log Analytics where Microsoft Sentinel is setup"
      }
    },
    "workspace-location": {
      "type": "string",
      "defaultValue": "",
      "metadata": {
        "description": "[concat('Region to deploy solution resources -- separate from location selection',parameters('location'))]"
      }
    }
  },
  "resources": [
    {
      "type": "Microsoft.OperationalInsights/workspaces/providers/contentTemplates",
      "name": "[concat(parameters('workspace'),'/Microsoft.SecurityInsights/',concat(concat(parameters('workspace'),'-ar-',uniquestring('ec491363-5fe7-4eff-b68e-f42dcb76fcf6')),'2.0.0'))]",
      "location": "[parameters('workspace-location')]",
      "apiVersion": "2022-08-01",
      "dependsOn": [
        "[extensionResourceId(resourceId('Microsoft.OperationalInsights/workspaces', parameters('workspace')), 'Microsoft.SecurityInsights/contentPackages', 'azuresentinel.azure-sentinel-solution-azureactivity')]"
      ],
      "properties": {
        "contentId": "ec491363-5fe7-4eff-b68e-f42dcb76fcf6",
        "displayName": "NRT Azure Active Directory Hybrid Health AD FS New Server",
        "contentKind": "AnalyticsRule",
        "mainTemplate": {
          "resources": [
            {
              "type": "Microsoft.SecurityInsights/AlertRuleTemplates",
              "name": "ec491363-5fe7-4eff-b68e-f42dcb76fcf6",
              "apiVersion": "2022-04-01-preview",
              "kind": "NRT",
              "location": "[parameters('workspace-location')]",
              "properties": {
                "description": "This detection uses AzureActivity logs (Administrative category) to identify the creation or update of a server instance in an Azure AD Hybrid health AD FS service.\nA threat actor can create a new AD Health ADFS service and create a fake server instance to spoof AD FS signing logs. There is no need to compromise an on-prem AD FS server.\nThis can be done programmatically via HTTP requests to Azure. More information in this blog: https://o365blog.com/post/hybridhealthagent/",
                "displayName": "NRT Azure Active Directory Hybrid Health AD FS New Server",
                "enabled": false,
                "query": "AzureActivity\n| where CategoryValue == 'Administrative'\n| where ResourceProviderValue =~ 'Microsoft.ADHybridHealthService'\n| where _ResourceId contains 'AdFederationService'\n| where OperationNameValue =~ 'Microsoft.ADHybridHealthService/services/servicemembers/action'\n| extend claimsJson = parse_json(Claims)\n| extend AppId = tostring(claimsJson.appid)\n| extend AccountName = tostring(claimsJson.name)\n| project-away claimsJson\n",
                "severity": "Medium",
                "suppressionDuration": "PT1H",
                "suppressionEnabled": false,
                "status": "Available",
                "requiredDataConnectors": [
                  {
                    "connectorId": "AzureActivity",
                    "dataTypes": [
                      "AzureActivity"
                    ]
                  }
                ],
                "tactics": [
                  "DefenseEvasion"
                ],
                "entityMappings": [
                  {
                    "entityType": "Account",
                    "fieldMappings": [
                      {
                        "columnName": "Caller",
                        "identifier": "FullName"
                      }
                    ]
                  },
                  {
                    "entityType": "IP",
                    "fieldMappings": [
                      {
                        "columnName": "CallerIpAddress",
                        "identifier": "Address"
                      }
                    ]
                  }
                ]
              }
            },
            {
              "type": "Microsoft.OperationalInsights/workspaces/providers/metadata",
              "apiVersion": "2022-01-01-preview",
              "name": "[concat(parameters('workspace'),'/Microsoft.SecurityInsights/',concat('AnalyticsRule-', last(split(resourceId('Microsoft.SecurityInsights/AlertRuleTemplates', 'ec491363-5fe7-4eff-b68e-f42dcb76fcf6'),'/'))))]",
              "properties": {
                "description": "Azure Activity Analytics Rule 7",
                "parentId": "[resourceId('Microsoft.SecurityInsights/AlertRuleTemplates', 'ec491363-5fe7-4eff-b68e-f42dcb76fcf6')]",
                "contentId": "ec491363-5fe7-4eff-b68e-f42dcb76fcf6",
                "kind": "AnalyticsRule",
                "version": "2.0.0",
                "source": {
                  "kind": "Solution",
                  "name": "Azure Activity",
                  "sourceId": "azuresentinel.azure-sentinel-solution-azureactivity"
                },
                "author": {
                  "name": "Microsoft",
                  "email": "support@microsoft.com"
                },
                "support": {
                  "tier": "Microsoft",
                  "name": "Microsoft Corporation",
                  "email": "support@microsoft.com",
                  "link": "https://support.microsoft.com/"
                }
              }
            }
          ]
        }
      }
    }
  ]
}