{
  "$schema": "https://schema.management.azure.com/schemas/2019-04-01/deploymentTemplate.json#",
  "contentVersion": "2.0.0",
  "parameters": {
    "location": {
      "type": "string",
      "minLength": 1,
      "defaultValue": "[resourceGroup().location]",
      "metadata": {
        "description": "Not used, but needed to pass arm-ttk test `Location-Should-Not-Be-Hardcoded`.  We instead use the `workspace-location` which is derived from the LA workspace"
      }
    },
    "workspace": {
      "defaultValue": "",
      "type": "string",
      "metadata": {
        "description": "Workspace name for Log Analytics where Microsoft Sentinel is setup"
      }
    },
    "workspace-location": {
      "type": "string",
      "defaultValue": "",
      "metadata": {
        "description": "[concat('Region to deploy solution resources -- separate from location selection',parameters('location'))]"
      }
    }
  },
  "resources": [
    {
      "type": "Microsoft.OperationalInsights/workspaces/providers/contentTemplates",
      "name": "[concat(parameters('workspace'),'/Microsoft.SecurityInsights/',concat(concat(parameters('workspace'),'-ar-',uniquestring('56fe0db0-6779-46fa-b3c5-006082a53064')),'2.0.0'))]",
      "location": "[parameters('workspace-location')]",
      "apiVersion": "2022-08-01",
      "dependsOn": [
        "[extensionResourceId(resourceId('Microsoft.OperationalInsights/workspaces', parameters('workspace')), 'Microsoft.SecurityInsights/contentPackages', 'azuresentinel.azure-sentinel-solution-azureactivity')]"
      ],
      "properties": {
        "contentId": "56fe0db0-6779-46fa-b3c5-006082a53064",
        "displayName": "NRT Creation of expensive computes in Azure",
        "contentKind": "AnalyticsRule",
        "mainTemplate": {
          "resources": [
            {
              "type": "Microsoft.SecurityInsights/AlertRuleTemplates",
              "name": "56fe0db0-6779-46fa-b3c5-006082a53064",
              "apiVersion": "2022-04-01-preview",
              "kind": "NRT",
              "location": "[parameters('workspace-location')]",
              "properties": {
                "description": "Identifies the creation of large size/expensive VMs (GPU or with large no of virtual CPUs) in Azure.\nAdversary may create new or update existing virtual machines sizes to evade defenses \nor use it for cryptomining purposes.\nFor Windows/Linux Vm Sizes - https://docs.microsoft.com/azure/virtual-machines/windows/sizes \nAzure VM Naming Conventions - https://docs.microsoft.com/azure/virtual-machines/vm-naming-conventions",
                "displayName": "NRT Creation of expensive computes in Azure",
                "enabled": false,
                "query": "let tokens = dynamic([\"416\",\"208\",\"128\",\"120\",\"96\",\"80\",\"72\",\"64\",\"48\",\"44\",\"40\",\"g5\",\"gs5\",\"g4\",\"gs4\",\"nc12\",\"nc24\",\"nv12\"]);\nlet operationList = dynamic([\"microsoft.compute/virtualmachines/write\", \"microsoft.resources/deployments/write\"]);\nAzureActivity\n| where tolower(OperationNameValue) in (operationList)\n| where ActivityStatusValue == \"Accepted\" \n| where isnotempty(Properties)\n| extend vmSize = tolower(tostring(parse_json(tostring(parse_json(tostring(parse_json(tostring(parse_json(Properties).responseBody)).properties)).hardwareProfile)).vmSize))\n| where isnotempty(vmSize)\n| where vmSize has_any (tokens) \n| extend ComputerName = tostring(parse_json(tostring(parse_json(tostring(parse_json(tostring(parse_json(Properties).responseBody)).properties)).osProfile)).computerName)\n| extend clientIpAddress = tostring(parse_json(HTTPRequest).clientIpAddress)\n| project TimeGenerated, OperationNameValue, ActivityStatusValue, Caller, CallerIpAddress, ComputerName, vmSize\n| extend timestamp = TimeGenerated, AccountCustomEntity = Caller, IPCustomEntity = CallerIpAddress\n",
                "severity": "Medium",
                "suppressionDuration": "PT1H",
                "suppressionEnabled": false,
                "status": "Available",
                "requiredDataConnectors": [
                  {
                    "connectorId": "AzureActivity",
                    "dataTypes": [
                      "AzureActivity"
                    ]
                  }
                ],
                "tactics": [
                  "DefenseEvasion"
                ],
                "entityMappings": [
                  {
                    "entityType": "Account",
                    "fieldMappings": [
                      {
                        "columnName": "AccountCustomEntity",
                        "identifier": "FullName"
                      }
                    ]
                  },
                  {
                    "entityType": "IP",
                    "fieldMappings": [
                      {
                        "columnName": "IPCustomEntity",
                        "identifier": "Address"
                      }
                    ]
                  }
                ]
              }
            },
            {
              "type": "Microsoft.OperationalInsights/workspaces/providers/metadata",
              "apiVersion": "2022-01-01-preview",
              "name": "[concat(parameters('workspace'),'/Microsoft.SecurityInsights/',concat('AnalyticsRule-', last(split(resourceId('Microsoft.SecurityInsights/AlertRuleTemplates', '56fe0db0-6779-46fa-b3c5-006082a53064'),'/'))))]",
              "properties": {
                "description": "Azure Activity Analytics Rule 8",
                "parentId": "[resourceId('Microsoft.SecurityInsights/AlertRuleTemplates', '56fe0db0-6779-46fa-b3c5-006082a53064')]",
                "contentId": "56fe0db0-6779-46fa-b3c5-006082a53064",
                "kind": "AnalyticsRule",
                "version": "2.0.0",
                "source": {
                  "kind": "Solution",
                  "name": "Azure Activity",
                  "sourceId": "azuresentinel.azure-sentinel-solution-azureactivity"
                },
                "author": {
                  "name": "Microsoft",
                  "email": "support@microsoft.com"
                },
                "support": {
                  "tier": "Microsoft",
                  "name": "Microsoft Corporation",
                  "email": "support@microsoft.com",
                  "link": "https://support.microsoft.com/"
                }
              }
            }
          ]
        }
      }
    }
  ]
}