{
  "$schema": "https://schema.management.azure.com/schemas/2019-04-01/deploymentTemplate.json#",
  "contentVersion": "2.0.0",
  "parameters": {
    "location": {
      "type": "string",
      "minLength": 1,
      "defaultValue": "[resourceGroup().location]",
      "metadata": {
        "description": "Not used, but needed to pass arm-ttk test `Location-Should-Not-Be-Hardcoded`.  We instead use the `workspace-location` which is derived from the LA workspace"
      }
    },
    "workspace": {
      "defaultValue": "",
      "type": "string",
      "metadata": {
        "description": "Workspace name for Log Analytics where Microsoft Sentinel is setup"
      }
    },
    "workspace-location": {
      "type": "string",
      "defaultValue": "",
      "metadata": {
        "description": "[concat('Region to deploy solution resources -- separate from location selection',parameters('location'))]"
      }
    }
  },
  "resources": [
    {
      "type": "Microsoft.OperationalInsights/workspaces/providers/contentTemplates",
      "name": "[concat(parameters('workspace'),'/Microsoft.SecurityInsights/',concat(concat(parameters('workspace'),'-ar-',uniquestring('6d7214d9-4a28-44df-aafb-0910b9e6ae3e')),'2.0.0'))]",
      "location": "[parameters('workspace-location')]",
      "apiVersion": "2022-08-01",
      "dependsOn": [
        "[extensionResourceId(resourceId('Microsoft.OperationalInsights/workspaces', parameters('workspace')), 'Microsoft.SecurityInsights/contentPackages', 'azuresentinel.azure-sentinel-solution-azureactivity')]"
      ],
      "properties": {
        "contentId": "6d7214d9-4a28-44df-aafb-0910b9e6ae3e",
        "displayName": "New CloudShell User",
        "contentKind": "AnalyticsRule",
        "mainTemplate": {
          "resources": [
            {
              "type": "Microsoft.SecurityInsights/AlertRuleTemplates",
              "name": "6d7214d9-4a28-44df-aafb-0910b9e6ae3e",
              "apiVersion": "2022-04-01-preview",
              "kind": "Scheduled",
              "location": "[parameters('workspace-location')]",
              "properties": {
                "description": "Identifies when a user creates an Azure CloudShell for the first time.\nMonitor this activity to ensure only expected user are using CloudShell",
                "displayName": "New CloudShell User",
                "enabled": false,
                "query": "\nlet match_window = 3m;\nAzureActivity\n| where ResourceGroup has \"cloud-shell\"\n| where (OperationNameValue =~ \"Microsoft.Storage/storageAccounts/listKeys/action\") \n| where ActivityStatusValue == \"Success\"\n| extend TimeKey = bin(TimeGenerated, match_window), AzureIP = CallerIpAddress\n| join kind = inner\n(AzureActivity\n| where ResourceGroup has \"cloud-shell\"\n| where (OperationNameValue =~ \"Microsoft.Storage/storageAccounts/write\") \n| extend TimeKey = bin(TimeGenerated, match_window), UserIP = CallerIpAddress\n) on Caller, TimeKey\n| summarize count() by TimeKey, Caller, ResourceGroup, SubscriptionId, TenantId, AzureIP, UserIP, HTTPRequest, Type, Properties, CategoryValue, OperationList = strcat(OperationNameValue, ' , ', OperationNameValue1)\n",
                "queryFrequency": "P1D",
                "queryPeriod": "P1D",
                "severity": "Low",
                "suppressionDuration": "PT1H",
                "suppressionEnabled": false,
                "triggerOperator": "GreaterThan",
                "triggerThreshold": 0,
                "status": "Available",
                "requiredDataConnectors": [
                  {
                    "connectorId": "AzureActivity",
                    "dataTypes": [
                      "AzureActivity"
                    ]
                  }
                ],
                "tactics": [
                  "Execution"
                ],
                "entityMappings": [
                  {
                    "entityType": "Account",
                    "fieldMappings": [
                      {
                        "columnName": "Caller",
                        "identifier": "FullName"
                      }
                    ]
                  },
                  {
                    "entityType": "IP",
                    "fieldMappings": [
                      {
                        "columnName": "UserIP",
                        "identifier": "Address"
                      }
                    ]
                  }
                ]
              }
            },
            {
              "type": "Microsoft.OperationalInsights/workspaces/providers/metadata",
              "apiVersion": "2022-01-01-preview",
              "name": "[concat(parameters('workspace'),'/Microsoft.SecurityInsights/',concat('AnalyticsRule-', last(split(resourceId('Microsoft.SecurityInsights/AlertRuleTemplates', '6d7214d9-4a28-44df-aafb-0910b9e6ae3e'),'/'))))]",
              "properties": {
                "description": "Azure Activity Analytics Rule 9",
                "parentId": "[resourceId('Microsoft.SecurityInsights/AlertRuleTemplates', '6d7214d9-4a28-44df-aafb-0910b9e6ae3e')]",
                "contentId": "6d7214d9-4a28-44df-aafb-0910b9e6ae3e",
                "kind": "AnalyticsRule",
                "version": "2.0.0",
                "source": {
                  "kind": "Solution",
                  "name": "Azure Activity",
                  "sourceId": "azuresentinel.azure-sentinel-solution-azureactivity"
                },
                "author": {
                  "name": "Microsoft",
                  "email": "support@microsoft.com"
                },
                "support": {
                  "tier": "Microsoft",
                  "name": "Microsoft Corporation",
                  "email": "support@microsoft.com",
                  "link": "https://support.microsoft.com/"
                }
              }
            }
          ]
        }
      }
    }
  ]
}