{
  "$schema": "https://schema.management.azure.com/schemas/2019-04-01/deploymentTemplate.json#",
  "contentVersion": "2.0.0",
  "parameters": {
    "location": {
      "type": "string",
      "minLength": 1,
      "defaultValue": "[resourceGroup().location]",
      "metadata": {
        "description": "Not used, but needed to pass arm-ttk test `Location-Should-Not-Be-Hardcoded`.  We instead use the `workspace-location` which is derived from the LA workspace"
      }
    },
    "workspace": {
      "defaultValue": "",
      "type": "string",
      "metadata": {
        "description": "Workspace name for Log Analytics where Microsoft Sentinel is setup"
      }
    },
    "workspace-location": {
      "type": "string",
      "defaultValue": "",
      "metadata": {
        "description": "[concat('Region to deploy solution resources -- separate from location selection',parameters('location'))]"
      }
    }
  },
  "resources": [
    {
      "type": "Microsoft.OperationalInsights/workspaces/providers/contentTemplates",
      "name": "[concat(parameters('workspace'),'/Microsoft.SecurityInsights/',concat(concat(parameters('workspace'),'-ar-',uniquestring('d9938c3b-16f9-444d-bc22-ea9a9110e0fd')),'2.0.0'))]",
      "location": "[parameters('workspace-location')]",
      "apiVersion": "2022-08-01",
      "dependsOn": [
        "[extensionResourceId(resourceId('Microsoft.OperationalInsights/workspaces', parameters('workspace')), 'Microsoft.SecurityInsights/contentPackages', 'azuresentinel.azure-sentinel-solution-azureactivity')]"
      ],
      "properties": {
        "contentId": "d9938c3b-16f9-444d-bc22-ea9a9110e0fd",
        "displayName": "Azure Active Directory Hybrid Health AD FS Suspicious Application",
        "contentKind": "AnalyticsRule",
        "mainTemplate": {
          "resources": [
            {
              "type": "Microsoft.SecurityInsights/AlertRuleTemplates",
              "name": "d9938c3b-16f9-444d-bc22-ea9a9110e0fd",
              "apiVersion": "2022-04-01-preview",
              "kind": "Scheduled",
              "location": "[parameters('workspace-location')]",
              "properties": {
                "description": "This detection uses AzureActivity logs (Administrative category) to a suspicious application adding a server instance to an Azure AD Hybrid health AD FS service or deleting the AD FS service instance.\nUsually the Azure AD Connect Health Agent application with ID cf6d7e68-f018-4e0a-a7b3-126e053fb88d and ID cb1056e2-e479-49de-ae31-7812af012ed8 is used to perform those operations.",
                "displayName": "Azure Active Directory Hybrid Health AD FS Suspicious Application",
                "enabled": false,
                "query": "// Azure AD Connect Health Agent - cf6d7e68-f018-4e0a-a7b3-126e053fb88d\n// Azure Active Directory Connect - cb1056e2-e479-49de-ae31-7812af012ed8\nlet appList = dynamic(['cf6d7e68-f018-4e0a-a7b3-126e053fb88d','cb1056e2-e479-49de-ae31-7812af012ed8']);\nlet operationNamesList = dynamic(['Microsoft.ADHybridHealthService/services/servicemembers/action','Microsoft.ADHybridHealthService/services/delete']);\nAzureActivity\n| where CategoryValue == 'Administrative'\n| where ResourceProviderValue =~ 'Microsoft.ADHybridHealthService'\n| where _ResourceId contains 'AdFederationService'\n| where OperationNameValue in~ (operationNamesList)\n| extend claimsJson = parse_json(Claims)\n| extend AppId = tostring(claimsJson.appid)\n| extend AccountName = tostring(claimsJson.name)\n| where AppId !in (appList)\n| project-away claimsJson\n| extend timestamp = TimeGenerated, AccountCustomEntity = Caller, IPCustomEntity = CallerIpAddress\n",
                "queryFrequency": "P1D",
                "queryPeriod": "P1D",
                "severity": "Medium",
                "suppressionDuration": "PT1H",
                "suppressionEnabled": false,
                "triggerOperator": "GreaterThan",
                "triggerThreshold": 0,
                "status": "Available",
                "requiredDataConnectors": [
                  {
                    "connectorId": "AzureActivity",
                    "dataTypes": [
                      "AzureActivity"
                    ]
                  }
                ],
                "tactics": [
                  "CredentialAccess",
                  "DefenseEvasion"
                ],
                "entityMappings": [
                  {
                    "entityType": "Account",
                    "fieldMappings": [
                      {
                        "columnName": "AccountCustomEntity",
                        "identifier": "FullName"
                      }
                    ]
                  },
                  {
                    "entityType": "IP",
                    "fieldMappings": [
                      {
                        "columnName": "IPCustomEntity",
                        "identifier": "Address"
                      }
                    ]
                  }
                ]
              }
            },
            {
              "type": "Microsoft.OperationalInsights/workspaces/providers/metadata",
              "apiVersion": "2022-01-01-preview",
              "name": "[concat(parameters('workspace'),'/Microsoft.SecurityInsights/',concat('AnalyticsRule-', last(split(resourceId('Microsoft.SecurityInsights/AlertRuleTemplates', 'd9938c3b-16f9-444d-bc22-ea9a9110e0fd'),'/'))))]",
              "properties": {
                "description": "Azure Activity Analytics Rule 3",
                "parentId": "[resourceId('Microsoft.SecurityInsights/AlertRuleTemplates', 'd9938c3b-16f9-444d-bc22-ea9a9110e0fd')]",
                "contentId": "d9938c3b-16f9-444d-bc22-ea9a9110e0fd",
                "kind": "AnalyticsRule",
                "version": "2.0.0",
                "source": {
                  "kind": "Solution",
                  "name": "Azure Activity",
                  "sourceId": "azuresentinel.azure-sentinel-solution-azureactivity"
                },
                "author": {
                  "name": "Microsoft",
                  "email": "support@microsoft.com"
                },
                "support": {
                  "tier": "Microsoft",
                  "name": "Microsoft Corporation",
                  "email": "support@microsoft.com",
                  "link": "https://support.microsoft.com/"
                }
              }
            }
          ]
        }
      }
    }
  ]
}