{
  "$schema": "https://schema.management.azure.com/schemas/2019-04-01/deploymentTemplate.json#",
  "contentVersion": "2.0.0",
  "parameters": {
    "location": {
      "type": "string",
      "minLength": 1,
      "defaultValue": "[resourceGroup().location]",
      "metadata": {
        "description": "Not used, but needed to pass arm-ttk test `Location-Should-Not-Be-Hardcoded`.  We instead use the `workspace-location` which is derived from the LA workspace"
      }
    },
    "workspace": {
      "defaultValue": "",
      "type": "string",
      "metadata": {
        "description": "Workspace name for Log Analytics where Microsoft Sentinel is setup"
      }
    },
    "workspace-location": {
      "type": "string",
      "defaultValue": "",
      "metadata": {
        "description": "[concat('Region to deploy solution resources -- separate from location selection',parameters('location'))]"
      }
    }
  },
  "resources": [
    {
      "type": "Microsoft.OperationalInsights/workspaces/providers/contentTemplates",
      "name": "[concat(parameters('workspace'),'/Microsoft.SecurityInsights/',concat(concat(parameters('workspace'),'-hq-',uniquestring('81fd68a2-9ad6-4a1c-7bd7-18efe5c99081')),'2.0.0'))]",
      "location": "[parameters('workspace-location')]",
      "apiVersion": "2022-08-01",
      "dependsOn": [
        "[extensionResourceId(resourceId('Microsoft.OperationalInsights/workspaces', parameters('workspace')), 'Microsoft.SecurityInsights/contentPackages', 'azuresentinel.azure-sentinel-solution-azureactivity')]"
      ],
      "properties": {
        "contentId": "81fd68a2-9ad6-4a1c-7bd7-18efe5c99081",
        "displayName": "",
        "contentKind": "HuntingQuery",
        "mainTemplate": {
          "resources": [
            {
              "type": "Microsoft.OperationalInsights/savedSearches",
              "apiVersion": "2020-08-01",
              "name": "Azure_Activity_Hunting_Query_14",
              "location": "[parameters('workspace-location')]",
              "properties": {
                "eTag": "*",
                "displayName": "Rare Custom Script Extension",
                "category": "Hunting Queries",
                "query": "\nlet starttime = todatetime('{{StartTimeISO}}');\nlet endtime = todatetime('{{EndTimeISO}}');\nlet Lookback = starttime - 14d;\nlet CustomScriptExecution = AzureActivity\n| where TimeGenerated >= Lookback\n| where OperationName =~ \"Create or Update Virtual Machine Extension\"\n| extend Settings = tostring(parse_json(tostring(parse_json(tostring(parse_json(tostring(parse_json(Properties).responseBody)).properties)).settings)))\n| parse Settings with * 'fileUris\":[' FileURI \"]\" *\n| parse Settings with * 'commandToExecute\":' commandToExecute '}' *\n| extend message_ = tostring(parse_json(tostring(parse_json(tostring(parse_json(Properties).statusMessage)).error)).message);\nlet LookbackCustomScriptExecution = CustomScriptExecution\n| where TimeGenerated >= Lookback and TimeGenerated < starttime\n| where isnotempty(FileURI) and isnotempty(commandToExecute)\n| summarize max(TimeGenerated), OperationCount = count() by Caller, Resource, CallerIpAddress, FileURI, commandToExecute;\nlet CurrentCustomScriptExecution = CustomScriptExecution\n| where TimeGenerated between (starttime..endtime)\n| where isnotempty(FileURI) and isnotempty(commandToExecute)\n| project TimeGenerated, ActivityStatus, OperationId, CorrelationId, ResourceId, CallerIpAddress, Caller, OperationName, Resource, ResourceGroup, FileURI, commandToExecute, FailureMessage = message_, HTTPRequest, Settings;\nlet RareCustomScriptExecution =  CurrentCustomScriptExecution\n| join kind= leftanti (LookbackCustomScriptExecution) on Caller, CallerIpAddress, FileURI, commandToExecute;\nlet IPCheck = RareCustomScriptExecution\n| summarize arg_max(TimeGenerated, OperationName), OperationIds = makeset(OperationId), CallerIpAddresses = makeset(CallerIpAddress) by ActivityStatus, CorrelationId, ResourceId, Caller, Resource, ResourceGroup, FileURI, commandToExecute, FailureMessage\n| extend IPArray = arraylength(CallerIpAddresses);\n//Get IPs for later summarization so all associated CorrelationIds and Caller actions have an IP.  Success and Fails do not always have IP\nlet multiIP = IPCheck | where IPArray > 1\n| mvexpand CallerIpAddresses | extend CallerIpAddress = tostring(CallerIpAddresses)\n| where isnotempty(CallerIpAddresses);\nlet singleIP = IPCheck | where IPArray <= 1\n| mvexpand CallerIpAddresses | extend CallerIpAddress = tostring(CallerIpAddresses);\nlet FullDetails = singleIP | union multiIP;\n//Get IP address associated with successes and fails with no IP listed\nlet IPList = FullDetails | where isnotempty(CallerIpAddress) | summarize by CorrelationId, Caller, CallerIpAddress;\nlet EmptyIP = FullDetails | where isempty(CallerIpAddress) | project-away CallerIpAddress;\nlet IpJoin = EmptyIP | join kind= leftouter (IPList) on CorrelationId, Caller | project-away CorrelationId1, Caller1;\nlet nonEmptyIP = FullDetails | where isnotempty(CallerIpAddress);\nnonEmptyIP | union IpJoin\n// summarize all activities with a given CorrelationId and Caller together so we can provide a singular result\n| summarize StartTime = min(TimeGenerated), EndTime = max(TimeGenerated), ActivityStatusSet = makeset(ActivityStatus), OperationIds = makeset(OperationIds), FailureMessages = makeset(FailureMessage) by CorrelationId, ResourceId, CallerIpAddress, Caller, Resource, ResourceGroup, FileURI, commandToExecute\n| extend timestamp = StartTime, AccountCustomEntity = Caller, IPCustomEntity = CallerIpAddress\n",
                "version": 2,
                "tags": [
                  {
                    "name": "description",
                    "value": "The Custom Script Extension downloads and executes scripts on Azure virtual machines. This extension is useful for post deployment configuration, software installation, or any other configuration or management tasks.\n Scripts could be downloaded from external links, Azure storage, GitHub, or provided to the Azure portal at extension run time. This could also be used maliciously by an attacker.\n The query tries to identify rare custom script extensions that have been executed in your envioenment"
                  },
                  {
                    "name": "tactics",
                    "value": "Execution"
                  },
                  {
                    "name": "techniques",
                    "value": "T1059"
                  }
                ]
              }
            },
            {
              "type": "Microsoft.OperationalInsights/workspaces/providers/metadata",
              "apiVersion": "2022-01-01-preview",
              "name": "[concat(parameters('workspace'),'/Microsoft.SecurityInsights/',concat('HuntingQuery-', last(split(resourceId('Microsoft.OperationalInsights/savedSearches', '81fd68a2-9ad6-4a1c-7bd7-18efe5c99081'),'/'))))]",
              "properties": {
                "description": "Azure Activity Hunting Query 14",
                "parentId": "[resourceId('Microsoft.OperationalInsights/savedSearches', '81fd68a2-9ad6-4a1c-7bd7-18efe5c99081')]",
                "contentId": "81fd68a2-9ad6-4a1c-7bd7-18efe5c99081",
                "kind": "HuntingQuery",
                "version": "2.0.0",
                "source": {
                  "kind": "Solution",
                  "name": "Azure Activity",
                  "sourceId": "azuresentinel.azure-sentinel-solution-azureactivity"
                },
                "author": {
                  "name": "Microsoft",
                  "email": "support@microsoft.com"
                },
                "support": {
                  "tier": "Microsoft",
                  "name": "Microsoft Corporation",
                  "email": "support@microsoft.com",
                  "link": "https://support.microsoft.com/"
                }
              }
            }
          ]
        }
      }
    }
  ]
}