{
  "$schema": "https://schema.management.azure.com/schemas/2019-04-01/deploymentTemplate.json#",
  "contentVersion": "2.0.0",
  "parameters": {
    "location": {
      "type": "string",
      "minLength": 1,
      "defaultValue": "[resourceGroup().location]",
      "metadata": {
        "description": "Not used, but needed to pass arm-ttk test `Location-Should-Not-Be-Hardcoded`.  We instead use the `workspace-location` which is derived from the LA workspace"
      }
    },
    "workspace": {
      "defaultValue": "",
      "type": "string",
      "metadata": {
        "description": "Workspace name for Log Analytics where Microsoft Sentinel is setup"
      }
    },
    "workspace-location": {
      "type": "string",
      "defaultValue": "",
      "metadata": {
        "description": "[concat('Region to deploy solution resources -- separate from location selection',parameters('location'))]"
      }
    }
  },
  "resources": [
    {
      "type": "Microsoft.OperationalInsights/workspaces/providers/contentTemplates",
      "name": "[concat(parameters('workspace'),'/Microsoft.SecurityInsights/',concat(concat(parameters('workspace'),'-hq-',uniquestring('9e146876-e303-49af-b847-b029d1a66852')),'2.0.0'))]",
      "location": "[parameters('workspace-location')]",
      "apiVersion": "2022-08-01",
      "dependsOn": [
        "[extensionResourceId(resourceId('Microsoft.OperationalInsights/workspaces', parameters('workspace')), 'Microsoft.SecurityInsights/contentPackages', 'azuresentinel.azure-sentinel-solution-azureactivity')]"
      ],
      "properties": {
        "contentId": "9e146876-e303-49af-b847-b029d1a66852",
        "displayName": "",
        "contentKind": "HuntingQuery",
        "mainTemplate": {
          "resources": [
            {
              "type": "Microsoft.OperationalInsights/savedSearches",
              "apiVersion": "2020-08-01",
              "name": "Azure_Activity_Hunting_Query_13",
              "location": "[parameters('workspace-location')]",
              "properties": {
                "eTag": "*",
                "displayName": "Port opened for an Azure Resource",
                "category": "Hunting Queries",
                "query": "\nAzureActivity\n| where OperationNameValue has_any (\"ipfilterrules\", \"securityRules\", \"publicIPAddresses\", \"firewallrules\") and OperationNameValue endswith \"write\"\n// Choosing Accepted here because it has the Rule Attributes included\n| where ActivityStatusValue == \"Accepted\" \n// If there is publicIP info, include it\n| extend publicIPAddress_ = tostring(parse_json(tostring(parse_json(tostring(parse_json(Properties).responseBody)).properties)).ipAddress) \n| extend publicIPAddressVersion_ = tostring(parse_json(tostring(parse_json(tostring(parse_json(Properties).responseBody)).properties)).publicIPAddressVersion) \n| extend publicIPAllocationMethod_ = tostring(parse_json(tostring(parse_json(tostring(parse_json(Properties).responseBody)).properties)).publicIPAllocationMethod) \n// Include rule attributes for context\n| extend access = tostring(parse_json(tostring(parse_json(tostring(parse_json(Properties).responseBody)).properties)).access) \n| extend description = tostring(parse_json(tostring(parse_json(tostring(parse_json(Properties).responseBody)).properties)).description) \n| extend destinationPortRange = tostring(parse_json(tostring(parse_json(tostring(parse_json(Properties).responseBody)).properties)).destinationPortRange) \n| extend direction = tostring(parse_json(tostring(parse_json(tostring(parse_json(Properties).responseBody)).properties)).direction) \n| extend protocol = tostring(parse_json(tostring(parse_json(tostring(parse_json(Properties).responseBody)).properties)).protocol) \n| extend sourcePortRange = tostring(parse_json(tostring(parse_json(tostring(parse_json(Properties).responseBody)).properties)).sourcePortRange) \n| summarize StartTime = min(TimeGenerated), EndTime = max(TimeGenerated), ResourceIds = makeset(ResourceId) by Caller, CallerIpAddress, Resource, ResourceGroup, \nActivityStatusValue, ActivitySubstatus, SubscriptionId, access, description, destinationPortRange, direction, protocol, sourcePortRange  \n| extend timestamp = StartTime, AccountCustomEntity = Caller, IPCustomEntity = CallerIpAddress\n",
                "version": 2,
                "tags": [
                  {
                    "name": "description",
                    "value": "Identifies what ports may have been opened for a given Azure Resource over the last 7 days"
                  },
                  {
                    "name": "tactics",
                    "value": "CommandAndControl,Impact"
                  },
                  {
                    "name": "techniques",
                    "value": "T1071,T1571,T1496"
                  }
                ]
              }
            },
            {
              "type": "Microsoft.OperationalInsights/workspaces/providers/metadata",
              "apiVersion": "2022-01-01-preview",
              "name": "[concat(parameters('workspace'),'/Microsoft.SecurityInsights/',concat('HuntingQuery-', last(split(resourceId('Microsoft.OperationalInsights/savedSearches', '9e146876-e303-49af-b847-b029d1a66852'),'/'))))]",
              "properties": {
                "description": "Azure Activity Hunting Query 13",
                "parentId": "[resourceId('Microsoft.OperationalInsights/savedSearches', '9e146876-e303-49af-b847-b029d1a66852')]",
                "contentId": "9e146876-e303-49af-b847-b029d1a66852",
                "kind": "HuntingQuery",
                "version": "2.0.0",
                "source": {
                  "kind": "Solution",
                  "name": "Azure Activity",
                  "sourceId": "azuresentinel.azure-sentinel-solution-azureactivity"
                },
                "author": {
                  "name": "Microsoft",
                  "email": "support@microsoft.com"
                },
                "support": {
                  "tier": "Microsoft",
                  "name": "Microsoft Corporation",
                  "email": "support@microsoft.com",
                  "link": "https://support.microsoft.com/"
                }
              }
            }
          ]
        }
      }
    }
  ]
}