{
  "$schema": "https://schema.management.azure.com/schemas/2019-04-01/deploymentTemplate.json#",
  "contentVersion": "2.0.0",
  "parameters": {
    "location": {
      "type": "string",
      "minLength": 1,
      "defaultValue": "[resourceGroup().location]",
      "metadata": {
        "description": "Not used, but needed to pass arm-ttk test `Location-Should-Not-Be-Hardcoded`.  We instead use the `workspace-location` which is derived from the LA workspace"
      }
    },
    "workspace": {
      "defaultValue": "",
      "type": "string",
      "metadata": {
        "description": "Workspace name for Log Analytics where Microsoft Sentinel is setup"
      }
    },
    "workspace-location": {
      "type": "string",
      "defaultValue": "",
      "metadata": {
        "description": "[concat('Region to deploy solution resources -- separate from location selection',parameters('location'))]"
      }
    }
  },
  "resources": [
    {
      "type": "Microsoft.OperationalInsights/workspaces/providers/contentTemplates",
      "name": "[concat(parameters('workspace'),'/Microsoft.SecurityInsights/',concat(concat(parameters('workspace'),'-hq-',uniquestring('860cda84-765b-4273-af44-958b7cca85f7')),'2.0.0'))]",
      "location": "[parameters('workspace-location')]",
      "apiVersion": "2022-08-01",
      "dependsOn": [
        "[extensionResourceId(resourceId('Microsoft.OperationalInsights/workspaces', parameters('workspace')), 'Microsoft.SecurityInsights/contentPackages', 'azuresentinel.azure-sentinel-solution-azureactivity')]"
      ],
      "properties": {
        "contentId": "860cda84-765b-4273-af44-958b7cca85f7",
        "displayName": "",
        "contentKind": "HuntingQuery",
        "mainTemplate": {
          "resources": [
            {
              "type": "Microsoft.OperationalInsights/savedSearches",
              "apiVersion": "2020-08-01",
              "name": "Azure_Activity_Hunting_Query_12",
              "location": "[parameters('workspace-location')]",
              "properties": {
                "eTag": "*",
                "displayName": "Granting permissions to account",
                "category": "Hunting Queries",
                "query": "\nAzureActivity\n| where OperationName == \"Create role assignment\"\n| where ActivityStatus == \"Succeeded\" \n| project Caller, CallerIpAddress\n| evaluate basket()\n| join kind=leftouter (AzureActivity\n| where OperationName == \"Create role assignment\"\n| where ActivityStatus == \"Succeeded\"\n| summarize StartTime = min(TimeGenerated), EndTime = max(TimeGenerated) by Caller, CallerIpAddress)\non Caller, CallerIpAddress\n| project-away Caller1, CallerIpAddress1\n| where isnotempty(StartTime)\n| extend timestamp = StartTime, AccountCustomEntity = Caller, IPCustomEntity = CallerIpAddress\n",
                "version": 2,
                "tags": [
                  {
                    "name": "description",
                    "value": "Shows the most prevalent users who grant access to others on azure resources and for each account \ntheir common source ip address. If an operation is not from this IP address it may be worthy of investigation."
                  },
                  {
                    "name": "tactics",
                    "value": "Persistence,PrivilegeEscalation"
                  },
                  {
                    "name": "techniques",
                    "value": "T1098"
                  }
                ]
              }
            },
            {
              "type": "Microsoft.OperationalInsights/workspaces/providers/metadata",
              "apiVersion": "2022-01-01-preview",
              "name": "[concat(parameters('workspace'),'/Microsoft.SecurityInsights/',concat('HuntingQuery-', last(split(resourceId('Microsoft.OperationalInsights/savedSearches', '860cda84-765b-4273-af44-958b7cca85f7'),'/'))))]",
              "properties": {
                "description": "Azure Activity Hunting Query 12",
                "parentId": "[resourceId('Microsoft.OperationalInsights/savedSearches', '860cda84-765b-4273-af44-958b7cca85f7')]",
                "contentId": "860cda84-765b-4273-af44-958b7cca85f7",
                "kind": "HuntingQuery",
                "version": "2.0.0",
                "source": {
                  "kind": "Solution",
                  "name": "Azure Activity",
                  "sourceId": "azuresentinel.azure-sentinel-solution-azureactivity"
                },
                "author": {
                  "name": "Microsoft",
                  "email": "support@microsoft.com"
                },
                "support": {
                  "tier": "Microsoft",
                  "name": "Microsoft Corporation",
                  "email": "support@microsoft.com",
                  "link": "https://support.microsoft.com/"
                }
              }
            }
          ]
        }
      }
    }
  ]
}