{
  "$schema": "https://schema.management.azure.com/schemas/2019-04-01/deploymentTemplate.json#",
  "contentVersion": "2.0.0",
  "parameters": {
    "location": {
      "type": "string",
      "minLength": 1,
      "defaultValue": "[resourceGroup().location]",
      "metadata": {
        "description": "Not used, but needed to pass arm-ttk test `Location-Should-Not-Be-Hardcoded`.  We instead use the `workspace-location` which is derived from the LA workspace"
      }
    },
    "workspace": {
      "defaultValue": "",
      "type": "string",
      "metadata": {
        "description": "Workspace name for Log Analytics where Microsoft Sentinel is setup"
      }
    },
    "workspace-location": {
      "type": "string",
      "defaultValue": "",
      "metadata": {
        "description": "[concat('Region to deploy solution resources -- separate from location selection',parameters('location'))]"
      }
    }
  },
  "resources": [
    {
      "type": "Microsoft.OperationalInsights/workspaces/providers/contentTemplates",
      "name": "[concat(parameters('workspace'),'/Microsoft.SecurityInsights/',concat(concat(parameters('workspace'),'-hq-',uniquestring('0278e3b8-9899-45c5-8928-700cd80d2d80')),'2.0.0'))]",
      "location": "[parameters('workspace-location')]",
      "apiVersion": "2022-08-01",
      "dependsOn": [
        "[extensionResourceId(resourceId('Microsoft.OperationalInsights/workspaces', parameters('workspace')), 'Microsoft.SecurityInsights/contentPackages', 'azuresentinel.azure-sentinel-solution-azureactivity')]"
      ],
      "properties": {
        "contentId": "0278e3b8-9899-45c5-8928-700cd80d2d80",
        "displayName": "",
        "contentKind": "HuntingQuery",
        "mainTemplate": {
          "resources": [
            {
              "type": "Microsoft.OperationalInsights/savedSearches",
              "apiVersion": "2020-08-01",
              "name": "Azure_Activity_Hunting_Query_10",
              "location": "[parameters('workspace-location')]",
              "properties": {
                "eTag": "*",
                "displayName": "Common deployed resources",
                "category": "Hunting Queries",
                "query": "\nAzureActivity\n| where OperationNameValue has_any (@\"deployments/write\", @\"virtualMachines/write\")  \n| where ActivityStatusValue == \"Succeeded\"\n| summarize by bin(TimeGenerated,1d), Resource, ResourceGroup, ResourceId, OperationNameValue, Caller\n| evaluate basket()\n| where isnotempty(Caller) and isnotempty(Resource) and isnotempty(TimeGenerated)\n| order by Percent desc, TimeGenerated desc\n| extend timestamp = TimeGenerated, AccountCustomEntity = Caller, ResourceCustomEntity = ResourceId\n// remove comments below on filters if the goal is to see more common or more rare Resource, Resource Group and Caller combinations\n//| where Percent <= 40 // <-- more rare\n//| where Percent >= 60 // <-- more common\n",
                "version": 2,
                "tags": [
                  {
                    "name": "description",
                    "value": "This query looks for common deployed resources (resource name and resource groups) and can be used\nin combination with other signals that show suspicious deployment to evaluate if the resource is one\nthat is commonly being deployed/created or unique.\nTo understand the basket() function better see - https://docs.microsoft.com/azure/data-explorer/kusto/query/basketplugin'"
                  },
                  {
                    "name": "tactics",
                    "value": "Impact"
                  },
                  {
                    "name": "techniques",
                    "value": "T1496"
                  }
                ]
              }
            },
            {
              "type": "Microsoft.OperationalInsights/workspaces/providers/metadata",
              "apiVersion": "2022-01-01-preview",
              "name": "[concat(parameters('workspace'),'/Microsoft.SecurityInsights/',concat('HuntingQuery-', last(split(resourceId('Microsoft.OperationalInsights/savedSearches', '0278e3b8-9899-45c5-8928-700cd80d2d80'),'/'))))]",
              "properties": {
                "description": "Azure Activity Hunting Query 10",
                "parentId": "[resourceId('Microsoft.OperationalInsights/savedSearches', '0278e3b8-9899-45c5-8928-700cd80d2d80')]",
                "contentId": "0278e3b8-9899-45c5-8928-700cd80d2d80",
                "kind": "HuntingQuery",
                "version": "2.0.0",
                "source": {
                  "kind": "Solution",
                  "name": "Azure Activity",
                  "sourceId": "azuresentinel.azure-sentinel-solution-azureactivity"
                },
                "author": {
                  "name": "Microsoft",
                  "email": "support@microsoft.com"
                },
                "support": {
                  "tier": "Microsoft",
                  "name": "Microsoft Corporation",
                  "email": "support@microsoft.com",
                  "link": "https://support.microsoft.com/"
                }
              }
            }
          ]
        }
      }
    }
  ]
}