{
  "$schema": "https://schema.management.azure.com/schemas/2019-04-01/deploymentTemplate.json#",
  "contentVersion": "2.0.0",
  "parameters": {
    "location": {
      "type": "string",
      "minLength": 1,
      "defaultValue": "[resourceGroup().location]",
      "metadata": {
        "description": "Not used, but needed to pass arm-ttk test `Location-Should-Not-Be-Hardcoded`.  We instead use the `workspace-location` which is derived from the LA workspace"
      }
    },
    "workspace": {
      "defaultValue": "",
      "type": "string",
      "metadata": {
        "description": "Workspace name for Log Analytics where Microsoft Sentinel is setup"
      }
    },
    "workspace-location": {
      "type": "string",
      "defaultValue": "",
      "metadata": {
        "description": "[concat('Region to deploy solution resources -- separate from location selection',parameters('location'))]"
      }
    }
  },
  "resources": [
    {
      "type": "Microsoft.OperationalInsights/workspaces/providers/contentTemplates",
      "name": "[concat(parameters('workspace'),'/Microsoft.SecurityInsights/',concat(concat(parameters('workspace'),'-hq-',uniquestring('5d2399f9-ea5c-4e67-9435-1fba745f3a39')),'2.0.0'))]",
      "location": "[parameters('workspace-location')]",
      "apiVersion": "2022-08-01",
      "dependsOn": [
        "[extensionResourceId(resourceId('Microsoft.OperationalInsights/workspaces', parameters('workspace')), 'Microsoft.SecurityInsights/contentPackages', 'azuresentinel.azure-sentinel-solution-azureactivity')]"
      ],
      "properties": {
        "contentId": "5d2399f9-ea5c-4e67-9435-1fba745f3a39",
        "displayName": "",
        "contentKind": "HuntingQuery",
        "mainTemplate": {
          "resources": [
            {
              "type": "Microsoft.OperationalInsights/savedSearches",
              "apiVersion": "2020-08-01",
              "name": "Azure_Activity_Hunting_Query_3",
              "location": "[parameters('workspace-location')]",
              "properties": {
                "eTag": "*",
                "displayName": "Azure storage key enumeration",
                "category": "Hunting Queries",
                "query": "\nAzureActivity\n| where OperationNameValue =~ \"microsoft.storage/storageaccounts/listkeys/action\"\n| where ActivityStatusValue == \"Succeeded\" \n| join kind= inner (\n    AzureActivity\n    | where OperationNameValue =~ \"microsoft.storage/storageaccounts/listkeys/action\"\n    | where ActivityStatusValue == \"Succeeded\" \n    | project ExpectedIpAddress=CallerIpAddress, Caller \n    | evaluate autocluster()\n) on Caller \n| where CallerIpAddress != ExpectedIpAddress\n| summarize StartTime = min(TimeGenerated), EndTime = max(TimeGenerated), ResourceIds = make_set(ResourceId), ResourceIdCount = dcount(ResourceId) by OperationNameValue, Caller, CallerIpAddress\n| extend timestamp = StartTime, AccountCustomEntity = Caller, IPCustomEntity = CallerIpAddress\n",
                "version": 2,
                "tags": [
                  {
                    "name": "description",
                    "value": "Listing of storage keys is an interesting operation in Azure which might expose additional \nsecrets and PII to callers as well as granting access to VMs. While there are many benign operations of this\ntype, it would be interesting to see if the account performing this activity or the source IP address from \nwhich it is being done is anomalous. \nThe query below generates known clusters of ip address per caller, notice that users which only had single\noperations do not appear in this list as we cannot learn from it their normal activity (only based on a single\nevent). The activities for listing storage account keys is correlated with this learned \nclusters of expected activities and activity which is not expected is returned."
                  },
                  {
                    "name": "tactics",
                    "value": "Discovery"
                  },
                  {
                    "name": "techniques",
                    "value": "T1087"
                  }
                ]
              }
            },
            {
              "type": "Microsoft.OperationalInsights/workspaces/providers/metadata",
              "apiVersion": "2022-01-01-preview",
              "name": "[concat(parameters('workspace'),'/Microsoft.SecurityInsights/',concat('HuntingQuery-', last(split(resourceId('Microsoft.OperationalInsights/savedSearches', '5d2399f9-ea5c-4e67-9435-1fba745f3a39'),'/'))))]",
              "properties": {
                "description": "Azure Activity Hunting Query 3",
                "parentId": "[resourceId('Microsoft.OperationalInsights/savedSearches', '5d2399f9-ea5c-4e67-9435-1fba745f3a39')]",
                "contentId": "5d2399f9-ea5c-4e67-9435-1fba745f3a39",
                "kind": "HuntingQuery",
                "version": "2.0.0",
                "source": {
                  "kind": "Solution",
                  "name": "Azure Activity",
                  "sourceId": "azuresentinel.azure-sentinel-solution-azureactivity"
                },
                "author": {
                  "name": "Microsoft",
                  "email": "support@microsoft.com"
                },
                "support": {
                  "tier": "Microsoft",
                  "name": "Microsoft Corporation",
                  "email": "support@microsoft.com",
                  "link": "https://support.microsoft.com/"
                }
              }
            }
          ]
        }
      }
    }
  ]
}