{
  "$schema": "https://schema.management.azure.com/schemas/2019-04-01/deploymentTemplate.json#",
  "contentVersion": "2.0.0",
  "parameters": {
    "location": {
      "type": "string",
      "minLength": 1,
      "defaultValue": "[resourceGroup().location]",
      "metadata": {
        "description": "Not used, but needed to pass arm-ttk test `Location-Should-Not-Be-Hardcoded`.  We instead use the `workspace-location` which is derived from the LA workspace"
      }
    },
    "workspace": {
      "defaultValue": "",
      "type": "string",
      "metadata": {
        "description": "Workspace name for Log Analytics where Microsoft Sentinel is setup"
      }
    },
    "workspace-location": {
      "type": "string",
      "defaultValue": "",
      "metadata": {
        "description": "[concat('Region to deploy solution resources -- separate from location selection',parameters('location'))]"
      }
    }
  },
  "resources": [
    {
      "type": "Microsoft.OperationalInsights/workspaces/providers/contentTemplates",
      "name": "[concat(parameters('workspace'),'/Microsoft.SecurityInsights/',concat(concat(parameters('workspace'),'-hq-',uniquestring('a09e6368-065b-4f1e-a4ce-b1b3a64b493b')),'2.0.0'))]",
      "location": "[parameters('workspace-location')]",
      "apiVersion": "2022-08-01",
      "dependsOn": [
        "[extensionResourceId(resourceId('Microsoft.OperationalInsights/workspaces', parameters('workspace')), 'Microsoft.SecurityInsights/contentPackages', 'azuresentinel.azure-sentinel-solution-azureactivity')]"
      ],
      "properties": {
        "contentId": "a09e6368-065b-4f1e-a4ce-b1b3a64b493b",
        "displayName": "",
        "contentKind": "HuntingQuery",
        "mainTemplate": {
          "resources": [
            {
              "type": "Microsoft.OperationalInsights/savedSearches",
              "apiVersion": "2020-08-01",
              "name": "Azure_Activity_Hunting_Query_11",
              "location": "[parameters('workspace-location')]",
              "properties": {
                "eTag": "*",
                "displayName": "Creation of an anomalous number of resources",
                "category": "Hunting Queries",
                "query": "\nAzureActivity\n| where OperationNameValue in~ (\"microsoft.compute/virtualMachines/write\", \"microsoft.resources/deployments/write\")\n| where ActivityStatusValue == \"Succeeded\" \n| make-series dcount(ResourceId)  default=0 on EventSubmissionTimestamp in range(ago(7d), now(), 1d) by Caller\n| extend AccountCustomEntity = Caller\n| extend timestamp = todatetime(EventSubmissionTimestamp[7])\n",
                "version": 2,
                "tags": [
                  {
                    "name": "description",
                    "value": "Looks for anomalous number of resources creation or deployment activities in azure activity log.\nIt is best to run this query on a look back period which is at least 7 days."
                  },
                  {
                    "name": "tactics",
                    "value": "Impact"
                  },
                  {
                    "name": "techniques",
                    "value": "T1496"
                  }
                ]
              }
            },
            {
              "type": "Microsoft.OperationalInsights/workspaces/providers/metadata",
              "apiVersion": "2022-01-01-preview",
              "name": "[concat(parameters('workspace'),'/Microsoft.SecurityInsights/',concat('HuntingQuery-', last(split(resourceId('Microsoft.OperationalInsights/savedSearches', 'a09e6368-065b-4f1e-a4ce-b1b3a64b493b'),'/'))))]",
              "properties": {
                "description": "Azure Activity Hunting Query 11",
                "parentId": "[resourceId('Microsoft.OperationalInsights/savedSearches', 'a09e6368-065b-4f1e-a4ce-b1b3a64b493b')]",
                "contentId": "a09e6368-065b-4f1e-a4ce-b1b3a64b493b",
                "kind": "HuntingQuery",
                "version": "2.0.0",
                "source": {
                  "kind": "Solution",
                  "name": "Azure Activity",
                  "sourceId": "azuresentinel.azure-sentinel-solution-azureactivity"
                },
                "author": {
                  "name": "Microsoft",
                  "email": "support@microsoft.com"
                },
                "support": {
                  "tier": "Microsoft",
                  "name": "Microsoft Corporation",
                  "email": "support@microsoft.com",
                  "link": "https://support.microsoft.com/"
                }
              }
            }
          ]
        }
      }
    }
  ]
}