{
  "$schema": "https://schema.management.azure.com/schemas/2019-04-01/deploymentTemplate.json#",
  "contentVersion": "2.0.0",
  "parameters": {
    "location": {
      "type": "string",
      "minLength": 1,
      "defaultValue": "[resourceGroup().location]",
      "metadata": {
        "description": "Not used, but needed to pass arm-ttk test `Location-Should-Not-Be-Hardcoded`.  We instead use the `workspace-location` which is derived from the LA workspace"
      }
    },
    "workspace": {
      "defaultValue": "",
      "type": "string",
      "metadata": {
        "description": "Workspace name for Log Analytics where Microsoft Sentinel is setup"
      }
    },
    "workspace-location": {
      "type": "string",
      "defaultValue": "",
      "metadata": {
        "description": "[concat('Region to deploy solution resources -- separate from location selection',parameters('location'))]"
      }
    }
  },
  "resources": [
    {
      "type": "Microsoft.OperationalInsights/workspaces/providers/contentTemplates",
      "name": "[concat(parameters('workspace'),'/Microsoft.SecurityInsights/',concat(concat(parameters('workspace'),'-hq-',uniquestring('43cb0347-bdcc-4e83-af5a-cebbd03971d8')),'2.0.0'))]",
      "location": "[parameters('workspace-location')]",
      "apiVersion": "2022-08-01",
      "dependsOn": [
        "[extensionResourceId(resourceId('Microsoft.OperationalInsights/workspaces', parameters('workspace')), 'Microsoft.SecurityInsights/contentPackages', 'azuresentinel.azure-sentinel-solution-azureactivity')]"
      ],
      "properties": {
        "contentId": "43cb0347-bdcc-4e83-af5a-cebbd03971d8",
        "displayName": "",
        "contentKind": "HuntingQuery",
        "mainTemplate": {
          "resources": [
            {
              "type": "Microsoft.OperationalInsights/savedSearches",
              "apiVersion": "2020-08-01",
              "name": "Azure_Activity_Hunting_Query_2",
              "location": "[parameters('workspace-location')]",
              "properties": {
                "eTag": "*",
                "displayName": "Anomalous Azure Operation Hunting Model",
                "category": "Hunting Queries",
                "query": "// When the detection window will end (3 days prior to now)\nlet startDetectDate = 3d;\n// When the detection window will start (now)\nlet endDetectDate = 0d;\n// When to start collecting data for detection\nlet startDate = startDetectDate + 30d;\n// Operation to monitor, in this case Run Command\nlet monitoredOps = dynamic(['microsoft.compute/virtualmachines/runcommand/action']);\n// The resource type to monitor, in this case virtual machines\nlet monitoredResource = pack_array('microsoft.compute/virtualmachines');\nlet pair_probabilities_fl = (tbl:(*), A_col:string, B_col:string, scope_col:string)\n{\nlet T = (tbl | extend _A = column_ifexists(A_col, ''), _B = column_ifexists(B_col, ''), _scope = column_ifexists(scope_col, ''));\nlet countOnScope = T | summarize countAllOnScope = count() by _scope;\nlet probAB = T | summarize countAB = count() by _A, _B, _scope | join kind = leftouter (countOnScope) on _scope | extend P_AB = todouble(countAB)/countAllOnScope;\nlet probA  = probAB | summarize countA = sum(countAB), countAllOnScope = max(countAllOnScope) by _A, _scope | extend P_A = todouble(countA)/countAllOnScope;\nlet probB  = probAB | summarize countB = sum(countAB), countAllOnScope = max(countAllOnScope) by _B, _scope | extend P_B = todouble(countB)/countAllOnScope;\n    probAB\n    | join kind = leftouter (probA) on _A, _scope\n    | join kind = leftouter (probB) on _B, _scope\n    | extend P_AUB = P_A + P_B - P_AB\n           , P_AIB = P_AB/P_B\n           , P_BIA = P_AB/P_A\n    | extend Lift_AB = P_AB/(P_A * P_B)\n           , Jaccard_AB = P_AB/P_AUB\n    | project _A, _B, _scope, floor(P_A, 0.00001), floor(P_B, 0.00001), floor(P_AB, 0.00001), floor(P_AUB, 0.00001), floor(P_AIB, 0.00001)\n    , floor(P_BIA, 0.00001), floor(Lift_AB, 0.00001), floor(Jaccard_AB, 0.00001)\n    | sort by _scope, _A, _B\n};\nlet eventsTable = materialize (\nAzureActivity\n| where TimeGenerated between (ago(startDate) .. ago(endDetectDate))\n| where isnotempty(CallerIpAddress)\n| where ActivityStatusValue has_any ('Success', 'Succeeded')\n| extend ResourceId = iff(isempty(_ResourceId), ResourceId, _ResourceId)\n| extend splitOp = split(OperationNameValue, '/')\n| extend splitRes = split(ResourceId, '/')\n| project TimeGenerated , subscriptionId=SubscriptionId\n            , ResourceProvider\n            , ResourceName = tolower(tostring(splitRes[-1]))\n            , OperationNameValue = tolower(OperationNameValue)\n            , timeSlice = floor(TimeGenerated, 1d)\n            , clientIp = tostring(CallerIpAddress)\n            , Caller\n            , isMonitoredOp = iff(OperationNameValue has_any (monitoredOps), 1, 0)\n            , isMonitoredResource = iff(OperationNameValue has_any (monitoredResource), 1, 0)\n            , CorrelationId\n| extend clientIpMask = format_ipv4_mask(clientIp, 16)\n);\nlet modelData =  (\neventsTable\n| where TimeGenerated < ago(startDetectDate) and isnotempty(Caller) and isnotempty(subscriptionId)\n| summarize countEvents = count(), countMonRes = countif(isMonitoredResource == 1), counMonOp = countif(isMonitoredOp == 1)\n    , firstSeen = min(timeSlice), firstSeenOnMonRes = minif(timeSlice, isMonitoredResource == 1), firstSeenOnMonOp = minif(timeSlice, isMonitoredOp == 1)\n    by subscriptionId, Caller, clientIpMask\n);\nlet monOpProbs = materialize (\neventsTable\n| where TimeGenerated < ago(startDetectDate) and isnotempty(Caller) and isnotempty(subscriptionId)\n| invoke pair_probabilities_fl('Caller', 'isMonitoredResource','subscriptionId')\n| where _B == 1\n| sort by P_AIB desc\n| extend rankOnMonRes = row_rank(P_AIB), sumBiggerCondProbs = row_cumsum(P_AIB) - P_AIB\n| extend avgBiggerCondProbs = floor(iff(rankOnMonRes > 1, sumBiggerCondProbs/(rankOnMonRes-1), max_of(0.0, prev(sumBiggerCondProbs))), 0.00001)\n| project-away sumBiggerCondProbs\n);\neventsTable\n| where TimeGenerated between (ago(startDetectDate) .. ago(endDetectDate))\n| join kind = leftouter (modelData | summarize countEventsPrincOnSub = sum(countEvents), countEventsMonResPrincOnSub = sum(countMonRes),  countEventsMonOpPrincOnSub = sum(counMonOp)\n    , firstSeenPrincOnSubs = min(firstSeen), firstSeenMonResPrincOnSubs = min(firstSeenOnMonRes), firstSeenMonOpPrincOnSubs = min(firstSeenOnMonOp) by subscriptionId, Caller) \n        on subscriptionId, Caller\n| join kind = leftouter (modelData | summarize countEventsIpMaskOnSub = sum(countEvents), countEventsMonResIpMaskOnSub = sum(countMonRes),  countEventsMonOpIpMaskOnSub = sum(counMonOp)\n    , firstSeenIpMaskOnSubs = min(firstSeen), firstSeenMonResIpMaskOnSubs = min(firstSeenOnMonRes), firstSeenMonOpIpMaskOnSubs = min(firstSeenOnMonOp) by subscriptionId, clientIpMask) \n        on subscriptionId, clientIpMask\n| join kind = leftouter (modelData | summarize countEventsOnSub = sum(countEvents), countEventsMonResOnSub = sum(countMonRes),  countEventsMonOpOnSub = sum(counMonOp)\n    , firstSeenOnSubs = min(firstSeen), firstSeenMonResOnSubs = min(firstSeenOnMonRes), firstSeenMonOpOnSubs = min(firstSeenOnMonOp)\n    , countCallersOnSubs = dcount(Caller), countIpMasksOnSubs = dcount(clientIpMask) by subscriptionId)\n        on subscriptionId        \n| project-away subscriptionId1, Caller1, subscriptionId2\n| extend daysOnSubs = datetime_diff('day', timeSlice, firstSeenOnSubs)\n| extend avgMonOpOnSubs = floor(1.0*countEventsMonOpOnSub/daysOnSubs, 0.01), avgMonResOnSubs = floor(1.0*countEventsMonResOnSub/daysOnSubs, 0.01)\n| join kind = leftouter(monOpProbs) on $left.subscriptionId == $right._scope, $left.Caller == $right._A\n| project-away _A, _B, _scope\n| sort by subscriptionId asc, TimeGenerated asc\n| extend rnOnSubs = row_number(1, subscriptionId != prev(subscriptionId))\n| sort by subscriptionId asc, Caller asc, TimeGenerated asc\n| extend rnOnCallerSubs = row_number(1, (subscriptionId != prev(subscriptionId) and (Caller != prev(Caller))))\n| extend newCaller = iff(isempty(firstSeenPrincOnSubs), 1, 0)\n    , newCallerOnMonRes = iff(isempty(firstSeenMonResPrincOnSubs), 1, 0)\n    , newIpMask = iff(isempty(firstSeenIpMaskOnSubs), 1, 0)\n    , newIpMaskOnMonRes = iff(isempty(firstSeenMonResIpMaskOnSubs), 1, 0)\n    , newMonOpOnSubs = iff(isempty(firstSeenMonResOnSubs), 1, 0)\n    , anomCallerMonRes = iff(((Jaccard_AB <= 0.1) or (P_AIB <= 0.1)), 1, 0)\n| project TimeGenerated, subscriptionId,  ResourceProvider, ResourceName, OperationNameValue, Caller, CorrelationId, ClientIP=clientIp, ActiveDaysOnSub=daysOnSubs, avgMonOpOnSubs, newCaller, newCallerOnMonRes, newIpMask, newIpMaskOnMonRes, newMonOpOnSubs, anomCallerMonRes, isMonitoredOp, isMonitoredResource\n| order by TimeGenerated\n| where isMonitoredOp == 1\n// Optional - focus only on monitored operations or monitored resource in detection window\n| where isMonitoredOp == 1\n//| where isMonitoredResource == 1\n",
                "version": 2,
                "tags": [
                  {
                    "name": "description",
                    "value": "This query can be used during threat hunts to identify a range of different Azure Operation anomalies.\nThe query is heavily commented inline to explain operation. Anomalies covered are: New Caller, New Caller IP,\nNew Caller IP Range, Anomalous operation based on Jaccard index. By default this query is configured to detect\nanomalous Run Command operations. The operation and resource type to perform anomaly detection can be configured \nat the top of the query along with the detection window parameters"
                  },
                  {
                    "name": "tactics",
                    "value": "LateralMovement,CredentialAccess"
                  },
                  {
                    "name": "techniques",
                    "value": "T1570,T1078.004"
                  }
                ]
              }
            },
            {
              "type": "Microsoft.OperationalInsights/workspaces/providers/metadata",
              "apiVersion": "2022-01-01-preview",
              "name": "[concat(parameters('workspace'),'/Microsoft.SecurityInsights/',concat('HuntingQuery-', last(split(resourceId('Microsoft.OperationalInsights/savedSearches', '43cb0347-bdcc-4e83-af5a-cebbd03971d8'),'/'))))]",
              "properties": {
                "description": "Azure Activity Hunting Query 2",
                "parentId": "[resourceId('Microsoft.OperationalInsights/savedSearches', '43cb0347-bdcc-4e83-af5a-cebbd03971d8')]",
                "contentId": "43cb0347-bdcc-4e83-af5a-cebbd03971d8",
                "kind": "HuntingQuery",
                "version": "2.0.0",
                "source": {
                  "kind": "Solution",
                  "name": "Azure Activity",
                  "sourceId": "azuresentinel.azure-sentinel-solution-azureactivity"
                },
                "author": {
                  "name": "Microsoft",
                  "email": "support@microsoft.com"
                },
                "support": {
                  "tier": "Microsoft",
                  "name": "Microsoft Corporation",
                  "email": "support@microsoft.com",
                  "link": "https://support.microsoft.com/"
                }
              }
            }
          ]
        }
      }
    }
  ]
}