{
  "$schema": "https://schema.management.azure.com/schemas/2019-04-01/deploymentTemplate.json#",
  "contentVersion": "1.0.0.0",
  "parameters": {
    "location": {
      "type": "string",
      "minLength": 1,
      "defaultValue": "[resourceGroup().location]",
      "metadata": {
        "description": "Not used, but needed to pass arm-ttk test `Location-Should-Not-Be-Hardcoded`.  We instead use the `workspace-location` which is derived from the LA workspace"
      }
    },
    "workspace-location": {
      "type": "string",
      "defaultValue": "",
      "metadata": {
        "description": "[concat('Region to deploy solution resources -- separate from location selection',parameters('location'))]"
      }
    },
    "workspace": {
      "defaultValue": "",
      "type": "string",
      "metadata": {
        "description": "Workspace name for Log Analytics where Microsoft Sentinel is setup"
      }
    }
  },
  "variables": {},
  "resources": [
    {
      "type": "Microsoft.OperationalInsights/workspaces/providers/packages",
      "location": "[parameters('workspace-location')]",
      "apiVersion": "2022-08-01",
      "properties": {
        "packageKind": "Standalone",
        "packageItems": {
          "resources": [
            {
              "type": "Microsoft.OperationalInsights/workspaces/providers/contentTemplates",
              "name": "[concat(parameters('workspace'),'/Microsoft.SecurityInsights/', '2f6032ac-bb18-48b0-855a-7b05cf074957')]",
              "location": "[parameters('workspace-location')]",
              "kind": "shared",
              "apiVersion": "2022-08-01",
              "properties": {
                "contentId": "2f6032ac-bb18-48b0-855a-7b05cf074957",
                "displayName": "External IP address in Command Line",
                "contentKind": "HuntingQuery",
                "mainTemplate": {
                  "$schema": "https://schema.management.azure.com/schemas/2019-04-01/deploymentTemplate.json#",
                  "contentVersion": "1.0.0",
                  "resources": [
                    {
                      "type": "Microsoft.OperationalInsights/savedSearches",
                      "apiVersion": "2020-08-01",
                      "name": "2f6032ac-bb18-48b0-855a-7b05cf074957",
                      "location": "[parameters('workspace-location')]",
                      "properties": {
                        "eTag": "*",
                        "displayName": "External IP address in Command Line",
                        "category": "Hunting Queries",
                        "query": "// Add any expected range prefixes here\n  let exclusion_ranges = dynamic([\"\"]);\n  let ipv4_regex = \"([^ ](\\\\b25[0-5]|\\\\b2[0-4][0-9]|\\\\b[01]?[0-9][0-9]?)(\\\\.(25[0-5]|2[0-4][0-9]|[01]?[0-9][0-9]?)){3}|(\\\\b25[0-5]|\\\\b2[0-4][0-9]|\\\\b[01]?[0-9][0-9]?)(\\\\.(25[0-5]|2[0-4][0-9]|[01]?[0-9][0-9]?)){3}[^ ])\";\n  let processes = dynamic([\"cmd.exe\", \"powershell\"]);\n  SecurityEvent\n  | where EventID == 4688\n  | where Process has_any(processes)\n  | extend IP = extract(ipv4_regex, 1, CommandLine)\n  | where isnotempty(IP)\n  | where not(ipv4_is_private(IP))\n  | where not(has_any_ipv4_prefix(IP, exclusion_ranges))\n  | summarize FirstSeen=min(TimeGenerated), LastSeen=max(TimeGenerated), Hosts=makeset(Computer), Accounts=makeset(Account) by IP, CommandLine, Process\n  | extend Host_count = array_length(Hosts)\n  | sort by Host_count desc\n  | project-reorder Host_count, IP, Process, CommandLine\n",
                        "version": 2,
                        "tags": [
                          {
                            "name": "description",
                            "value": "This query looks for command lines that contain a public IP address. Attackers may use a hard coded IP for C2 or exfiltration.\n  This query can be filtered to exclude network prefixes that are known to be legitimate."
                          },
                          {
                            "name": "techniques",
                            "value": ""
                          },
                          {
                            "name": "tactics",
                            "value": "CommandAndControl,Exfiltration"
                          }
                        ]
                      }
                    },
                    {
                      "type": "Microsoft.OperationalInsights/workspaces/providers/metadata",
                      "apiVersion": "2021-03-01-preview",
                      "name": "[concat(parameters('workspace'),'/Microsoft.SecurityInsights/',concat('huntingQuery-', '2f6032ac-bb18-48b0-855a-7b05cf074957'))]",
                      "properties": {
                        "description": "This query looks for command lines that contain a public IP address. Attackers may use a hard coded IP for C2 or exfiltration.\n  This query can be filtered to exclude network prefixes that are known to be legitimate.",
                        "version": "1.0.0",
                        "author": {
                          "name": "Pete Bryan"
                        },
                        "support": {
                          "tier": "Community",
                          "name": "Community",
                          "link": "https://github.com/Azure/Azure-Sentinel/issues"
                        },
                        "source": {
                          "kind": "Community",
                          "name": "Standalone"
                        },
                        "threatAnalysisTactics": [
                          "CommandAndControl",
                          "Exfiltration"
                        ],
                        "threatAnalyticsTechniques": [
                          "T1041",
                          "T1071"
                        ],
                        "contentId": "2f6032ac-bb18-48b0-855a-7b05cf074957",
                        "parentId": "2f6032ac-bb18-48b0-855a-7b05cf074957",
                        "kind": "HuntingQuery",
                        "dependencies": {
                          "operator": "AND",
                          "criteria": [
                            {
                              "contentId": "SecurityEvents",
                              "kind": "DataType"
                            }
                          ]
                        }
                      }
                    }
                  ]
                }
              }
            }
          ]
        },
        "author": {
          "name": "Pete Bryan"
        },
        "categories": {
          "domains": [
            "Security - Network"
          ]
        },
        "dependencies": {
          "operator": "AND",
          "criteria": [
            {
              "contentId": "2f6032ac-bb18-48b0-855a-7b05cf074957",
              "kind": "HuntingQuery"
            }
          ]
        },
        "description": "This query looks for command lines that contain a public IP address. Attackers may use a hard coded IP for C2 or exfiltration.\n  This query can be filtered to exclude network prefixes that are known to be legitimate.",
        "displayName": "External IP address in Command Line",
        "packageId": "2f6032ac-bb18-48b0-855a-7b05cf074957",
        "source": {
          "kind": "Community",
          "name": "Standalone"
        },
        "support": {
          "tier": "Community",
          "name": "Community",
          "link": "https://github.com/Azure/Azure-Sentinel/issues"
        },
        "threatAnalysisTactics": [
          "CommandAndControl",
          "Exfiltration"
        ],
        "threatAnalyticsTechniques": [
          "T1041",
          "T1071"
        ],
        "version": "1.0.0"
      },
      "name": "2f6032ac-bb18-48b0-855a-7b05cf074957"
    }
  ]
}