{
  "$schema": "https://schema.management.azure.com/schemas/2019-04-01/deploymentTemplate.json#",
  "contentVersion": "1.0.0.0",
  "parameters": {
    "location": {
      "type": "string",
      "minLength": 1,
      "defaultValue": "[resourceGroup().location]",
      "metadata": {
        "description": "Not used, but needed to pass arm-ttk test `Location-Should-Not-Be-Hardcoded`.  We instead use the `workspace-location` which is derived from the LA workspace"
      }
    },
    "workspace-location": {
      "type": "string",
      "defaultValue": "",
      "metadata": {
        "description": "[concat('Region to deploy solution resources -- separate from location selection',parameters('location'))]"
      }
    },
    "workspace": {
      "defaultValue": "",
      "type": "string",
      "metadata": {
        "description": "Workspace name for Log Analytics where Microsoft Sentinel is setup"
      }
    }
  },
  "variables": {},
  "resources": [
    {
      "type": "Microsoft.OperationalInsights/workspaces/providers/packages",
      "location": "[parameters('workspace-location')]",
      "apiVersion": "2022-08-01",
      "properties": {
        "packageKind": "Standalone",
        "packageItems": {
          "resources": [
            {
              "type": "Microsoft.OperationalInsights/workspaces/providers/contentTemplates",
              "name": "[concat(parameters('workspace'),'/Microsoft.SecurityInsights/', '73ac88c0-f073-4b23-8ac4-9f40ea11308d')]",
              "location": "[parameters('workspace-location')]",
              "kind": "shared",
              "apiVersion": "2022-08-01",
              "properties": {
                "contentId": "73ac88c0-f073-4b23-8ac4-9f40ea11308d",
                "displayName": "Anomalous Azure Active Directory apps based on authentication location",
                "contentKind": "HuntingQuery",
                "mainTemplate": {
                  "$schema": "https://schema.management.azure.com/schemas/2019-04-01/deploymentTemplate.json#",
                  "contentVersion": "1.0.0",
                  "resources": [
                    {
                      "type": "Microsoft.OperationalInsights/savedSearches",
                      "apiVersion": "2020-08-01",
                      "name": "73ac88c0-f073-4b23-8ac4-9f40ea11308d",
                      "location": "[parameters('workspace-location')]",
                      "properties": {
                        "eTag": "*",
                        "displayName": "Anomalous Azure Active Directory apps based on authentication location",
                        "category": "Hunting Queries",
                        "query": "\nlet azureSignIns = \nSigninLogs\n| where SourceSystem == \"Azure AD\"\n| where OperationName == \"Sign-in activity\"\n| project TimeGenerated, OperationName, AppDisplayName , Identity, UserId, UserPrincipalName, Location, LocationDetails, \nClientAppUsed, DeviceDetail, ConditionalAccessPolicies;\nazureSignIns\n| extend locationString = strcat(tostring(LocationDetails[\"countryOrRegion\"]), \"/\", \ntostring(LocationDetails[\"state\"]), \"/\", tostring(LocationDetails[\"city\"]), \";\" , tostring(LocationDetails[\"geoCoordinates\"]))\n| summarize rawSigninCount = count(), countByAccount = dcount(UserId), locationCount = dcount(locationString) by AppDisplayName\n// tail - pick a threshold to rule out the very-high volume Azure AD apps\n| where rawSigninCount < 1000\n// more locations than accounts\n| where locationCount>countByAccount\n// almost as many / more locations than sign-ins!\n| where 1.0*rawSigninCount / locationCount > 0.8 \n| order by rawSigninCount  desc\n| join kind = leftouter (\n   azureSignIns \n) on AppDisplayName \n| project AppDisplayName, TimeGenerated , Identity, rawSigninCount, countByAccount, locationCount,  \nlocationString = strcat(tostring(LocationDetails[\"countryOrRegion\"]), \"/\", tostring(LocationDetails[\"state\"]), \"/\", \ntostring(LocationDetails[\"city\"]), \";\" , tostring(LocationDetails[\"geoCoordinates\"])), UserPrincipalName\n| extend timestamp = TimeGenerated, AccountCustomEntity = UserPrincipalName \n| order by AppDisplayName, TimeGenerated desc\n",
                        "version": 2,
                        "tags": [
                          {
                            "name": "description",
                            "value": "'This query over Azure AD sign-in activity highlights Azure AD apps with \nan unusually high ratio of distinct geolocations versus total number of authentications'\n"
                          },
                          {
                            "name": "techniques",
                            "value": ""
                          },
                          {
                            "name": "tactics",
                            "value": "InitialAccess"
                          }
                        ]
                      }
                    },
                    {
                      "type": "Microsoft.OperationalInsights/workspaces/providers/metadata",
                      "apiVersion": "2021-03-01-preview",
                      "name": "[concat(parameters('workspace'),'/Microsoft.SecurityInsights/',concat('huntingQuery-', '73ac88c0-f073-4b23-8ac4-9f40ea11308d'))]",
                      "properties": {
                        "description": "'This query over Azure AD sign-in activity highlights Azure AD apps with \nan unusually high ratio of distinct geolocations versus total number of authentications'\n",
                        "version": "1.0.0",
                        "author": {
                          "name": "Community"
                        },
                        "support": {
                          "name": "Community",
                          "link": "https://github.com/Azure/Azure-Sentinel/issues",
                          "tier": "Community"
                        },
                        "source": {
                          "kind": "Community",
                          "name": "Standalone"
                        },
                        "threatAnalysisTactics": [
                          "InitialAccess"
                        ],
                        "threatAnalyticsTechniques": [
                          "T1078"
                        ],
                        "contentId": "73ac88c0-f073-4b23-8ac4-9f40ea11308d",
                        "parentId": "73ac88c0-f073-4b23-8ac4-9f40ea11308d",
                        "kind": "HuntingQuery",
                        "dependencies": {
                          "operator": "AND",
                          "criteria": [
                            {
                              "contentId": "SigninLogs",
                              "kind": "DataType"
                            }
                          ]
                        }
                      }
                    }
                  ]
                }
              }
            }
          ]
        },
        "author": {
          "name": "Community"
        },
        "dependencies": {
          "operator": "AND",
          "criteria": [
            {
              "contentId": "73ac88c0-f073-4b23-8ac4-9f40ea11308d",
              "kind": "HuntingQuery"
            }
          ]
        },
        "description": "'This query over Azure AD sign-in activity highlights Azure AD apps with \nan unusually high ratio of distinct geolocations versus total number of authentications'\n",
        "displayName": "Anomalous Azure Active Directory apps based on authentication location",
        "packageId": "73ac88c0-f073-4b23-8ac4-9f40ea11308d",
        "source": {
          "kind": "Community",
          "name": "Standalone"
        },
        "support": {
          "name": "Community",
          "link": "https://github.com/Azure/Azure-Sentinel/issues",
          "tier": "Community"
        },
        "threatAnalysisTactics": [
          "InitialAccess"
        ],
        "threatAnalyticsTechniques": [
          "T1078"
        ],
        "version": "1.0.0"
      },
      "name": "73ac88c0-f073-4b23-8ac4-9f40ea11308d"
    }
  ]
}