{
  "$schema": "https://schema.management.azure.com/schemas/2019-04-01/deploymentTemplate.json#",
  "contentVersion": "1.0.0.0",
  "parameters": {
    "location": {
      "type": "string",
      "minLength": 1,
      "defaultValue": "[resourceGroup().location]",
      "metadata": {
        "description": "Not used, but needed to pass arm-ttk test `Location-Should-Not-Be-Hardcoded`.  We instead use the `workspace-location` which is derived from the LA workspace"
      }
    },
    "workspace-location": {
      "type": "string",
      "defaultValue": "",
      "metadata": {
        "description": "[concat('Region to deploy solution resources -- separate from location selection',parameters('location'))]"
      }
    },
    "workspace": {
      "defaultValue": "",
      "type": "string",
      "metadata": {
        "description": "Workspace name for Log Analytics where Microsoft Sentinel is setup"
      }
    }
  },
  "variables": {},
  "resources": [
    {
      "type": "Microsoft.OperationalInsights/workspaces/providers/packages",
      "location": "[parameters('workspace-location')]",
      "apiVersion": "2022-08-01",
      "properties": {
        "packageKind": "Standalone",
        "packageItems": {
          "resources": [
            {
              "type": "Microsoft.OperationalInsights/workspaces/providers/contentTemplates",
              "name": "[concat(parameters('workspace'),'/Microsoft.SecurityInsights/', '745a22ec-fed8-49b9-9f62-4570b7709da4')]",
              "location": "[parameters('workspace-location')]",
              "kind": "shared",
              "apiVersion": "2022-08-01",
              "properties": {
                "contentId": "745a22ec-fed8-49b9-9f62-4570b7709da4",
                "displayName": "Azure Active Directory sign-in burst from multiple locations",
                "contentKind": "HuntingQuery",
                "mainTemplate": {
                  "$schema": "https://schema.management.azure.com/schemas/2019-04-01/deploymentTemplate.json#",
                  "contentVersion": "1.0.0",
                  "resources": [
                    {
                      "type": "Microsoft.OperationalInsights/savedSearches",
                      "apiVersion": "2020-08-01",
                      "name": "745a22ec-fed8-49b9-9f62-4570b7709da4",
                      "location": "[parameters('workspace-location')]",
                      "properties": {
                        "eTag": "*",
                        "displayName": "Azure Active Directory sign-in burst from multiple locations",
                        "category": "Hunting Queries",
                        "query": "\nlet starttime = todatetime('{{StartTimeISO}}');\nlet endtime = todatetime('{{EndTimeISO}}');\nlet common_locations = (SigninLogs\n  | where TimeGenerated between(starttime..endtime)\n  | extend locationString= strcat(tostring(LocationDetails[\"countryOrRegion\"]), \"/\",\n  tostring(LocationDetails[\"state\"]))\n  | where locationString != \"//\"\n  | summarize count() by locationString\n  | take 100\n  | project locationString);\nlet signIns = (SigninLogs\n  | where TimeGenerated between(starttime..endtime)\n  | extend locationString= strcat(tostring(LocationDetails[\"countryOrRegion\"]), \"/\",\n  tostring(LocationDetails[\"state\"]))\n  | where locationString != \"//\" and locationString !endswith \"/\"\n  | where locationString !in (common_locations));\n// Adjust these to tune query\nlet lookupWindow = 10m;\nlet lookupBin = lookupWindow / 2.0; // lookup bin = equal to 1/2 of the lookup window\nlet threshold = 2;\nlet users = (signIns\n| summarize dcount(locationString) by Identity\n| where dcount_locationString > threshold\n| project Identity);\n  signIns\n  | where Identity in (users)\n  | project-rename Start=TimeGenerated\n  | extend TimeKey = bin(Start, lookupBin)\n  | join kind = inner (\n  signIns\n  | project-rename End=TimeGenerated, EndLocationString=locationString\n    // TimeKey on the right side of the join - emulates this authentication appearing several times\n    | extend TimeKey = range(bin(End - lookupWindow, lookupBin),\n    bin(End, lookupBin), lookupBin)\n    | mvexpand TimeKey to typeof(datetime) // translate TimeKey arrange range to a column\n  ) on Identity, TimeKey\n  | where End > Start\n  | project tostring(Start), tostring(End), locationString, EndLocationString, UserPrincipalName, timeSpan = End - Start, Identity, IPAddress, UserAgent\n  | where locationString != EndLocationString\n  | summarize ips=makeset(IPAddress), UAs=makeset(UserAgent) by timeSpan, Identity, locationString, EndLocationString, Start, End, UserPrincipalName\n  | extend timestamp = Start, AccountCustomEntity = UserPrincipalName\n  | order by Identity\n",
                        "version": 2,
                        "tags": [
                          {
                            "name": "description",
                            "value": "Highlights accounts associated with multiple authentications from different geographical locations in a short period of time."
                          },
                          {
                            "name": "techniques",
                            "value": ""
                          },
                          {
                            "name": "tactics",
                            "value": "CredentialAccess"
                          }
                        ]
                      }
                    },
                    {
                      "type": "Microsoft.OperationalInsights/workspaces/providers/metadata",
                      "apiVersion": "2021-03-01-preview",
                      "name": "[concat(parameters('workspace'),'/Microsoft.SecurityInsights/',concat('huntingQuery-', '745a22ec-fed8-49b9-9f62-4570b7709da4'))]",
                      "properties": {
                        "description": "Highlights accounts associated with multiple authentications from different geographical locations in a short period of time.",
                        "version": "1.0.0",
                        "author": {
                          "name": "Shain"
                        },
                        "support": {
                          "tier": "Community",
                          "name": "Community",
                          "link": "https://github.com/Azure/Azure-Sentinel/issues"
                        },
                        "source": {
                          "kind": "Community",
                          "name": "Standalone"
                        },
                        "threatAnalysisTactics": [
                          "CredentialAccess"
                        ],
                        "threatAnalyticsTechniques": [
                          "T1110"
                        ],
                        "contentId": "745a22ec-fed8-49b9-9f62-4570b7709da4",
                        "parentId": "745a22ec-fed8-49b9-9f62-4570b7709da4",
                        "kind": "HuntingQuery",
                        "dependencies": {
                          "operator": "AND",
                          "criteria": [
                            {
                              "contentId": "SigninLogs",
                              "kind": "DataType"
                            }
                          ]
                        }
                      }
                    }
                  ]
                }
              }
            }
          ]
        },
        "author": {
          "name": "Shain"
        },
        "categories": {
          "domains": [
            "Security - Other",
            "Identity"
          ]
        },
        "dependencies": {
          "operator": "AND",
          "criteria": [
            {
              "contentId": "745a22ec-fed8-49b9-9f62-4570b7709da4",
              "kind": "HuntingQuery"
            }
          ]
        },
        "description": "Highlights accounts associated with multiple authentications from different geographical locations in a short period of time.",
        "displayName": "Azure Active Directory sign-in burst from multiple locations",
        "packageId": "745a22ec-fed8-49b9-9f62-4570b7709da4",
        "source": {
          "kind": "Community",
          "name": "Standalone"
        },
        "support": {
          "tier": "Community",
          "name": "Community",
          "link": "https://github.com/Azure/Azure-Sentinel/issues"
        },
        "threatAnalysisTactics": [
          "CredentialAccess"
        ],
        "threatAnalyticsTechniques": [
          "T1110"
        ],
        "version": "1.0.0"
      },
      "name": "745a22ec-fed8-49b9-9f62-4570b7709da4"
    }
  ]
}