{
  "$schema": "https://schema.management.azure.com/schemas/2019-04-01/deploymentTemplate.json#",
  "contentVersion": "2.0.0",
  "parameters": {
    "location": {
      "type": "string",
      "minLength": 1,
      "defaultValue": "[resourceGroup().location]",
      "metadata": {
        "description": "Not used, but needed to pass arm-ttk test `Location-Should-Not-Be-Hardcoded`.  We instead use the `workspace-location` which is derived from the LA workspace"
      }
    },
    "workspace": {
      "defaultValue": "",
      "type": "string",
      "metadata": {
        "description": "Workspace name for Log Analytics where Microsoft Sentinel is setup"
      }
    },
    "workspace-location": {
      "type": "string",
      "defaultValue": "",
      "metadata": {
        "description": "[concat('Region to deploy solution resources -- separate from location selection',parameters('location'))]"
      }
    }
  },
  "resources": [
    {
      "type": "Microsoft.OperationalInsights/workspaces/providers/contentTemplates",
      "name": "[concat(parameters('workspace'),'/Microsoft.SecurityInsights/',concat(concat(parameters('workspace'),'-dc-',uniquestring('AzureKubernetes')),'2.0.0'))]",
      "location": "[parameters('workspace-location')]",
      "apiVersion": "2022-08-01",
      "dependsOn": [
        "[extensionResourceId(resourceId('Microsoft.OperationalInsights/workspaces', parameters('workspace')), 'Microsoft.SecurityInsights/contentPackages', 'azuresentinel.azure-sentinel-solution-azurekubernetes')]"
      ],
      "properties": {
        "contentId": "AzureKubernetes",
        "displayName": "Azure Kubernetes Service (AKS)",
        "contentKind": "DataConnector",
        "mainTemplate": {
          "resources": [
            {
              "name": "[concat(parameters('workspace'),'/Microsoft.SecurityInsights/','AzureKubernetes')]",
              "apiVersion": "2021-03-01-preview",
              "type": "Microsoft.OperationalInsights/workspaces/providers/dataConnectors",
              "location": "[parameters('workspace-location')]",
              "kind": "StaticUI",
              "properties": {
                "connectorUiConfig": {
                  "id": "AzureKubernetes",
                  "title": "Azure Kubernetes Service (AKS)",
                  "publisher": "Microsoft",
                  "descriptionMarkdown": "Azure Kubernetes Service (AKS) is an open-source, fully-managed container orchestration service that allows you to deploy, scale, and manage Docker containers and container-based applications in a cluster environment. This connector lets you stream your Azure Kubernetes Service (AKS) diagnostics logs into Microsoft Sentinel, allowing you to continuously monitor activity in all your instances.",
                  "graphQueries": [
                    {
                      "metricName": "Total data received",
                      "legend": "kube-apiserver",
                      "baseQuery": "AzureDiagnostics | where Category == \"kube-apiserver\""
                    },
                    {
                      "metricName": "Total data received",
                      "legend": "kube-audit",
                      "baseQuery": "AzureDiagnostics | where Category == \"kube-audit\""
                    },
                    {
                      "metricName": "Total data received",
                      "legend": "kube-audit-admin",
                      "baseQuery": "AzureDiagnostics | where Category == \"kube-audit-admin\""
                    },
                    {
                      "metricName": "Total data received",
                      "legend": "kube-controller-manager",
                      "baseQuery": "AzureDiagnostics | where Category == \"kube-controller-manager\""
                    },
                    {
                      "metricName": "Total data received",
                      "legend": "kube-scheduler",
                      "baseQuery": "AzureDiagnostics | where Category == \"kube-scheduler\""
                    },
                    {
                      "metricName": "Total data received",
                      "legend": "cluster-autoscaler",
                      "baseQuery": "AzureDiagnostics | where Category == \"cluster-autoscaler\""
                    },
                    {
                      "metricName": "Total data received",
                      "legend": "guard",
                      "baseQuery": "AzureDiagnostics | where Category == \"guard\""
                    }
                  ],
                  "connectivityCriterias": [
                    {
                      "type": "IsConnectedQuery",
                      "value": [
                        "AzureDiagnostics | where Category == \"kube-apiserver\"\n            | summarize LastLogReceived = max(TimeGenerated)\n            | project IsConnected = LastLogReceived > ago(7d)",
                        "AzureDiagnostics | where Category == \"kube-audit\"\n            | summarize LastLogReceived = max(TimeGenerated)\n            | project IsConnected = LastLogReceived > ago(7d)",
                        "AzureDiagnostics | where Category == \"kube-audit-admin\"\n            | summarize LastLogReceived = max(TimeGenerated)\n            | project IsConnected = LastLogReceived > ago(7d)",
                        "AzureDiagnostics | where Category == \"kube-controller-manager\"\n            | summarize LastLogReceived = max(TimeGenerated)\n            | project IsConnected = LastLogReceived > ago(7d)",
                        "AzureDiagnostics | where Category == \"kube-scheduler\"\n            | summarize LastLogReceived = max(TimeGenerated)\n            | project IsConnected = LastLogReceived > ago(7d)",
                        "AzureDiagnostics | where Category == \"cluster-autoscaler\"\n            | summarize LastLogReceived = max(TimeGenerated)\n            | project IsConnected = LastLogReceived > ago(7d)",
                        "AzureDiagnostics | where Category == \"guard\"\n            | summarize LastLogReceived = max(TimeGenerated)\n            | project IsConnected = LastLogReceived > ago(7d)"
                      ]
                    }
                  ],
                  "dataTypes": [
                    {
                      "name": "kube-apiserver",
                      "lastDataReceivedQuery": "AzureDiagnostics | where Category == \"kube-apiserver\"\n            | summarize Time = max(TimeGenerated)\n            | where isnotempty(Time)"
                    },
                    {
                      "name": "kube-audit",
                      "lastDataReceivedQuery": "AzureDiagnostics | where Category == \"kube-audit\"\n            | summarize Time = max(TimeGenerated)\n            | where isnotempty(Time)"
                    },
                    {
                      "name": "kube-audit-admin",
                      "lastDataReceivedQuery": "AzureDiagnostics | where Category == \"kube-audit-admin\"\n            | summarize Time = max(TimeGenerated)\n            | where isnotempty(Time)"
                    },
                    {
                      "name": "kube-controller-manager",
                      "lastDataReceivedQuery": "AzureDiagnostics | where Category == \"kube-controller-manager\"\n            | summarize Time = max(TimeGenerated)\n            | where isnotempty(Time)"
                    },
                    {
                      "name": "kube-scheduler",
                      "lastDataReceivedQuery": "AzureDiagnostics | where Category == \"kube-scheduler\"\n            | summarize Time = max(TimeGenerated)\n            | where isnotempty(Time)"
                    },
                    {
                      "name": "cluster-autoscaler",
                      "lastDataReceivedQuery": "AzureDiagnostics | where Category == \"cluster-autoscaler\"\n            | summarize Time = max(TimeGenerated)\n            | where isnotempty(Time)"
                    },
                    {
                      "name": "guard",
                      "lastDataReceivedQuery": "AzureDiagnostics | where Category == \"guard\"\n            | summarize Time = max(TimeGenerated)\n            | where isnotempty(Time)"
                    }
                  ]
                }
              }
            },
            {
              "type": "Microsoft.OperationalInsights/workspaces/providers/metadata",
              "apiVersion": "2022-01-01-preview",
              "name": "[concat(parameters('workspace'),'/Microsoft.SecurityInsights/',concat('DataConnector-', last(split(extensionResourceId(resourceId('Microsoft.OperationalInsights/workspaces', parameters('workspace')), 'Microsoft.SecurityInsights/dataConnectors', 'AzureKubernetes'),'/'))))]",
              "properties": {
                "parentId": "[extensionResourceId(resourceId('Microsoft.OperationalInsights/workspaces', parameters('workspace')), 'Microsoft.SecurityInsights/dataConnectors', 'AzureKubernetes')]",
                "contentId": "AzureKubernetes",
                "kind": "DataConnector",
                "version": "2.0.0",
                "source": {
                  "kind": "Solution",
                  "name": "Azure kubernetes Service",
                  "sourceId": "azuresentinel.azure-sentinel-solution-azurekubernetes"
                },
                "author": {
                  "name": "Microsoft",
                  "email": "support@microsoft.com"
                },
                "support": {
                  "name": "Microsoft Corporation",
                  "email": "support@microsoft.com",
                  "tier": "Microsoft",
                  "link": "https://support.microsoft.com"
                }
              }
            }
          ]
        }
      }
    }
  ]
}