{
  "$schema": "https://schema.management.azure.com/schemas/2019-04-01/deploymentTemplate.json#",
  "contentVersion": "1.0.0",
  "parameters": {
    "location": {
      "type": "string",
      "minLength": 1,
      "defaultValue": "[resourceGroup().location]",
      "metadata": {
        "description": "Not used, but needed to pass arm-ttk test `Location-Should-Not-Be-Hardcoded`.  We instead use the `workspace-location` which is derived from the LA workspace"
      }
    },
    "workspace": {
      "defaultValue": "",
      "type": "string",
      "metadata": {
        "description": "Workspace name for Log Analytics where Microsoft Sentinel is setup"
      }
    },
    "workspace-location": {
      "type": "string",
      "defaultValue": "",
      "metadata": {
        "description": "[concat('Region to deploy solution resources -- separate from location selection',parameters('location'))]"
      }
    }
  },
  "resources": [
    {
      "type": "Microsoft.OperationalInsights/workspaces/providers/contentTemplates",
      "name": "[concat(parameters('workspace'),'/Microsoft.SecurityInsights/',concat(concat(parameters('workspace'),'-hq-',uniquestring('c3ac03d5-dbf2-49ab-a2de-83396a20a5fb')),'1.0.0'))]",
      "location": "[parameters('workspace-location')]",
      "apiVersion": "2022-08-01",
      "dependsOn": [
        "[extensionResourceId(resourceId('Microsoft.OperationalInsights/workspaces', parameters('workspace')), 'Microsoft.SecurityInsights/contentPackages', 'azuresentinel.azure-sentinel-solution-azurekubernetes')]"
      ],
      "properties": {
        "contentId": "c3ac03d5-dbf2-49ab-a2de-83396a20a5fb",
        "displayName": "",
        "contentKind": "HuntingQuery",
        "mainTemplate": {
          "resources": [
            {
              "type": "Microsoft.OperationalInsights/savedSearches",
              "apiVersion": "2020-08-01",
              "name": "Azure_kubernetes_Service_Hunting_Query_1",
              "location": "[parameters('workspace-location')]",
              "properties": {
                "eTag": "*",
                "displayName": "Determine users with cluster admin role",
                "category": "Hunting Queries",
                "query": "AzureDiagnostics\n | where Category == \"kube-audit\"\n | where parse_json(log_s).verb == \"create\"\n | where parse_json(tostring(parse_json(tostring(parse_json(log_s).requestObject)).roleRef)).name == \"cluster-admin\"\n | where parse_json(tostring(parse_json(log_s).objectRef)).resource =~ \"ClusterRoleBinding\"\n | extend k8skind = parse_json(tostring(parse_json(log_s).requestObject)).kind\n | extend k8sroleref = parse_json(tostring(parse_json(tostring(parse_json(log_s).requestObject)).roleRef)).name\n | extend k8suser = parse_json(tostring(parse_json(log_s).user)).username\n | extend k8sipaddress = parse_json(tostring(parse_json(log_s).sourceIPs))[0]\n",
                "version": 2,
                "tags": [
                  {
                    "name": "description",
                    "value": "This query determines the cluster-admin role assigned to users and applied to resources across the entire cluster "
                  },
                  {
                    "name": "tactics",
                    "value": "Persistence"
                  },
                  {
                    "name": "techniques",
                    "value": "T1098"
                  }
                ]
              }
            },
            {
              "type": "Microsoft.OperationalInsights/workspaces/providers/metadata",
              "apiVersion": "2022-01-01-preview",
              "name": "[concat(parameters('workspace'),'/Microsoft.SecurityInsights/',concat('HuntingQuery-', last(split(resourceId('Microsoft.OperationalInsights/savedSearches', 'c3ac03d5-dbf2-49ab-a2de-83396a20a5fb'),'/'))))]",
              "properties": {
                "description": "Azure kubernetes Service Hunting Query 1",
                "parentId": "[resourceId('Microsoft.OperationalInsights/savedSearches', 'c3ac03d5-dbf2-49ab-a2de-83396a20a5fb')]",
                "contentId": "c3ac03d5-dbf2-49ab-a2de-83396a20a5fb",
                "kind": "HuntingQuery",
                "version": "1.0.0",
                "source": {
                  "kind": "Solution",
                  "name": "Azure kubernetes Service",
                  "sourceId": "azuresentinel.azure-sentinel-solution-azurekubernetes"
                },
                "author": {
                  "name": "Microsoft",
                  "email": "support@microsoft.com"
                },
                "support": {
                  "name": "Microsoft Corporation",
                  "email": "support@microsoft.com",
                  "tier": "Microsoft",
                  "link": "https://support.microsoft.com"
                }
              }
            }
          ]
        }
      }
    }
  ]
}