{
  "$schema": "https://schema.management.azure.com/schemas/2019-04-01/deploymentTemplate.json#",
  "contentVersion": "1.5.0",
  "parameters": {
    "location": {
      "type": "string",
      "minLength": 1,
      "defaultValue": "[resourceGroup().location]",
      "metadata": {
        "description": "Not used, but needed to pass arm-ttk test `Location-Should-Not-Be-Hardcoded`.  We instead use the `workspace-location` which is derived from the LA workspace"
      }
    },
    "workspace": {
      "defaultValue": "",
      "type": "string",
      "metadata": {
        "description": "Workspace name for Log Analytics where Microsoft Sentinel is setup"
      }
    }
  },
  "resources": [
    {
      "type": "Microsoft.OperationalInsights/workspaces/providers/contentTemplates",
      "name": "[concat(parameters('workspace'),'/Microsoft.SecurityInsights/',concat(concat(parameters('workspace'),'-wb-',uniquestring('AksSecurityWorkbook')),'1.5.0'))]",
      "location": "[parameters('workspace-location')]",
      "apiVersion": "2022-08-01",
      "dependsOn": [
        "[extensionResourceId(resourceId('Microsoft.OperationalInsights/workspaces', parameters('workspace')), 'Microsoft.SecurityInsights/contentPackages', 'azuresentinel.azure-sentinel-solution-azurekubernetes')]"
      ],
      "properties": {
        "contentId": "AksSecurityWorkbook",
        "displayName": "Azure Kubernetes Service (AKS) Security",
        "contentKind": "Workbook",
        "mainTemplate": {
          "resources": [
            {
              "type": "Microsoft.Insights/workbooks",
              "name": "AksSecurityWorkbook",
              "location": "[parameters('workspace-location')]",
              "kind": "shared",
              "apiVersion": "2021-08-01",
              "metadata": {
                "description": "See insights about the security of your AKS clusters. The workbook helps to identify sensitive operations in the clusters and get insights based on Azure Defender alerts."
              },
              "properties": {
                "displayName": "Azure Kubernetes Service (AKS) Security",
                "serializedData": "{\"version\":\"Notebook/1.0\",\"items\":[{\"type\":1,\"content\":{\"json\":\"## AKS Security\\n\"},\"name\":\"text - 2\"},{\"type\":9,\"content\":{\"version\":\"KqlParameterItem/1.0\",\"crossComponentResources\":[\"{workspaces}\"],\"parameters\":[{\"id\":\"311d3728-7f8a-4b16-8a34-097d099323d5\",\"version\":\"KqlParameterItem/1.0\",\"name\":\"subscription\",\"label\":\"Subscription\",\"type\":6,\"isRequired\":true,\"multiSelect\":true,\"quote\":\"'\",\"delimiter\":\",\",\"value\":\"\",\"typeSettings\":{\"includeAll\":false,\"showDefault\":false}},{\"id\":\"3a56d260-4fb9-46d6-b121-cea854104c91\",\"version\":\"KqlParameterItem/1.0\",\"name\":\"workspaces\",\"label\":\"Workspaces\",\"type\":5,\"isRequired\":true,\"multiSelect\":true,\"quote\":\"'\",\"delimiter\":\",\",\"query\":\"where type =~ 'microsoft.operationalinsights/workspaces'\\r\\n| where strcat('/subscriptions/',subscriptionId) in ({subscription})\\r\\n| project id\",\"crossComponentResources\":[\"{subscription}\"],\"typeSettings\":{\"additionalResourceOptions\":[\"value::all\"]},\"queryType\":1,\"resourceType\":\"microsoft.resourcegraph/resources\",\"value\":[\"value::all\"]},{\"id\":\"9615cea6-c661-470a-b4ae-1aab8ae6f448\",\"version\":\"KqlParameterItem/1.0\",\"name\":\"clustername\",\"label\":\"Cluster name\",\"type\":5,\"isRequired\":true,\"multiSelect\":true,\"quote\":\"'\",\"delimiter\":\",\",\"query\":\"where type == \\\"microsoft.containerservice/managedclusters\\\"\\r\\n| where strcat('/subscriptions/',subscriptionId) in ({subscription})\\r\\n| distinct tolower(id)\",\"crossComponentResources\":[\"{subscription}\"],\"value\":\"\",\"typeSettings\":{\"resourceTypeFilter\":{\"microsoft.containerservice/managedclusters\":true},\"additionalResourceOptions\":[\"value::all\"],\"showDefault\":false},\"timeContext\":{\"durationMs\":86400000},\"queryType\":1,\"resourceType\":\"microsoft.resourcegraph/resources\"},{\"id\":\"236c00ec-1493-4e60-927a-a18b8b120cd5\",\"version\":\"KqlParameterItem/1.0\",\"name\":\"timeframe\",\"label\":\"Time range\",\"type\":4,\"description\":\"Time\",\"isRequired\":true,\"value\":{\"durationMs\":172800000},\"typeSettings\":{\"selectableValues\":[{\"durationMs\":300000},{\"durationMs\":900000},{\"durationMs\":1800000},{\"durationMs\":3600000},{\"durationMs\":14400000},{\"durationMs\":43200000},{\"durationMs\":86400000},{\"durationMs\":172800000},{\"durationMs\":259200000},{\"durationMs\":604800000},{\"durationMs\":1209600000},{\"durationMs\":2419200000},{\"durationMs\":2592000000},{\"durationMs\":5184000000},{\"durationMs\":7776000000}],\"allowCustom\":true},\"timeContext\":{\"durationMs\":86400000}},{\"id\":\"bf0a3e4f-fff9-450c-b9d3-c8c1dded9787\",\"version\":\"KqlParameterItem/1.0\",\"name\":\"nodeRgDetails\",\"type\":1,\"query\":\"where type == \\\"microsoft.containerservice/managedclusters\\\"\\r\\n| where tolower(id) in ({clustername})\\r\\n| project nodeRG = properties.nodeResourceGroup, subscriptionId, id = toupper(id)\\r\\n| project nodeRgDetails = strcat('\\\"', nodeRG, \\\";\\\", subscriptionId, \\\";\\\", id, '\\\"')\",\"crossComponentResources\":[\"value::all\"],\"isHiddenWhenLocked\":true,\"timeContext\":{\"durationMs\":86400000},\"queryType\":1,\"resourceType\":\"microsoft.resourcegraph/resources\"},{\"id\":\"df53126c-c40f-43d5-b99f-97ee3785c086\",\"version\":\"KqlParameterItem/1.0\",\"name\":\"diagnosticClusters\",\"type\":1,\"query\":\"union withsource=_TableName *\\r\\n| where _TableName == \\\"AzureDiagnostics\\\" and Category == \\\"kube-audit\\\"\\r\\n| summarize diagnosticClusters = dcount(ResourceId)\\r\\n| project isDiagnosticCluster = iff(diagnosticClusters > 0, \\\"yes\\\", \\\"no\\\")\",\"crossComponentResources\":[\"{workspaces}\"],\"isHiddenWhenLocked\":true,\"timeContext\":{\"durationMs\":172800000},\"timeContextFromParameter\":\"timeframe\",\"queryType\":0,\"resourceType\":\"microsoft.operationalinsights/workspaces\"}],\"style\":\"pills\",\"queryType\":0,\"resourceType\":\"microsoft.operationalinsights/workspaces\"},\"name\":\"parameters - 3\"},{\"type\":11,\"content\":{\"version\":\"LinkItem/1.0\",\"style\":\"tabs\",\"links\":[{\"id\":\"07cf87dc-8234-47db-850d-ec41b2687b2a\",\"cellValue\":\"mainTab\",\"linkTarget\":\"parameter\",\"linkLabel\":\"Azure Defender for Kubernetes\",\"subTarget\":\"alerts\",\"preText\":\"\",\"style\":\"link\"},{\"id\":\"44033ee6-d83e-4253-a732-c258ef1da545\",\"cellValue\":\"mainTab\",\"linkTarget\":\"parameter\",\"linkLabel\":\"Analytics over Diagnostic logs\",\"subTarget\":\"diagnostics\",\"style\":\"link\"}]},\"name\":\"links - 22\"},{\"type\":12,\"content\":{\"version\":\"NotebookGroup/1.0\",\"groupType\":\"editable\",\"items\":[{\"type\":1,\"content\":{\"json\":\"## Azure Defender for AKS coverage\"},\"name\":\"text - 10\"},{\"type\":3,\"content\":{\"version\":\"KqlItem/1.0\",\"query\":\"datatable (Event:string)\\r\\n    [\\\"AKS Workbook\\\"]\\r\\n| extend cluster = (strcat(\\\"[\\\", \\\"{clustername}\\\", \\\"]\\\"))\\r\\n| extend cluster = todynamic(replace(\\\"'\\\", '\\\"', cluster))\\r\\n| mvexpand cluster\\r\\n| extend subscriptionId = extract(@\\\"/subscriptions/([^/]+)\\\", 1, tostring(cluster))\\r\\n| summarize AksClusters = count() by subscriptionId, DefenderForAks = 0\\r\\n| union\\r\\n(\\r\\nsecurityresources\\r\\n| where type =~ \\\"microsoft.security/pricings\\\"\\r\\n| where name == \\\"KubernetesService\\\" or name == \\\"Containers\\\"\\r\\n| project DefenderForAks = iif(properties.pricingTier == 'Standard', 1, 0), AksClusters = 0, subscriptionId\\r\\n)\\r\\n| summarize AksClusters = sum(AksClusters), DefenderForAks = sum(DefenderForAks) by subscriptionId\\r\\n| project Subscription = strcat('/subscriptions/', subscriptionId), [\\\"AKS clusters\\\"] = AksClusters, ['Defender for AKS'] = iif(DefenderForAks > 0,'yes','no'), ['Onboard Azure Defender'] = iif(DefenderForAks > 0, 'Onboarded', 'https://ms.portal.azure.com/#blade/Microsoft_Azure_Security/SecurityMenuBlade/26')\\r\\n| order by ['Defender for AKS'] asc\",\"size\":0,\"queryType\":1,\"resourceType\":\"microsoft.resourcegraph/resources\",\"crossComponentResources\":[\"{subscription}\"],\"gridSettings\":{\"formatters\":[{\"columnMatch\":\"Defender for AKS\",\"formatter\":18,\"formatOptions\":{\"thresholdsOptions\":\"icons\",\"thresholdsGrid\":[{\"operator\":\"==\",\"thresholdValue\":\"no\",\"representation\":\"4\",\"text\":\"\"},{\"operator\":\"Default\",\"representation\":\"success\",\"text\":\"\"}]}},{\"columnMatch\":\"Onboard Azure Defender\",\"formatter\":7,\"formatOptions\":{\"linkTarget\":\"Url\",\"linkLabel\":\"\"}}]}},\"customWidth\":\"66\",\"name\":\"query - 9\"},{\"type\":3,\"content\":{\"version\":\"KqlItem/1.0\",\"query\":\"datatable (Event:string)\\r\\n    [\\\"AKS Workbook\\\"]\\r\\n| extend cluster = (strcat(\\\"[\\\", \\\"{clustername}\\\", \\\"]\\\"))\\r\\n| extend cluster = todynamic(replace(\\\"'\\\", '\\\"', cluster))\\r\\n| mvexpand cluster\\r\\n| extend subscriptionId = extract(@\\\"/subscriptions/([^/]+)\\\", 1, tostring(cluster))\\r\\n| summarize AksClusters = count() by subscriptionId, DefenderForAks = 0\\r\\n| union\\r\\n(\\r\\nsecurityresources\\r\\n| where type =~ \\\"microsoft.security/pricings\\\"\\r\\n| where name == \\\"KubernetesService\\\" or name == \\\"Containers\\\"\\r\\n| project DefenderForAks = iif(properties.pricingTier == 'Standard', 1, 0), AksClusters = 0, subscriptionId\\r\\n)\\r\\n| summarize AksClusters = sum(AksClusters), DefenderForAks = sum(DefenderForAks) by subscriptionId\\r\\n| project Subscription = 1, ['Defender for AKS'] = iif(DefenderForAks > 0,'Protected by Azure Defender','Not protected by Azure Defender')\",\"size\":0,\"queryType\":1,\"resourceType\":\"microsoft.resourcegraph/resources\",\"crossComponentResources\":[\"{subscription}\"],\"visualization\":\"piechart\"},\"customWidth\":\"33\",\"name\":\"query - 11\"},{\"type\":1,\"content\":{\"json\":\"### AKS alerts overview\"},\"name\":\"text - 21\"},{\"type\":3,\"content\":{\"version\":\"KqlItem/1.0\",\"query\":\"SecurityAlert \\r\\n| where tolower(ResourceId) in ({clustername})\\r\\n| where TimeGenerated {timeframe}\\r\\n| where AlertType startswith \\\"K8S_\\\"\\r\\n| project image = tostring(todynamic(ExtendedProperties)[\\\"Container image\\\"]), AlertType\\r\\n| where image != \\\"\\\"\\r\\n| summarize AlertTypes = dcount(AlertType) by image\\r\\n| where AlertTypes > 1\\r\\n//| render piechart \\r\\n\",\"size\":4,\"title\":\"Images with multiple alerts\",\"queryType\":0,\"resourceType\":\"microsoft.operationalinsights/workspaces\",\"crossComponentResources\":[\"{workspaces}\"],\"visualization\":\"tiles\",\"tileSettings\":{\"showBorder\":false,\"titleContent\":{\"columnMatch\":\"image\",\"formatter\":1},\"leftContent\":{\"columnMatch\":\"AlertTypes\",\"formatter\":12,\"formatOptions\":{\"palette\":\"auto\"},\"numberFormat\":{\"unit\":17,\"options\":{\"maximumSignificantDigits\":3,\"maximumFractionDigits\":2}}}}},\"customWidth\":\"33\",\"name\":\"query - 12\"},{\"type\":3,\"content\":{\"version\":\"KqlItem/1.0\",\"query\":\"SecurityAlert \\r\\n| where tolower(ResourceId) in ({clustername})\\r\\n| where TimeGenerated {timeframe}\\r\\n| where AlertType startswith \\\"K8S_\\\"\\r\\n| project AlertType, name = extract(@\\\"/MICROSOFT.CONTAINERSERVICE/MANAGEDCLUSTERS/(.+)\\\", 1, ResourceId)\\r\\n| summarize AlertTypes = dcount(AlertType)  by  name\\r\\n| where AlertTypes > 1\\r\\n\",\"size\":4,\"title\":\"Clusters with multiple alert types\",\"queryType\":0,\"resourceType\":\"microsoft.operationalinsights/workspaces\",\"crossComponentResources\":[\"{workspaces}\"],\"visualization\":\"tiles\",\"tileSettings\":{\"showBorder\":false,\"titleContent\":{\"columnMatch\":\"name\",\"formatter\":1},\"leftContent\":{\"columnMatch\":\"AlertTypes\",\"formatter\":12,\"formatOptions\":{\"palette\":\"auto\"},\"numberFormat\":{\"unit\":17,\"options\":{\"maximumSignificantDigits\":3,\"maximumFractionDigits\":2}}}}},\"customWidth\":\"33\",\"name\":\"query - 12 - Copy\"},{\"type\":3,\"content\":{\"version\":\"KqlItem/1.0\",\"query\":\"SecurityAlert \\r\\n| where tolower(ResourceId) in ({clustername})\\r\\n| where TimeGenerated {timeframe}\\r\\n| where AlertType startswith \\\"K8S_\\\"\\r\\n| project AlertType, name = extract(@\\\"/MICROSOFT.CONTAINERSERVICE/MANAGEDCLUSTERS/(.+)\\\", 1, ResourceId)\\r\\n| summarize count() by name\\r\\n\\r\\n\",\"size\":4,\"title\":\"Alerts triggered by cluster\",\"queryType\":0,\"resourceType\":\"microsoft.operationalinsights/workspaces\",\"crossComponentResources\":[\"{workspaces}\"],\"visualization\":\"tiles\",\"tileSettings\":{\"showBorder\":false,\"titleContent\":{\"columnMatch\":\"name\",\"formatter\":1},\"leftContent\":{\"columnMatch\":\"count_\",\"formatter\":12,\"formatOptions\":{\"palette\":\"auto\"},\"numberFormat\":{\"unit\":17,\"options\":{\"maximumSignificantDigits\":3,\"maximumFractionDigits\":2}}}}},\"customWidth\":\"33\",\"name\":\"query - 12 - Copy - Copy\"},{\"type\":1,\"content\":{\"json\":\"### Seucirty alerts details\\r\\n\\r\\nTo filter, press on the severities below.\\r\\nYou can also filter based on a specific resource.\"},\"name\":\"text - 18\"},{\"type\":3,\"content\":{\"version\":\"KqlItem/1.0\",\"query\":\"SecurityAlert\\r\\n| where TimeGenerated {timeframe}\\r\\n| extend rg = extract(@\\\"/resourcegroups/([^/]+)\\\", 1, tolower(ResourceId))\\r\\n| extend sub = extract(@\\\"/subscriptions/([^/]+)\\\", 1, tolower(ResourceId))\\r\\n| extend nodesDetailsArr = todynamic('{nodeRgDetails}')\\r\\n| mv-expand singleNodeDetails = nodesDetailsArr\\r\\n| extend singleNodeArr = split(singleNodeDetails, \\\";\\\")\\r\\n| where tolower(singleNodeArr[0]) == rg and tolower(singleNodeArr[1]) == sub\\r\\n| project AlertSeverity\\r\\n| union\\r\\n(\\r\\nSecurityAlert \\r\\n| where tolower(ResourceId) in ({clustername})\\r\\n| where TimeGenerated {timeframe}\\r\\n| where AlertType startswith \\\"K8S_\\\"\\r\\n| project AlertSeverity\\r\\n)\\r\\n| summarize count() by AlertSeverity\",\"size\":0,\"title\":\"Alerts by severity\",\"exportMultipleValues\":true,\"exportedParameters\":[{\"fieldName\":\"AlertSeverity\",\"parameterName\":\"severity\",\"parameterType\":1,\"quote\":\"\"}],\"queryType\":0,\"resourceType\":\"microsoft.operationalinsights/workspaces\",\"crossComponentResources\":[\"{workspaces}\"],\"visualization\":\"tiles\",\"tileSettings\":{\"showBorder\":false,\"titleContent\":{\"columnMatch\":\"AlertSeverity\",\"formatter\":1},\"leftContent\":{\"columnMatch\":\"count_\",\"formatter\":12,\"formatOptions\":{\"palette\":\"auto\"},\"numberFormat\":{\"unit\":17,\"options\":{\"maximumSignificantDigits\":3,\"maximumFractionDigits\":2}}}}},\"customWidth\":\"11\",\"name\":\"Alerts by severity\"},{\"type\":3,\"content\":{\"version\":\"KqlItem/1.0\",\"query\":\"SecurityAlert\\r\\n| where TimeGenerated {timeframe}\\r\\n| where isnotempty(ResourceId)\\r\\n| where \\\"{severity}\\\" has AlertSeverity or isempty(\\\"{severity}\\\")\\r\\n| extend rg = extract(@\\\"/resourcegroups/([^/]+)\\\", 1, tolower(ResourceId))\\r\\n| extend sub = extract(@\\\"/subscriptions/([^/]+)\\\", 1, tolower(ResourceId))\\r\\n| extend nodesDetailsArr = todynamic('{nodeRgDetails}')\\r\\n| mv-expand singleNodeDetails = nodesDetailsArr\\r\\n| extend singleNodeArr = split(singleNodeDetails, \\\";\\\")\\r\\n| where tolower(singleNodeArr[0]) == rg and tolower(singleNodeArr[1]) == sub\\r\\n| project ResourceId\\r\\n| union\\r\\n(\\r\\nSecurityAlert \\r\\n| where isnotempty(ResourceId)\\r\\n| where tolower(ResourceId) in ({clustername})\\r\\n| where \\\"{severity}\\\" has AlertSeverity or isempty(\\\"{severity}\\\")\\r\\n| where TimeGenerated {timeframe}\\r\\n| where AlertType startswith \\\"K8S_\\\"\\r\\n| project ResourceId\\r\\n)\\r\\n| summarize Alerts = count() by ResourceId\\r\\n| order by Alerts desc\\r\\n| limit 10\",\"size\":0,\"title\":\"Resources with most alerts\",\"exportFieldName\":\"ResourceId\",\"exportParameterName\":\"selectedResource\",\"exportDefaultValue\":\"not_selected\",\"queryType\":0,\"resourceType\":\"microsoft.operationalinsights/workspaces\",\"crossComponentResources\":[\"{workspaces}\"],\"gridSettings\":{\"formatters\":[{\"columnMatch\":\"Alerts\",\"formatter\":4,\"formatOptions\":{\"palette\":\"red\"}}]}},\"customWidth\":\"22\",\"name\":\"Resources with most alerts\"},{\"type\":3,\"content\":{\"version\":\"KqlItem/1.0\",\"query\":\"\\r\\nSecurityAlert\\r\\n| where TimeGenerated {timeframe}\\r\\n| where \\\"{severity}\\\" has AlertSeverity or isempty(\\\"{severity}\\\")\\r\\n| extend rg = extract(@\\\"/resourcegroups/([^/]+)\\\", 1, tolower(ResourceId))\\r\\n| extend sub = extract(@\\\"/subscriptions/([^/]+)\\\", 1, tolower(ResourceId))\\r\\n| extend nodesDetailsArr = todynamic('{nodeRgDetails}')\\r\\n| mv-expand singleNodeDetails = nodesDetailsArr\\r\\n| extend singleNodeArr = split(singleNodeDetails, \\\";\\\")\\r\\n| where tolower(singleNodeArr[0]) == rg and tolower(singleNodeArr[1]) == sub\\r\\n| extend AlertResourceType = \\\"VM alerts\\\"\\r\\n| union\\r\\n(\\r\\nSecurityAlert \\r\\n| where tolower(ResourceId) in ({clustername})\\r\\n| where \\\"{severity}\\\" has AlertSeverity or isempty(\\\"{severity}\\\")\\r\\n| where TimeGenerated {timeframe}\\r\\n| where AlertType startswith \\\"K8S_\\\"\\r\\n| extend AlertResourceType = \\\"Cluster alerts\\\"\\r\\n)\\r\\n| summarize Alerts = count() by bin(TimeGenerated, {timeframe:grain}), AlertResourceType\",\"size\":0,\"title\":\"Alerts over time\",\"queryType\":0,\"resourceType\":\"microsoft.operationalinsights/workspaces\",\"crossComponentResources\":[\"{workspaces}\"],\"visualization\":\"timechart\"},\"customWidth\":\"66\",\"name\":\"Alerts over time\"},{\"type\":3,\"content\":{\"version\":\"KqlItem/1.0\",\"query\":\"SecurityAlert\\r\\n| where TimeGenerated {timeframe}\\r\\n| where \\\"{severity}\\\" has AlertSeverity or isempty(\\\"{severity}\\\")\\r\\n| extend rg = extract(@\\\"/resourcegroups/([^/]+)\\\", 1, tolower(ResourceId))\\r\\n| extend sub = extract(@\\\"/subscriptions/([^/]+)\\\", 1, tolower(ResourceId))\\r\\n| extend nodesDetailsArr = todynamic('{nodeRgDetails}')\\r\\n| mv-expand singleNodeDetails = nodesDetailsArr\\r\\n| extend singleNodeArr = split(singleNodeDetails, \\\";\\\")\\r\\n| where tolower(singleNodeArr[0]) == rg and tolower(singleNodeArr[1]) == sub\\r\\n| where tolower(ResourceId) == tolower(\\\"{selectedResource}\\\") or \\\"{selectedResource}\\\" == \\\"not_selected\\\"\\r\\n| project [\\\"Resource name\\\"] = ResourceId, TimeGenerated, AlertSeverity, [\\\"AKS cluster\\\"] = toupper(singleNodeArr[2]), DisplayName, AlertLink\\r\\n| union\\r\\n(\\r\\nSecurityAlert\\r\\n| where TimeGenerated {timeframe}\\r\\n| where tolower(ResourceId) in ({clustername})\\r\\n| where \\\"{severity}\\\" has AlertSeverity or isempty(\\\"{severity}\\\")\\r\\n| where AlertType startswith \\\"K8S_\\\"\\r\\n| where tolower(ResourceId) == tolower(\\\"{selectedResource}\\\") or \\\"{selectedResource}\\\" == \\\"not_selected\\\"\\r\\n| project [\\\"Resource name\\\"] = ResourceId, TimeGenerated, AlertSeverity, [\\\"AKS cluster\\\"] = ResourceId, DisplayName, AlertLink\\r\\n)\\r\\n| order by TimeGenerated asc\",\"size\":0,\"title\":\"Azure Defender alerts\",\"queryType\":0,\"resourceType\":\"microsoft.operationalinsights/workspaces\",\"crossComponentResources\":[\"{workspaces}\"],\"gridSettings\":{\"formatters\":[{\"columnMatch\":\"AlertLink\",\"formatter\":7,\"formatOptions\":{\"linkTarget\":\"Url\",\"linkLabel\":\"\"}}],\"filter\":true}},\"name\":\"Azure Defender alerts\",\"styleSettings\":{\"showBorder\":true}}]},\"conditionalVisibility\":{\"parameterName\":\"mainTab\",\"comparison\":\"isEqualTo\",\"value\":\"alerts\"},\"name\":\"Defender Alerts\"},{\"type\":12,\"content\":{\"version\":\"NotebookGroup/1.0\",\"groupType\":\"editable\",\"items\":[{\"type\":1,\"content\":{\"json\":\"## Diagnostic logs coverage\"},\"name\":\"text - 15\"},{\"type\":3,\"content\":{\"version\":\"KqlItem/1.0\",\"query\":\"union withsource=_TableName *\\r\\n| where _TableName == \\\"AzureDiagnostics\\\" and Category == \\\"kube-audit\\\"\\r\\n| summarize count() by ResourceId = tolower(ResourceId)\\r\\n| summarize logsClusters = make_set(ResourceId)\\r\\n| extend selectedClusters = \\\"[{clustername}]\\\"\\r\\n| extend selectedClusters = replace(\\\"'\\\", '\\\"', selectedClusters)\\r\\n| extend selectedClusters = todynamic(selectedClusters)\\r\\n| mv-expand clusterId = selectedClusters\\r\\n| project clusterId = toupper(tostring(clusterId)), [\\\"Diagnostic logs\\\"] = (logsClusters has tostring(clusterId))\\r\\n| extend [\\\"Diagnostic settings\\\"] = iff([\\\"Diagnostic logs\\\"] == false, strcat(\\\"https://ms.portal.azure.com/#@microsoft.onmicrosoft.com/resource\\\", clusterId, \\\"/diagnostics\\\"), \\\"\\\")\\r\\n\",\"size\":0,\"timeContext\":{\"durationMs\":172800000},\"timeContextFromParameter\":\"timeframe\",\"queryType\":0,\"resourceType\":\"microsoft.operationalinsights/workspaces\",\"crossComponentResources\":[\"{workspaces}\"],\"gridSettings\":{\"formatters\":[{\"columnMatch\":\"Diagnostic logs\",\"formatter\":18,\"formatOptions\":{\"thresholdsOptions\":\"icons\",\"thresholdsGrid\":[{\"operator\":\"==\",\"thresholdValue\":\"false\",\"representation\":\"critical\",\"text\":\"\"},{\"operator\":\"Default\",\"representation\":\"success\",\"text\":\"\"}]}},{\"columnMatch\":\"Diagnostic settings\",\"formatter\":7,\"formatOptions\":{\"linkTarget\":\"Url\"}}],\"filter\":true,\"sortBy\":[{\"itemKey\":\"$gen_thresholds_Diagnostic logs_1\",\"sortOrder\":2}]},\"sortBy\":[{\"itemKey\":\"$gen_thresholds_Diagnostic logs_1\",\"sortOrder\":2}]},\"customWidth\":\"66\",\"name\":\"query - 14\"},{\"type\":3,\"content\":{\"version\":\"KqlItem/1.0\",\"query\":\"union withsource=_TableName *\\r\\n| where _TableName == \\\"AzureDiagnostics\\\" and Category == \\\"kube-audit\\\"\\r\\n| summarize count() by ResourceId = tolower(ResourceId)\\r\\n| summarize logsClusters = make_set(ResourceId)\\r\\n| extend selectedClusters = \\\"[{clustername}]\\\"\\r\\n| extend selectedClusters = replace(\\\"'\\\", '\\\"', selectedClusters)\\r\\n| extend selectedClusters = todynamic(selectedClusters)\\r\\n| mv-expand clusterId = selectedClusters\\r\\n| project clusterId = toupper(tostring(clusterId)), hasDiagnosticLogs = (logsClusters has tostring(clusterId))\\r\\n| summarize [\\\"number of clusters\\\"] = count() by hasDiagnosticLogs\\r\\n| extend hasDiagnosticLogs = iff(hasDiagnosticLogs == true, \\\"Clusters with Diagnostic logs\\\", \\\"Clusters without Diagnostic logs\\\")\\r\\n\",\"size\":0,\"timeContext\":{\"durationMs\":172800000},\"timeContextFromParameter\":\"timeframe\",\"queryType\":0,\"resourceType\":\"microsoft.operationalinsights/workspaces\",\"crossComponentResources\":[\"{workspaces}\"],\"visualization\":\"piechart\"},\"customWidth\":\"33\",\"name\":\"query - 17\"},{\"type\":12,\"content\":{\"version\":\"NotebookGroup/1.0\",\"groupType\":\"editable\",\"items\":[{\"type\":1,\"content\":{\"json\":\"## Cluster operations\"},\"name\":\"text - 16\"},{\"type\":11,\"content\":{\"version\":\"LinkItem/1.0\",\"style\":\"tabs\",\"links\":[{\"id\":\"3f616701-fd4b-482c-aff1-a85414daa05c\",\"cellValue\":\"dispalyedGraph\",\"linkTarget\":\"parameter\",\"linkLabel\":\"Masterclient operations\",\"subTarget\":\"masterclient\",\"preText\":\"\",\"style\":\"link\"},{\"id\":\"e6fa55f1-7d57-4f5e-8e83-429740853731\",\"cellValue\":\"dispalyedGraph\",\"linkTarget\":\"parameter\",\"linkLabel\":\"Pod creation operations\",\"subTarget\":\"podCreation\",\"style\":\"link\"},{\"id\":\"f4c46251-0090-4ca3-a81c-0686bff3ff35\",\"cellValue\":\"dispalyedGraph\",\"linkTarget\":\"parameter\",\"linkLabel\":\"Secret get\\\\list operations\",\"subTarget\":\"secretOperation\",\"style\":\"link\"}]},\"name\":\"links - 11\"},{\"type\":3,\"content\":{\"version\":\"KqlItem/1.0\",\"query\":\"AzureDiagnostics \\r\\n| where tolower(ResourceId) in ({clustername})\\r\\n| where TimeGenerated {timeframe}\\r\\n| where Category == \\\"kube-audit\\\"\\r\\n| where log_s has \\\"masterclient\\\"\\r\\n| project TimeGenerated, parse_json(log_s), ResourceId\\r\\n| project TimeGenerated, ResourceId, username = tostring(log_s[\\\"user\\\"].username)\\r\\n| where username == \\\"masterclient\\\"\\r\\n| extend name = extract(@\\\"/MICROSOFT.CONTAINERSERVICE/MANAGEDCLUSTERS/(.+)\\\", 1, ResourceId)\\r\\n| summarize count() by name, bin(TimeGenerated, 1h)\",\"size\":0,\"queryType\":0,\"resourceType\":\"microsoft.operationalinsights/workspaces\",\"crossComponentResources\":[\"{workspaces}\"],\"visualization\":\"timechart\",\"tileSettings\":{\"showBorder\":false,\"titleContent\":{\"columnMatch\":\"name\",\"formatter\":1},\"leftContent\":{\"columnMatch\":\"count_\",\"formatter\":12,\"formatOptions\":{\"palette\":\"auto\"},\"numberFormat\":{\"unit\":17,\"options\":{\"maximumSignificantDigits\":3,\"maximumFractionDigits\":2}}}},\"chartSettings\":{\"yAxis\":[\"count_\"]}},\"conditionalVisibility\":{\"parameterName\":\"dispalyedGraph\",\"comparison\":\"isEqualTo\",\"value\":\"masterclient\"},\"name\":\"Masterclient operations\",\"styleSettings\":{\"showBorder\":true}},{\"type\":3,\"content\":{\"version\":\"KqlItem/1.0\",\"query\":\"AzureDiagnostics\\r\\n| where Category == \\\"kube-audit\\\"\\r\\n| where tolower(ResourceId) in ({clustername})\\r\\n| where TimeGenerated {timeframe}\\r\\n| where log_s has \\\"pods\\\"\\r\\n| project TimeGenerated, parse_json(log_s), ResourceId\\r\\n| project AzureResourceId = ResourceId, TimeGenerated,\\r\\n RequestURI = tostring(log_s[\\\"requestURI\\\"]),\\r\\n Verb = tostring(log_s[\\\"verb\\\"]),\\r\\n ObjectRef = log_s[\\\"objectRef\\\"],\\r\\n ResponseStatus = log_s[\\\"responseStatus\\\"]\\r\\n//Main query\\r\\n| where ObjectRef.resource == \\\"pods\\\" and Verb == \\\"create\\\" and ResponseStatus.code startswith \\\"20\\\"\\r\\n  and ObjectRef !has \\\"subresource\\\"\\r\\n| extend name = extract(@\\\"/MICROSOFT.CONTAINERSERVICE/MANAGEDCLUSTERS/(.+)\\\", 1, AzureResourceId)\\r\\n| summarize count() by name, bin(TimeGenerated, 1h)\",\"size\":0,\"queryType\":0,\"resourceType\":\"microsoft.operationalinsights/workspaces\",\"crossComponentResources\":[\"{workspaces}\"],\"visualization\":\"timechart\"},\"conditionalVisibility\":{\"parameterName\":\"dispalyedGraph\",\"comparison\":\"isEqualTo\",\"value\":\"podCreation\"},\"name\":\"pods creation\",\"styleSettings\":{\"showBorder\":true}},{\"type\":3,\"content\":{\"version\":\"KqlItem/1.0\",\"query\":\"AzureDiagnostics\\r\\n| where Category == \\\"kube-audit\\\"\\r\\n| where tolower(ResourceId) in ({clustername})\\r\\n| where TimeGenerated {timeframe}\\r\\n| where log_s has \\\"secrets\\\"\\r\\n| project TimeGenerated, parse_json(log_s), ResourceId\\r\\n| project AzureResourceId = ResourceId, TimeGenerated,\\r\\n RequestURI = tostring(log_s[\\\"requestURI\\\"]),\\r\\n Verb = tostring(log_s[\\\"verb\\\"]),\\r\\n ObjectRef = log_s[\\\"objectRef\\\"],\\r\\n ResponseStatus = log_s[\\\"responseStatus\\\"]\\r\\n//Main query\\r\\n| where ObjectRef.resource == \\\"secrets\\\" and (Verb == \\\"list\\\" or Verb == \\\"get\\\") and ResponseStatus.code startswith \\\"20\\\"\\r\\n| where ObjectRef.name != \\\"tunnelfront\\\" and ObjectRef.name != \\\"tunnelend\\\" and ObjectRef.name != \\\"kubernetes-dashboard-key-holder\\\"\\r\\n| extend name = extract(@\\\"/MICROSOFT.CONTAINERSERVICE/MANAGEDCLUSTERS/(.+)\\\", 1, AzureResourceId)\\r\\n| summarize count() by name, bin(TimeGenerated, 1h)\",\"size\":0,\"timeContext\":{\"durationMs\":172800000},\"timeContextFromParameter\":\"timeframe\",\"queryType\":0,\"resourceType\":\"microsoft.operationalinsights/workspaces\",\"crossComponentResources\":[\"{workspaces}\"],\"visualization\":\"timechart\",\"gridSettings\":{\"sortBy\":[{\"itemKey\":\"count_\",\"sortOrder\":2}]},\"sortBy\":[{\"itemKey\":\"count_\",\"sortOrder\":2}]},\"conditionalVisibility\":{\"parameterName\":\"dispalyedGraph\",\"comparison\":\"isEqualTo\",\"value\":\"secretOperation\"},\"name\":\"secrets operation\",\"styleSettings\":{\"showBorder\":true}},{\"type\":3,\"content\":{\"version\":\"KqlItem/1.0\",\"query\":\"let ascAlerts = \\nunion withsource=_TableName *\\n| where _TableName == \\\"SecurityAlert\\\"\\n| where tolower(ResourceId) in ({clustername})\\n| where TimeGenerated {timeframe}\\n| extend AlertType = column_ifexists(\\\"AlertType\\\", \\\"\\\")\\n| where AlertType == \\\"K8S_PrivilegedContainer\\\"\\n| extend ExtendedProperties = column_ifexists(\\\"ExtendedProperties\\\", todynamic(\\\"\\\"))\\n| extend ExtendedProperties = parse_json(ExtendedProperties)\\n| extend AlertLink = column_ifexists(\\\"AlertLink\\\", \\\"\\\")\\n| summarize arg_min(TimeGenerated, AlertLink) by AzureResourceId = ResourceId, name = tostring(ExtendedProperties[\\\"Pod name\\\"]), podNamespace =  tostring(ExtendedProperties[\\\"Namespace\\\"])\\n;\\nlet podOperations = AzureDiagnostics\\n| where Category == \\\"kube-audit\\\"\\n| where tolower(ResourceId) in ({clustername})\\n| where TimeGenerated {timeframe}\\n| where log_s has \\\"privileged\\\"\\n| project TimeGenerated, parse_json(log_s), ResourceId\\n| project AzureResourceId = ResourceId, TimeGenerated,\\n RequestURI = tostring(log_s[\\\"requestURI\\\"]),\\n Verb = tostring(log_s[\\\"verb\\\"]),\\n ObjectRef = log_s[\\\"objectRef\\\"],\\n RequestObject = log_s[\\\"requestObject\\\"],\\n ResponseStatus = log_s[\\\"responseStatus\\\"],\\n ResponseObject = log_s[\\\"responseObject\\\"]\\n//Main query\\n| where ObjectRef.resource == \\\"pods\\\" and Verb == \\\"create\\\" and ResponseStatus.code startswith \\\"20\\\" and RequestObject has \\\"privileged\\\"\\n  and ObjectRef !has \\\"subresource\\\"\\n| extend containers = RequestObject.spec.containers\\n| mvexpand containers\\n| where containers.securityContext.privileged == true\\n| summarize TimeGenerated = min(TimeGenerated) by\\n            name = tostring(ResponseObject.metadata.name),\\n            podNamespace = tostring(ResponseObject.metadata.namespace),\\n            imageName = tostring(containers.image),\\n            containerName = tostring(containers.name),\\n            AzureResourceId\\n| extend id = strcat(name,\\\";\\\", AzureResourceId)\\n| extend parent = AzureResourceId\\n| join kind=leftouter (ascAlerts) on AzureResourceId, name, podNamespace\\n;\\nlet cached = materialize(podOperations)\\n;\\nlet clusters = cached | distinct AzureResourceId\\n;\\n// Main query\\ncached\\n| union\\n(\\nclusters\\n| project \\n            name = AzureResourceId,\\n            id = AzureResourceId,\\n            parent = \\\"\\\"      \\n)\\n| project-away name1, podNamespace1, TimeGenerated1\",\"size\":1,\"title\":\"Privileged containers creation\",\"queryType\":0,\"resourceType\":\"microsoft.operationalinsights/workspaces\",\"crossComponentResources\":[\"{workspaces}\"],\"visualization\":\"table\",\"gridSettings\":{\"formatters\":[{\"columnMatch\":\"name\",\"formatter\":13,\"formatOptions\":{\"showIcon\":true}},{\"columnMatch\":\"AzureResourceId\",\"formatter\":5},{\"columnMatch\":\"id\",\"formatter\":5},{\"columnMatch\":\"parent\",\"formatter\":5},{\"columnMatch\":\"AlertLink\",\"formatter\":7,\"formatOptions\":{\"linkTarget\":\"Url\",\"linkLabel\":\"\"}}],\"hierarchySettings\":{\"idColumn\":\"id\",\"parentColumn\":\"parent\",\"treeType\":0,\"expanderColumn\":\"name\"}}},\"customWidth\":\"66\",\"name\":\"Privileged container\",\"styleSettings\":{\"showBorder\":true}},{\"type\":3,\"content\":{\"version\":\"KqlItem/1.0\",\"query\":\"SecurityAlert \\r\\n| where tolower(ResourceId) in ({clustername})\\r\\n| where TimeGenerated {timeframe}\\r\\n| where AlertType == \\\"K8S_PrivilegedContainer\\\"\\r\\n| project name = extract(@\\\"/MICROSOFT.CONTAINERSERVICE/MANAGEDCLUSTERS/(.+)\\\", 1, ResourceId)\\r\\n| summarize alert = count() by name\",\"size\":1,\"title\":\"AKS clusters with related Azure Defender alerts\",\"queryType\":0,\"resourceType\":\"microsoft.operationalinsights/workspaces\",\"crossComponentResources\":[\"{workspaces}\"],\"visualization\":\"piechart\",\"tileSettings\":{\"showBorder\":false,\"titleContent\":{\"columnMatch\":\"name\",\"formatter\":1},\"leftContent\":{\"columnMatch\":\"alert\",\"formatter\":12,\"formatOptions\":{\"palette\":\"auto\"},\"numberFormat\":{\"unit\":17,\"options\":{\"maximumSignificantDigits\":3,\"maximumFractionDigits\":2}}}},\"graphSettings\":{\"type\":0,\"topContent\":{\"columnMatch\":\"name\",\"formatter\":1},\"centerContent\":{\"columnMatch\":\"alert\",\"formatter\":1,\"numberFormat\":{\"unit\":17,\"options\":{\"maximumSignificantDigits\":3,\"maximumFractionDigits\":2}}}}},\"customWidth\":\"33\",\"name\":\"query - 7\",\"styleSettings\":{\"showBorder\":true}},{\"type\":3,\"content\":{\"version\":\"KqlItem/1.0\",\"query\":\"let baseQuery = AzureDiagnostics \\r\\n| where Category == \\\"kube-audit\\\"\\r\\n| where tolower(ResourceId) in ({clustername})\\r\\n| where TimeGenerated {timeframe}\\r\\n| where log_s has \\\"exec\\\"\\r\\n| project TimeGenerated, parse_json(log_s), ResourceId\\r\\n| project TimeGenerated,\\r\\n          AzureResourceId = ResourceId,\\r\\n          User = log_s[\\\"user\\\"],\\r\\n          StageTimestamp = todatetime(log_s[\\\"stageTimestamp\\\"]),\\r\\n          Timestamp = todatetime(log_s[\\\"timestamp\\\"]),\\r\\n          Stage = tostring(log_s[\\\"stage\\\"]),\\r\\n          RequestURI = tostring(log_s[\\\"requestURI\\\"]),\\r\\n          UserAgent = tostring(log_s[\\\"userAgent\\\"]),\\r\\n          Verb = tostring(log_s[\\\"verb\\\"]),\\r\\n          ObjectRef = log_s[\\\"objectRef\\\"],\\r\\n          ResponseStatus = log_s[\\\"responseStatus\\\"]\\r\\n| where ObjectRef.resource == \\\"pods\\\" and Verb == \\\"create\\\" and ResponseStatus.code == 101 and ObjectRef.subresource == \\\"exec\\\"\\r\\n| project operationTime = TimeGenerated,\\r\\n          RequestURI,\\r\\n          podName       = tostring(ObjectRef.name),\\r\\n          podNamespace  = tostring(ObjectRef.namespace),\\r\\n          username      = tostring(User.username),\\r\\n          AzureResourceId\\r\\n// Parse the exec command\\r\\n| extend commands =  extractall(@\\\"command=([^\\\\&]*)\\\", RequestURI)\\r\\n| extend commandsStr = url_decode(strcat_array(commands, \\\" \\\"))\\r\\n| project-away ['commands'], RequestURI\\r\\n| where username != \\\"aksProblemDetector\\\"\\r\\n;\\r\\nlet cached = materialize(baseQuery);\\r\\nlet execOperations = \\r\\ncached\\r\\n| summarize operationTime = min(operationTime), numberOfPerations = count() by name = commandsStr, username, podNamespace, podName, AzureResourceId\\r\\n| extend id = name\\r\\n| extend parentId = podName\\r\\n| project id, parentId, name, operationTime, numberOfPerations, podNamespace, username, AzureResourceId\\r\\n;\\r\\nlet podOperations = \\r\\ncached\\r\\n| summarize operationTime = min(operationTime), numberOfPerations = count() by name = podName, podNamespace, AzureResourceId\\r\\n| extend id = name\\r\\n| extend parentId = AzureResourceId\\r\\n| project id, parentId, name, operationTime, numberOfPerations, podNamespace, username = \\\"\\\", AzureResourceId\\r\\n;\\r\\nlet clusterOperations = \\r\\ncached\\r\\n| summarize operationTime = min(operationTime), numberOfPerations = count() by name = AzureResourceId\\r\\n| extend id = name\\r\\n| extend parentId = \\\"\\\"\\r\\n| project id, parentId, name, operationTime, numberOfPerations, username = \\\"\\\", podNamespace = \\\"\\\", AzureResourceId = name\\r\\n;\\r\\nunion clusterOperations, podOperations, execOperations\",\"size\":1,\"title\":\"exec commands\",\"queryType\":0,\"resourceType\":\"microsoft.operationalinsights/workspaces\",\"crossComponentResources\":[\"{workspaces}\"],\"visualization\":\"table\",\"gridSettings\":{\"formatters\":[{\"columnMatch\":\"id\",\"formatter\":5},{\"columnMatch\":\"parentId\",\"formatter\":5},{\"columnMatch\":\"numberOfPerations\",\"formatter\":4,\"formatOptions\":{\"palette\":\"blue\",\"compositeBarSettings\":{\"labelText\":\"\"}}},{\"columnMatch\":\"AzureResourceId\",\"formatter\":5}],\"hierarchySettings\":{\"idColumn\":\"id\",\"parentColumn\":\"parentId\",\"treeType\":0,\"expanderColumn\":\"name\",\"expandTopLevel\":false}}},\"customWidth\":\"33\",\"name\":\"exec commands\",\"styleSettings\":{\"showBorder\":true}},{\"type\":3,\"content\":{\"version\":\"KqlItem/1.0\",\"query\":\"SecurityAlert \\r\\n| where AlertType == \\\"K8S_MaliciousContainerExec\\\"\\r\\n| where tolower(ResourceId) in ({clustername})\\r\\n| where TimeGenerated {timeframe}\\r\\n| project TimeGenerated, ResourceId, ExtendedProperties = todynamic(ExtendedProperties)\\r\\n| project TimeGenerated, ResourceId, [\\\"Pod name\\\"] = ExtendedProperties[\\\"Pod name\\\"], Command = ExtendedProperties[\\\"Command\\\"]\",\"size\":1,\"title\":\"Related Azure Defender alerts details\",\"queryType\":0,\"resourceType\":\"microsoft.operationalinsights/workspaces\",\"crossComponentResources\":[\"{workspaces}\"],\"gridSettings\":{\"sortBy\":[{\"itemKey\":\"TimeGenerated\",\"sortOrder\":1}]},\"sortBy\":[{\"itemKey\":\"TimeGenerated\",\"sortOrder\":1}]},\"customWidth\":\"33\",\"name\":\"query - 9\",\"styleSettings\":{\"showBorder\":true}},{\"type\":3,\"content\":{\"version\":\"KqlItem/1.0\",\"query\":\"SecurityAlert \\r\\n| where AlertType == \\\"K8S_MaliciousContainerExec\\\"\\r\\n| where tolower(ResourceId) in ({clustername})\\r\\n| where TimeGenerated {timeframe}\\r\\n| project name = extract(@\\\"/MICROSOFT.CONTAINERSERVICE/MANAGEDCLUSTERS/(.+)\\\", 1, ResourceId)\\r\\n| summarize alert = count() by name\",\"size\":1,\"title\":\"AKS clusters with related Azure Defender alerts\",\"queryType\":0,\"resourceType\":\"microsoft.operationalinsights/workspaces\",\"crossComponentResources\":[\"{workspaces}\"],\"visualization\":\"piechart\"},\"customWidth\":\"33\",\"name\":\"query - 8\",\"styleSettings\":{\"showBorder\":true}},{\"type\":3,\"content\":{\"version\":\"KqlItem/1.0\",\"query\":\"let ascAlerts = \\r\\nunion withsource=_TableName *\\r\\n| where _TableName == \\\"SecurityAlert\\\"\\r\\n| where tolower(ResourceId) in ({clustername})\\r\\n| where TimeGenerated {timeframe}\\r\\n| extend AlertType = column_ifexists(\\\"AlertType\\\", \\\"\\\")\\r\\n| where AlertType == \\\"K8S_SensitiveMount\\\"\\r\\n| extend ExtendedProperties = column_ifexists(\\\"ExtendedProperties\\\", todynamic(\\\"\\\"))\\r\\n| extend ExtendedProperties = parse_json(ExtendedProperties)\\r\\n| extend AlertLink = column_ifexists(\\\"AlertLink\\\", \\\"\\\")\\r\\n| summarize arg_min(TimeGenerated, AlertLink) by AzureResourceId = ResourceId, containerName = tostring(ExtendedProperties[\\\"Container name\\\"]), mountPath = tostring(ExtendedProperties[\\\"Sensitive mount path\\\"])\\r\\n;\\r\\nlet podOperations = \\r\\nAzureDiagnostics \\r\\n| where tolower(ResourceId) in ({clustername})\\r\\n| where TimeGenerated {timeframe}\\r\\n| where Category == \\\"kube-audit\\\"\\r\\n| where log_s has \\\"hostPath\\\"\\r\\n| project TimeGenerated, parse_json(log_s), ResourceId\\r\\n//Parsing\\r\\n| project AzureResourceId = ResourceId, TimeGenerated,\\r\\n Verb = tostring(log_s[\\\"verb\\\"]),\\r\\n ObjectRef = log_s[\\\"objectRef\\\"],\\r\\n RequestObject = log_s[\\\"requestObject\\\"],\\r\\n ResponseStatus = log_s[\\\"responseStatus\\\"],\\r\\n ResponseObject = log_s[\\\"responseObject\\\"]\\r\\n//\\r\\n//Main query\\r\\n//\\r\\n| where ObjectRef.resource == \\\"pods\\\" and Verb == \\\"create\\\" and ResponseStatus.code startswith \\\"20\\\" and RequestObject has \\\"hostPath\\\"\\r\\n| extend volumes = RequestObject.spec.volumes\\r\\n| mvexpand volumes\\r\\n| extend mountPath = volumes.hostPath.path\\r\\n| where mountPath != \\\"\\\" \\r\\n| extend container = RequestObject.spec.containers\\r\\n| mvexpand container\\r\\n| extend  detectionTime = TimeGenerated\\r\\n| project detectionTime,\\r\\n          podName = ResponseObject.metadata.name,\\r\\n          podNamespace = ResponseObject.metadata.namespace,\\r\\n          containerName = container.name,\\r\\n          containerImage = container.image,\\r\\n          mountPath,\\r\\n          mountName = volumes.name,\\r\\n          AzureResourceId,\\r\\n          container\\r\\n| extend volumeMounts = container.volumeMounts\\r\\n| mv-expand volumeMounts\\r\\n| where tostring(volumeMounts.name) == tostring(mountName)\\r\\n| summarize operationTime = min(detectionTime) by AzureResourceId, name = tostring(podName),tostring(podNamespace), tostring(containerName), tostring(containerImage), tostring(mountPath), tostring(mountName)\\r\\n| extend id = strcat(name, \\\";\\\", AzureResourceId)\\r\\n| extend parent = AzureResourceId\\r\\n| join kind=leftouter (ascAlerts) on AzureResourceId, containerName, mountPath\\r\\n;\\r\\nlet cached = materialize(podOperations)\\r\\n;\\r\\nlet clusters = cached | distinct AzureResourceId\\r\\n;\\r\\n// Main query\\r\\ncached\\r\\n| union\\r\\n(\\r\\nclusters\\r\\n| project \\r\\n            name = toupper(AzureResourceId),\\r\\n            id = AzureResourceId,\\r\\n            parent = \\\"\\\"      \\r\\n)\\r\\n| project-away containerName1, mountPath1, TimeGenerated\\r\\n\",\"size\":1,\"title\":\"hostPath mount\",\"queryType\":0,\"resourceType\":\"microsoft.operationalinsights/workspaces\",\"crossComponentResources\":[\"{workspaces}\"],\"gridSettings\":{\"formatters\":[{\"columnMatch\":\"AzureResourceId\",\"formatter\":5},{\"columnMatch\":\"name\",\"formatter\":13,\"formatOptions\":{\"showIcon\":true}},{\"columnMatch\":\"id\",\"formatter\":5},{\"columnMatch\":\"parent\",\"formatter\":5},{\"columnMatch\":\"AzureResourceId1\",\"formatter\":5},{\"columnMatch\":\"AlertLink\",\"formatter\":7,\"formatOptions\":{\"linkTarget\":\"Url\"}}],\"hierarchySettings\":{\"idColumn\":\"id\",\"parentColumn\":\"parent\",\"treeType\":0,\"expanderColumn\":\"name\"}}},\"customWidth\":\"66\",\"name\":\"query - 10\",\"styleSettings\":{\"showBorder\":true}},{\"type\":3,\"content\":{\"version\":\"KqlItem/1.0\",\"query\":\"SecurityAlert \\r\\n| where AlertType == \\\"K8S_SensitiveMount\\\"\\r\\n| where tolower(ResourceId) in ({clustername})\\r\\n| where TimeGenerated {timeframe}\\r\\n| project name = extract(@\\\"/MICROSOFT.CONTAINERSERVICE/MANAGEDCLUSTERS/(.+)\\\", 1, ResourceId)\\r\\n| summarize alert = count() by name\",\"size\":1,\"title\":\"AKS clusters with related Azure Defender alerts\",\"queryType\":0,\"resourceType\":\"microsoft.operationalinsights/workspaces\",\"crossComponentResources\":[\"{workspaces}\"],\"visualization\":\"piechart\"},\"customWidth\":\"33\",\"name\":\"query - 10\",\"styleSettings\":{\"showBorder\":true}},{\"type\":3,\"content\":{\"version\":\"KqlItem/1.0\",\"query\":\"let bindingOper = AzureDiagnostics\\r\\n| where Category == \\\"kube-audit\\\"\\r\\n| where tolower(ResourceId) in ({clustername})\\r\\n| where TimeGenerated {timeframe}\\r\\n| where log_s has \\\"clusterrolebindings\\\"\\r\\n| project TimeGenerated, parse_json(log_s), ResourceId\\r\\n//Parsing\\r\\n| project AzureResourceId = ResourceId, TimeGenerated,\\r\\n RequestURI = tostring(log_s[\\\"requestURI\\\"]),\\r\\n User = log_s[\\\"user\\\"],\\r\\n Verb = tostring(log_s[\\\"verb\\\"]),\\r\\n ObjectRef = log_s[\\\"objectRef\\\"],\\r\\n RequestObject = log_s[\\\"requestObject\\\"],\\r\\n ResponseStatus = log_s[\\\"responseStatus\\\"]\\r\\n| where ObjectRef.resource == \\\"clusterrolebindings\\\" and Verb == \\\"create\\\" and ResponseStatus.code startswith \\\"20\\\" and RequestObject.roleRef.name == \\\"cluster-admin\\\"   \\r\\n| extend subjects = RequestObject.subjects\\r\\n| mv-expand subjects\\r\\n| project AzureResourceId, TimeGenerated, subjectName = tostring(subjects.name), subjectKind = tostring(subjects[\\\"kind\\\"]), bindingName = tostring(ObjectRef.name)\\r\\n| summarize operationTime = min(TimeGenerated) by AzureResourceId, subjectName, subjectKind, bindingName\\r\\n| extend id = strcat(subjectName, \\\";\\\", AzureResourceId)\\r\\n| extend parent = AzureResourceId\\r\\n;\\r\\nlet cached = materialize(bindingOper)\\r\\n;\\r\\nlet clusters = cached | distinct AzureResourceId\\r\\n;\\r\\n// Main query\\r\\ncached\\r\\n| union\\r\\n(\\r\\nclusters\\r\\n| project \\r\\n            name = AzureResourceId,\\r\\n            id = AzureResourceId,\\r\\n            parent = \\\"\\\"      \\r\\n)\",\"size\":1,\"title\":\"Cluster-admin binding\",\"queryType\":0,\"resourceType\":\"microsoft.operationalinsights/workspaces\",\"crossComponentResources\":[\"{workspaces}\"],\"visualization\":\"table\",\"gridSettings\":{\"formatters\":[{\"columnMatch\":\"AzureResourceId\",\"formatter\":5},{\"columnMatch\":\"id\",\"formatter\":5},{\"columnMatch\":\"parent\",\"formatter\":5},{\"columnMatch\":\"name\",\"formatter\":13,\"formatOptions\":{\"showIcon\":true}}],\"hierarchySettings\":{\"idColumn\":\"id\",\"parentColumn\":\"parent\",\"treeType\":0,\"expanderColumn\":\"name\"}}},\"customWidth\":\"66\",\"name\":\"query - 5\",\"styleSettings\":{\"showBorder\":true}},{\"type\":3,\"content\":{\"version\":\"KqlItem/1.0\",\"query\":\"SecurityAlert \\r\\n| where tolower(ResourceId) in ({clustername})\\r\\n| where TimeGenerated {timeframe}\\r\\n| where AlertType == \\\"K8S_ClusterAdminBinding\\\"\\r\\n| project name = extract(@\\\"/MICROSOFT.CONTAINERSERVICE/MANAGEDCLUSTERS/(.+)\\\", 1, ResourceId)\\r\\n| summarize count() by name\",\"size\":1,\"title\":\"AKS clusters with related Azure Defender alerts\",\"queryType\":0,\"resourceType\":\"microsoft.operationalinsights/workspaces\",\"crossComponentResources\":[\"{workspaces}\"],\"visualization\":\"piechart\"},\"customWidth\":\"33\",\"name\":\"query - 11\",\"styleSettings\":{\"showBorder\":true}},{\"type\":3,\"content\":{\"version\":\"KqlItem/1.0\",\"query\":\"AzureDiagnostics\\r\\n| where Category == \\\"kube-audit\\\"\\r\\n| where tolower(ResourceId) in ({clustername})\\r\\n| where TimeGenerated {timeframe}\\r\\n| where log_s has \\\"events\\\"\\r\\n| project TimeGenerated, parse_json(log_s), ResourceId\\r\\n//Parsing\\r\\n| project AzureResourceId = ResourceId, \\r\\n TimeGenerated,\\r\\n SourceIPs = tostring(log_s[\\\"sourceIPs\\\"][0]),\\r\\n User = log_s[\\\"user\\\"],\\r\\n Verb = tostring(log_s[\\\"verb\\\"]),\\r\\n ObjectRef = log_s[\\\"objectRef\\\"],\\r\\n ResponseStatus = log_s[\\\"responseStatus\\\"]\\r\\n| where ObjectRef.resource == \\\"events\\\" and Verb == \\\"delete\\\" and ResponseStatus.code == 200\\r\\n| project TimeGenerated, AzureResourceId, username = tostring(User.username), ipAddr = tostring(SourceIPs), \\r\\n          eventName = tostring(ObjectRef.name), eventNamespace = tostring(ObjectRef.namespace), status = tostring(ResponseStatus.code)\\r\\n| summarize operationTime = min(TimeGenerated), eventNames = make_set(eventName, 10) by\\r\\n                                        AzureResourceId, \\r\\n                                        eventNamespace,\\r\\n                                        username,\\r\\n                                        ipAddr\\r\\n// Format the list of the event names\\r\\n| extend eventNames = substring(eventNames, 1 , strlen(eventNames) - 2)\\r\\n| extend eventNames = replace('\\\"', \\\"\\\", eventNames)\\r\\n| extend eventNames = replace(\\\",\\\", \\\", \\\", eventNames)\",\"size\":1,\"title\":\"Delete events\",\"queryType\":0,\"resourceType\":\"microsoft.operationalinsights/workspaces\",\"crossComponentResources\":[\"{workspaces}\"]},\"name\":\"query - 6\",\"styleSettings\":{\"showBorder\":true}}]},\"conditionalVisibility\":{\"parameterName\":\"diagnosticClusters\",\"comparison\":\"isEqualTo\",\"value\":\"yes\"},\"name\":\"diagnosticData\"},{\"type\":1,\"content\":{\"json\":\"No Diagnostic Logs data in the selected workspaces. \\r\\nTo enable Diagnostic Logs for your AKS cluster: Go to your AKS cluster --> Diagnostic settings --> Add diagnostic setting --> Select \\\"kube-audit\\\" and send the data to your workspace.\\r\\n\\r\\nGet more details here: https://docs.microsoft.com/azure/aks/view-master-logs\",\"style\":\"info\"},\"conditionalVisibility\":{\"parameterName\":\"diagnosticClusters\",\"comparison\":\"isEqualTo\",\"value\":\"no\"},\"name\":\"text - 4\"}]},\"conditionalVisibility\":{\"parameterName\":\"mainTab\",\"comparison\":\"isEqualTo\",\"value\":\"diagnostics\"},\"name\":\"diagnostics\"}],\"fromTemplateId\":\"sentinel-AksWorkbook\",\"$schema\":\"https://github.com/Microsoft/Application-Insights-Workbooks/blob/master/schema/workbook.json\"}\r\n",
                "version": "1.0",
                "sourceId": "[resourceId('microsoft.OperationalInsights/Workspaces', parameters('workspace'))]",
                "category": "sentinel"
              }
            },
            {
              "type": "Microsoft.OperationalInsights/workspaces/providers/metadata",
              "apiVersion": "2022-01-01-preview",
              "name": "[concat(parameters('workspace'),'/Microsoft.SecurityInsights/',concat('Workbook-', last(split(resourceId('Microsoft.Insights/workbooks', 'AksSecurityWorkbook'),'/'))))]",
              "properties": {
                "description": "@{workbookKey=AksSecurityWorkbook; logoFileName=Kubernetes_services.svg; description=See insights about the security of your AKS clusters. The workbook helps to identify sensitive operations in the clusters and get insights based on Azure Defender alerts.; dataTypesDependencies=System.Object[]; dataConnectorsDependencies=System.Object[]; previewImagesFileNames=System.Object[]; version=1.5.0; title=Azure Kubernetes Service (AKS) Security; templateRelativePath=AksSecurity.json; subtitle=; provider=Microsoft}.description",
                "parentId": "[resourceId('Microsoft.Insights/workbooks', 'AksSecurityWorkbook')]",
                "contentId": "AksSecurityWorkbook",
                "kind": "Workbook",
                "version": "1.5.0",
                "source": {
                  "kind": "Solution",
                  "name": "Azure kubernetes Service",
                  "sourceId": "azuresentinel.azure-sentinel-solution-azurekubernetes"
                },
                "author": {
                  "name": "Microsoft",
                  "email": "support@microsoft.com"
                },
                "support": {
                  "name": "Microsoft Corporation",
                  "email": "support@microsoft.com",
                  "tier": "Microsoft",
                  "link": "https://support.microsoft.com"
                },
                "dependencies": {
                  "operator": "AND",
                  "criteria": [
                    {
                      "contentId": "SecurityAlert",
                      "kind": "DataType"
                    },
                    {
                      "contentId": "AzureDiagnostics",
                      "kind": "DataType"
                    },
                    {
                      "contentId": "AzureSecurityCenter",
                      "kind": "DataConnector"
                    },
                    {
                      "contentId": "AzureKubernetes",
                      "kind": "DataConnector"
                    }
                  ]
                }
              }
            }
          ]
        }
      }
    }
  ]
}