{
  "$schema": "https://schema.management.azure.com/schemas/2019-04-01/deploymentTemplate.json#",
  "contentVersion": "1.0.0.0",
  "parameters": {
    "location": {
      "type": "string",
      "minLength": 1,
      "defaultValue": "[resourceGroup().location]",
      "metadata": {
        "description": "Not used, but needed to pass arm-ttk test `Location-Should-Not-Be-Hardcoded`.  We instead use the `workspace-location` which is derived from the LA workspace"
      }
    },
    "workspace-location": {
      "type": "string",
      "defaultValue": "",
      "metadata": {
        "description": "[concat('Region to deploy solution resources -- separate from location selection',parameters('location'))]"
      }
    },
    "workspace": {
      "defaultValue": "",
      "type": "string",
      "metadata": {
        "description": "Workspace name for Log Analytics where Microsoft Sentinel is setup"
      }
    }
  },
  "variables": {},
  "resources": [
    {
      "type": "Microsoft.OperationalInsights/workspaces/providers/packages",
      "location": "[parameters('workspace-location')]",
      "apiVersion": "2022-08-01",
      "properties": {
        "packageKind": "Standalone",
        "packageItems": {
          "resources": [
            {
              "type": "Microsoft.OperationalInsights/workspaces/providers/contentTemplates",
              "name": "[concat(parameters('workspace'),'/Microsoft.SecurityInsights/', '669e1338-b1a2-4d73-b720-a1e60d5d1474')]",
              "location": "[parameters('workspace-location')]",
              "kind": "shared",
              "apiVersion": "2022-08-01",
              "properties": {
                "contentId": "669e1338-b1a2-4d73-b720-a1e60d5d1474",
                "displayName": "Suspicious Data Access to S3 Bucket from Unknown IP",
                "contentKind": "HuntingQuery",
                "mainTemplate": {
                  "$schema": "https://schema.management.azure.com/schemas/2019-04-01/deploymentTemplate.json#",
                  "contentVersion": "1.0.0",
                  "resources": [
                    {
                      "type": "Microsoft.OperationalInsights/savedSearches",
                      "apiVersion": "2020-08-01",
                      "name": "669e1338-b1a2-4d73-b720-a1e60d5d1474",
                      "location": "[parameters('workspace-location')]",
                      "properties": {
                        "eTag": "*",
                        "displayName": "Suspicious Data Access to S3 Bucket from Unknown IP",
                        "category": "Hunting Queries",
                        "query": "\nlet EventNameList = dynamic([\"ListBucket\",\"ListObjects\",\"GetObject\"]);\nlet starttime = todatetime('{{StartTimeISO}}');\nlet endtime = todatetime('{{EndTimeISO}}');\nlet lookback = starttime - 14d;\nAwsBucketAPILogs_CL \n| where EventTime TimeGenerated between(starttime..endtime)\n| where EventName in (EventNameList)\n| project EventTime, EventSource,EventName, SourceIPAddress, UserIdentityType, UserIdentityArn, UserIdentityUserName, BucketName, Host, AuthenticationMethod, SessionMfaAuthenticated, SessionUserName, Key\n| join kind=leftanti\n(\n  AWSS3BucketAPILogParsed \n  | where EventTime between (lookback..starttime)\n  | where EventName in (EventNameList)\n) on SourceIPAddress\n| summarize EventCount=count(), StartTimeUtc = min(EventTime), EndTimeUtc = max(EventTime), Files= makeset(Key), EventNames = makeset(EventName) by EventSource, SourceIPAddress, UserIdentityType, UserIdentityArn, UserIdentityUserName, BucketName, Host, AuthenticationMethod, SessionMfaAuthenticated, SessionUserName\n| project StartTimeUtc, EndTimeUtc, EventSource, Host, SourceIPAddress, UserIdentityType, BucketName, EventNames, Files, AuthenticationMethod, SessionMfaAuthenticated, SessionUserName, EventCount\n| extend timestamp = StartTimeUtc, HostCustomEntity = Host, AccountCustomEntity = SessionUserName, IPCustomEntity = SourceIPAddress\n",
                        "version": 2,
                        "tags": [
                          {
                            "name": "description",
                            "value": "Adversaries may access data objects from improperly secured cloud storage. This query will identify any access originating from a Source IP which was not seen historically accessing the bucket or downloading files from it.\nYou can also limit the query to only private buckets with sensitive files by setting the value or list of values to BucketName column.\nRead more about ingest custom logs using Logstash at https://github.com/Azure/Azure-Sentinel/wiki/Ingest-Custom-Logs-LogStash \nand AWS S3 API GetObject at https://docs.aws.amazon.com/AmazonS3/latest/API/API_GetObject.html and ListObject at https://docs.aws.amazon.com/AmazonS3/latest/API/API_ListObjects.html\nand ListBucket at https://docs.aws.amazon.com/AmazonS3/latest/API/API_ListBuckets.html\nS3 LogStash Config: https://github.com/Azure/Azure-Sentinel/blob/master/Parsers/Logstash/input-aws_s3-output-loganalytics.conf\nS3 KQL Parser: https://github.com/Azure/Azure-Sentinel/blob/master/Parsers/AwsS3BucketAPILogsParser.txt"
                          },
                          {
                            "name": "techniques",
                            "value": ""
                          },
                          {
                            "name": "tactics",
                            "value": "Collection"
                          }
                        ]
                      }
                    },
                    {
                      "type": "Microsoft.OperationalInsights/workspaces/providers/metadata",
                      "apiVersion": "2021-03-01-preview",
                      "name": "[concat(parameters('workspace'),'/Microsoft.SecurityInsights/',concat('huntingQuery-', '669e1338-b1a2-4d73-b720-a1e60d5d1474'))]",
                      "properties": {
                        "description": "Adversaries may access data objects from improperly secured cloud storage. This query will identify any access originating from a Source IP which was not seen historically accessing the bucket or downloading files from it.\nYou can also limit the query to only private buckets with sensitive files by setting the value or list of values to BucketName column.\nRead more about ingest custom logs using Logstash at https://github.com/Azure/Azure-Sentinel/wiki/Ingest-Custom-Logs-LogStash \nand AWS S3 API GetObject at https://docs.aws.amazon.com/AmazonS3/latest/API/API_GetObject.html and ListObject at https://docs.aws.amazon.com/AmazonS3/latest/API/API_ListObjects.html\nand ListBucket at https://docs.aws.amazon.com/AmazonS3/latest/API/API_ListBuckets.html\nS3 LogStash Config: https://github.com/Azure/Azure-Sentinel/blob/master/Parsers/Logstash/input-aws_s3-output-loganalytics.conf\nS3 KQL Parser: https://github.com/Azure/Azure-Sentinel/blob/master/Parsers/AwsS3BucketAPILogsParser.txt",
                        "version": "1.0.0",
                        "author": {
                          "name": "Ashwin Patil"
                        },
                        "support": {
                          "tier": "Community",
                          "name": "Community",
                          "link": "https://github.com/Azure/Azure-Sentinel/issues"
                        },
                        "source": {
                          "kind": "Community",
                          "name": "Standalone"
                        },
                        "threatAnalysisTactics": [
                          "Collection"
                        ],
                        "threatAnalyticsTechniques": [
                          "T1530"
                        ],
                        "contentId": "669e1338-b1a2-4d73-b720-a1e60d5d1474",
                        "parentId": "669e1338-b1a2-4d73-b720-a1e60d5d1474",
                        "kind": "HuntingQuery"
                      }
                    }
                  ]
                }
              }
            }
          ]
        },
        "author": {
          "name": "Ashwin Patil"
        },
        "categories": {
          "domains": [
            "Security - Threat Protection",
            "Cloud Provider"
          ]
        },
        "dependencies": {
          "operator": "AND",
          "criteria": [
            {
              "contentId": "669e1338-b1a2-4d73-b720-a1e60d5d1474",
              "kind": "HuntingQuery"
            }
          ]
        },
        "description": "Adversaries may access data objects from improperly secured cloud storage. This query will identify any access originating from a Source IP which was not seen historically accessing the bucket or downloading files from it.\nYou can also limit the query to only private buckets with sensitive files by setting the value or list of values to BucketName column.\nRead more about ingest custom logs using Logstash at https://github.com/Azure/Azure-Sentinel/wiki/Ingest-Custom-Logs-LogStash \nand AWS S3 API GetObject at https://docs.aws.amazon.com/AmazonS3/latest/API/API_GetObject.html and ListObject at https://docs.aws.amazon.com/AmazonS3/latest/API/API_ListObjects.html\nand ListBucket at https://docs.aws.amazon.com/AmazonS3/latest/API/API_ListBuckets.html\nS3 LogStash Config: https://github.com/Azure/Azure-Sentinel/blob/master/Parsers/Logstash/input-aws_s3-output-loganalytics.conf\nS3 KQL Parser: https://github.com/Azure/Azure-Sentinel/blob/master/Parsers/AwsS3BucketAPILogsParser.txt",
        "displayName": "Suspicious Data Access to S3 Bucket from Unknown IP",
        "packageId": "669e1338-b1a2-4d73-b720-a1e60d5d1474",
        "source": {
          "kind": "Community",
          "name": "Standalone"
        },
        "support": {
          "tier": "Community",
          "name": "Community",
          "link": "https://github.com/Azure/Azure-Sentinel/issues"
        },
        "threatAnalysisTactics": [
          "Collection"
        ],
        "threatAnalyticsTechniques": [
          "T1530"
        ],
        "version": "1.0.0"
      },
      "name": "669e1338-b1a2-4d73-b720-a1e60d5d1474"
    }
  ]
}