{
  "$schema": "https://schema.management.azure.com/schemas/2019-04-01/deploymentTemplate.json#",
  "contentVersion": "1.0.0",
  "parameters": {
    "location": {
      "type": "string",
      "minLength": 1,
      "defaultValue": "[resourceGroup().location]",
      "metadata": {
        "description": "Not used, but needed to pass arm-ttk test `Location-Should-Not-Be-Hardcoded`.  We instead use the `workspace-location` which is derived from the LA workspace"
      }
    },
    "workspace": {
      "defaultValue": "",
      "type": "string",
      "metadata": {
        "description": "Workspace name for Log Analytics where Microsoft Sentinel is setup"
      }
    },
    "workspace-location": {
      "type": "string",
      "defaultValue": "",
      "metadata": {
        "description": "[concat('Region to deploy solution resources -- separate from location selection',parameters('location'))]"
      }
    }
  },
  "resources": [
    {
      "type": "Microsoft.OperationalInsights/workspaces/providers/contentTemplates",
      "name": "[concat(parameters('workspace'),'/Microsoft.SecurityInsights/',concat(concat(parameters('workspace'),'-ar-',uniquestring('d5e012c2-29ba-4a02-a813-37b928aafe2d')),'1.0.0'))]",
      "location": "[parameters('workspace-location')]",
      "apiVersion": "2022-08-01",
      "dependsOn": [
        "[extensionResourceId(resourceId('Microsoft.OperationalInsights/workspaces', parameters('workspace')), 'Microsoft.SecurityInsights/contentPackages', 'arista-networks.awake-security')]"
      ],
      "properties": {
        "contentId": "d5e012c2-29ba-4a02-a813-37b928aafe2d",
        "displayName": "Awake Security - High Severity Matches By Device",
        "contentKind": "AnalyticsRule",
        "mainTemplate": {
          "resources": [
            {
              "type": "Microsoft.SecurityInsights/AlertRuleTemplates",
              "name": "d5e012c2-29ba-4a02-a813-37b928aafe2d",
              "apiVersion": "2022-04-01-preview",
              "kind": "Scheduled",
              "location": "[parameters('workspace-location')]",
              "properties": {
                "description": "This query searches for devices with high severity event(s).",
                "displayName": "Awake Security - High Severity Matches By Device",
                "enabled": false,
                "query": "CommonSecurityLog\n| where DeviceVendor == \"Arista Networks\" and DeviceProduct == \"Awake Security\" and toint(LogSeverity) > 6\n| summarize StartTime=min(TimeGenerated), EndTime=max(TimeGenerated), Models=make_set(Activity), ASPMatchURLs=make_set(DeviceCustomString2), SourceIPs=make_set(SourceIP),\n  DestinationIPs=make_set(DestinationIP), ModelMatchCount=sum(EventCount), MaxSeverity=max(todecimal  (LogSeverity)) by SourceHostName\n",
                "queryFrequency": "PT1H",
                "queryPeriod": "PT1H",
                "severity": "Medium",
                "suppressionDuration": "PT1H",
                "suppressionEnabled": false,
                "triggerOperator": "GreaterThan",
                "triggerThreshold": 0,
                "status": "Available",
                "requiredDataConnectors": [
                  {
                    "connectorId": "AristaAwakeSecurity",
                    "dataTypes": [
                      "CommonSecurityLog (AwakeSecurity)"
                    ]
                  }
                ],
                "entityMappings": [
                  {
                    "entityType": "Host",
                    "fieldMappings": [
                      {
                        "identifier": "HostName",
                        "columnName": "SourceHostName"
                      }
                    ]
                  },
                  {
                    "entityType": "IP",
                    "fieldMappings": [
                      {
                        "identifier": "Address",
                        "columnName": "SourceIPs"
                      }
                    ]
                  }
                ],
                "eventGroupingSettings": {
                  "aggregationKind": "AlertPerResult"
                },
                "customDetails": {
                  "Matches_Max_Severity": "MaxSeverity",
                  "Matched_Models": "Models",
                  "Matches_ASP_URLs": "ASPMatchURLs",
                  "Matches_Count": "ModelMatchCount",
                  "Matches_Dest_IPs": "DestinationIPs",
                  "Device": "SourceHostName"
                },
                "alertDetailsOverride": {
                  "alertDescriptionFormat": "Device {{SourceHostName}} matched the following high-severity Awake model(s):\n\n{{Models}}\n\nThe destination IPs associated with these matches were:\n\n{{DestinationIPs}}\n",
                  "alertDisplayNameFormat": "Awake Security - High Severity Matches On Device {{SourceHostName}}",
                  "alertSeverityColumnName": "MaxSeverity"
                },
                "incidentConfiguration": {
                  "groupingConfiguration": {
                    "reopenClosedIncident": true,
                    "lookbackDuration": "3d",
                    "groupByEntities": [
                      "Host"
                    ],
                    "groupByCustomDetails": [
                      "Device"
                    ],
                    "enabled": true,
                    "matchingMethod": "Selected"
                  },
                  "createIncident": true
                }
              }
            },
            {
              "type": "Microsoft.OperationalInsights/workspaces/providers/metadata",
              "apiVersion": "2022-01-01-preview",
              "name": "[concat(parameters('workspace'),'/Microsoft.SecurityInsights/',concat('AnalyticsRule-', last(split(resourceId('Microsoft.SecurityInsights/AlertRuleTemplates', 'd5e012c2-29ba-4a02-a813-37b928aafe2d'),'/'))))]",
              "properties": {
                "description": "AristaAwakeSecurity Analytics Rule 2",
                "parentId": "[resourceId('Microsoft.SecurityInsights/AlertRuleTemplates', 'd5e012c2-29ba-4a02-a813-37b928aafe2d')]",
                "contentId": "d5e012c2-29ba-4a02-a813-37b928aafe2d",
                "kind": "AnalyticsRule",
                "version": "1.0.0",
                "source": {
                  "kind": "Solution",
                  "name": "AristaAwakeSecurity",
                  "sourceId": "arista-networks.awake-security"
                },
                "author": {
                  "name": "Arista Networks",
                  "email": "support-security@arista.com"
                },
                "support": {
                  "name": "Arista - Awake Security",
                  "email": "support-security@arista.com",
                  "tier": "Partner",
                  "link": "https://awakesecurity.com/"
                }
              }
            }
          ]
        }
      }
    }
  ]
}