{
  "$schema": "https://schema.management.azure.com/schemas/2019-04-01/deploymentTemplate.json#",
  "contentVersion": "1.0.0",
  "parameters": {
    "location": {
      "type": "string",
      "minLength": 1,
      "defaultValue": "[resourceGroup().location]",
      "metadata": {
        "description": "Not used, but needed to pass arm-ttk test `Location-Should-Not-Be-Hardcoded`.  We instead use the `workspace-location` which is derived from the LA workspace"
      }
    },
    "workspace": {
      "defaultValue": "",
      "type": "string",
      "metadata": {
        "description": "Workspace name for Log Analytics where Microsoft Sentinel is setup"
      }
    }
  },
  "resources": [
    {
      "type": "Microsoft.OperationalInsights/workspaces/providers/contentTemplates",
      "name": "[concat(parameters('workspace'),'/Microsoft.SecurityInsights/',concat(concat(parameters('workspace'),'-dc-',uniquestring('AristaAwakeSecurity')),'1.0.0'))]",
      "location": "[parameters('workspace-location')]",
      "apiVersion": "2022-08-01",
      "dependsOn": [
        "[extensionResourceId(resourceId('Microsoft.OperationalInsights/workspaces', parameters('workspace')), 'Microsoft.SecurityInsights/contentPackages', 'arista-networks.awake-security')]"
      ],
      "properties": {
        "contentId": "AristaAwakeSecurity",
        "displayName": "Awake Security",
        "contentKind": "DataConnector",
        "mainTemplate": {
          "resources": [
            {
              "name": "[concat(parameters('workspace'),'/Microsoft.SecurityInsights/','AristaAwakeSecurity')]",
              "apiVersion": "2021-03-01-preview",
              "type": "Microsoft.OperationalInsights/workspaces/providers/dataConnectors",
              "location": "[parameters('workspace-location')]",
              "kind": "GenericUI",
              "properties": {
                "connectorUiConfig": {
                  "id": "AristaAwakeSecurity",
                  "title": "Awake Security",
                  "publisher": "Arista Networks",
                  "descriptionMarkdown": "The Awake Security CEF connector allows users to send detection model matches from the Awake Security Platform to Microsoft Sentinel. Remediate threats quickly with the power of network detection and response and speed up investigations with deep visibility especially into unmanaged entities including users, devices and applications on your network. The connector also enables the creation of network security-focused custom alerts, incidents, workbooks and notebooks that align with your existing security operations workflows. ",
                  "graphQueries": [
                    {
                      "metricName": "Total data received",
                      "legend": "AwakeSecurity",
                      "baseQuery": "CommonSecurityLog\n| where DeviceVendor == \"Arista Networks\"\n| where DeviceProduct == \"Awake Security\""
                    }
                  ],
                  "sampleQueries": [
                    {
                      "description": "Top 5 Adversarial Model Matches by Severity",
                      "query": "union CommonSecurityLog\n| where DeviceVendor == \"Arista Networks\" and DeviceProduct == \"Awake Security\"\n| summarize  TotalActivities=sum(EventCount) by Activity,LogSeverity\n| top 5 by LogSeverity desc"
                    },
                    {
                      "description": "Top 5 Devices by Device Risk Score",
                      "query": "CommonSecurityLog\r\n| where DeviceVendor == \"Arista Networks\" and DeviceProduct == \"Awake Security\"\r\n| extend DeviceCustomNumber1 = coalesce(column_ifexists(\"FieldDeviceCustomNumber1\", long(null)), DeviceCustomNumber1, long(null))\r\n| summarize MaxDeviceRiskScore=max(DeviceCustomNumber1),TimesAlerted=count() by SourceHostName=coalesce(SourceHostName,\"Unknown\")\r\n| top 5 by MaxDeviceRiskScore desc"
                    }
                  ],
                  "dataTypes": [
                    {
                      "name": "CommonSecurityLog (AwakeSecurity)",
                      "lastDataReceivedQuery": "CommonSecurityLog\n| where DeviceVendor == \"Arista Networks\"\n| where DeviceProduct == \"Awake Security\"\n| summarize Time = max(TimeGenerated)\n| where isnotempty(Time)"
                    }
                  ],
                  "connectivityCriterias": [
                    {
                      "type": "IsConnectedQuery",
                      "value": [
                        "CommonSecurityLog\n| where DeviceVendor == \"Arista Networks\"\n| where DeviceProduct == \"Awake Security\"\n| summarize LastLogReceived = max(TimeGenerated)\n| project IsConnected = LastLogReceived > ago(30d)"
                      ]
                    }
                  ],
                  "availability": {
                    "status": 1,
                    "isPreview": false
                  },
                  "permissions": {
                    "resourceProvider": [
                      {
                        "provider": "Microsoft.OperationalInsights/workspaces",
                        "permissionsDisplayText": "read and write permissions are required.",
                        "providerDisplayName": "Workspace",
                        "scope": "Workspace",
                        "requiredPermissions": {
                          "read": true,
                          "write": true,
                          "delete": true
                        }
                      },
                      {
                        "provider": "Microsoft.OperationalInsights/workspaces/sharedKeys",
                        "permissionsDisplayText": "read permissions to shared keys for the workspace are required. [See the documentation to learn more about workspace keys](https://docs.microsoft.com/azure/azure-monitor/platform/agent-windows#obtain-workspace-id-and-key).",
                        "providerDisplayName": "Keys",
                        "scope": "Workspace",
                        "requiredPermissions": {
                          "action": true
                        }
                      }
                    ]
                  },
                  "instructionSteps": [
                    {
                      "description": "Install and configure the Linux agent to collect your Common Event Format (CEF) Syslog messages and forward them to Microsoft Sentinel.\n\n> Notice that the data from all regions will be stored in the selected workspace",
                      "innerSteps": [
                        {
                          "title": "1.1 Select or create a Linux machine",
                          "description": "Select or create a Linux machine that Microsoft Sentinel will use as the proxy between your security solution and Microsoft Sentinel this machine can be on your on-prem environment, Azure or other clouds."
                        },
                        {
                          "title": "1.2 Install the CEF collector on the Linux machine",
                          "description": "Install the Microsoft Monitoring Agent on your Linux machine and configure the machine to listen on the necessary port and forward messages to your Microsoft Sentinel workspace. The CEF collector collects CEF messages on port 514 TCP.\n\n> 1. Make sure that you have Python on your machine using the following command: python -version.\n\n> 2. You must have elevated permissions (sudo) on your machine.",
                          "instructions": [
                            {
                              "parameters": {
                                "fillWith": [
                                  "WorkspaceId",
                                  "PrimaryKey"
                                ],
                                "label": "Run the following command to install and apply the CEF collector:",
                                "value": "sudo wget -O cef_installer.py https://raw.githubusercontent.com/Azure/Azure-Sentinel/master/DataConnectors/CEF/cef_installer.py&&sudo python cef_installer.py {0} {1}"
                              },
                              "type": "CopyableLabel"
                            }
                          ]
                        }
                      ],
                      "title": "1. Linux Syslog agent configuration"
                    },
                    {
                      "description": "Perform the following steps to forward Awake Adversarial Model match results to a CEF collector listening on TCP port **514** at IP **192.168.0.1**:\n- Navigate to the Detection Management Skills page in the Awake UI.\n- Click + Add New Skill.\n- Set the Expression field to,\n>integrations.cef.tcp { destination: \"192.168.0.1\", port: 514, secure: false, severity: Warning }\n- Set the Title field to a descriptive name like,\n>Forward Awake Adversarial Model match result to Microsoft Sentinel.\n- Set the Reference Identifier to something easily discoverable like,\n>integrations.cef.sentinel-forwarder\n- Click Save.\n\nNote: Within a few minutes of saving the definition and other fields the system will begin sending new model match results to the CEF events collector as they are detected.\n\nFor more information, refer to the **Adding a Security Information and Event Management Push Integration** page from the Help Documentation in the Awake UI.",
                      "title": "2. Forward Awake Adversarial Model match results to a CEF collector."
                    },
                    {
                      "description": "Follow the instructions to validate your connectivity:\n\nOpen Log Analytics to check if the logs are received using the CommonSecurityLog schema.\n\n>It may take about 20 minutes until the connection streams data to your workspace.\n\nIf the logs are not received, run the following connectivity validation script:\n\n> 1. Make sure that you have Python on your machine using the following command: python -version\n\n>2. You must have elevated permissions (sudo) on your machine",
                      "instructions": [
                        {
                          "parameters": {
                            "fillWith": [
                              "WorkspaceId"
                            ],
                            "label": "Run the following command to validate your connectivity:",
                            "value": "sudo wget  -O cef_troubleshoot.py https://raw.githubusercontent.com/Azure/Azure-Sentinel/master/DataConnectors/CEF/cef_troubleshoot.py&&sudo python cef_troubleshoot.py  {0}"
                          },
                          "type": "CopyableLabel"
                        }
                      ],
                      "title": "3. Validate connection"
                    },
                    {
                      "description": "Make sure to configure the machine's security according to your organization's security policy\n\n\n[Learn more >](https://aka.ms/SecureCEF)",
                      "title": "4. Secure your machine "
                    }
                  ],
                  "metadata": {
                    "id": "69203ebb-3834-43bf-9cdd-2936c4e6ae79",
                    "version": "1.0.0",
                    "kind": "dataConnector",
                    "source": {
                      "kind": "solution",
                      "name": "Awake Security"
                    },
                    "author": {
                      "name": "Awake Security"
                    },
                    "support": {
                      "tier": "developer",
                      "name": "Arista - Awake Security",
                      "email": "support-security@arista.com",
                      "link": "https://awakesecurity.com/"
                    }
                  }
                }
              }
            },
            {
              "type": "Microsoft.OperationalInsights/workspaces/providers/metadata",
              "apiVersion": "2022-01-01-preview",
              "name": "[concat(parameters('workspace'),'/Microsoft.SecurityInsights/',concat('DataConnector-', last(split(extensionResourceId(resourceId('Microsoft.OperationalInsights/workspaces', parameters('workspace')), 'Microsoft.SecurityInsights/dataConnectors', 'AristaAwakeSecurity'),'/'))))]",
              "properties": {
                "parentId": "[extensionResourceId(resourceId('Microsoft.OperationalInsights/workspaces', parameters('workspace')), 'Microsoft.SecurityInsights/dataConnectors', 'AristaAwakeSecurity')]",
                "contentId": "AristaAwakeSecurity",
                "kind": "DataConnector",
                "version": "1.0.0",
                "source": {
                  "kind": "Solution",
                  "name": "AristaAwakeSecurity",
                  "sourceId": "arista-networks.awake-security"
                },
                "author": {
                  "name": "Arista Networks",
                  "email": "support-security@arista.com"
                },
                "support": {
                  "name": "Arista - Awake Security",
                  "email": "support-security@arista.com",
                  "tier": "Partner",
                  "link": "https://awakesecurity.com/"
                }
              }
            }
          ]
        }
      }
    }
  ]
}