{
  "$schema": "https://schema.management.azure.com/schemas/2019-04-01/deploymentTemplate.json#",
  "contentVersion": "1.0.0.0",
  "metadata": {
    "author": "Arista Networks - support-security@arista.com",
    "comments": "Solution template for AristaAwakeSecurity"
  },
  "parameters": {
    "location": {
      "type": "string",
      "minLength": 1,
      "defaultValue": "[resourceGroup().location]",
      "metadata": {
        "description": "Not used, but needed to pass arm-ttk test `Location-Should-Not-Be-Hardcoded`.  We instead use the `workspace-location` which is derived from the LA workspace"
      }
    },
    "workspace-location": {
      "type": "string",
      "defaultValue": "",
      "metadata": {
        "description": "[concat('Region to deploy solution resources -- separate from location selection',parameters('location'))]"
      }
    },
    "workspace": {
      "defaultValue": "",
      "type": "string",
      "metadata": {
        "description": "Workspace name for Log Analytics where Microsoft Sentinel is setup"
      }
    },
    "workbook1-name": {
      "type": "string",
      "defaultValue": "Arista Awake",
      "minLength": 1,
      "metadata": {
        "description": "Name for the workbook"
      }
    }
  },
  "resources": [
    {
      "name": "pid-650df30b-e530-4a07-b3f4-3d02b1f7c117-partnercenter",
      "type": "Microsoft.Resources/deployments",
      "apiVersion": "2020-10-01",
      "properties": {
        "mode": "Incremental",
        "template": {
          "$schema": "https://schema.management.azure.com/schemas/2019-04-01/deploymentTemplate.json#",
          "contentVersion": "1.0.0.0",
          "resources": []
        }
      }
    },
    {
      "type": "Microsoft.OperationalInsights/workspaces/providers/contentTemplates",
      "name": "[concat(parameters('workspace'),'/Microsoft.SecurityInsights/',concat(concat(parameters('workspace'),'-dc-',uniquestring('AristaAwakeSecurity')),'1.0.0'))]",
      "location": "[parameters('workspace-location')]",
      "apiVersion": "2022-08-01",
      "dependsOn": [
        "[extensionResourceId(resourceId('Microsoft.OperationalInsights/workspaces', parameters('workspace')), 'Microsoft.SecurityInsights/contentPackages', 'arista-networks.awake-security')]"
      ],
      "properties": {
        "contentId": "AristaAwakeSecurity",
        "displayName": "Awake Security",
        "contentKind": "DataConnector",
        "mainTemplate": {
          "resources": [
            {
              "name": "[concat(parameters('workspace'),'/Microsoft.SecurityInsights/','AristaAwakeSecurity')]",
              "apiVersion": "2021-03-01-preview",
              "type": "Microsoft.OperationalInsights/workspaces/providers/dataConnectors",
              "location": "[parameters('workspace-location')]",
              "kind": "GenericUI",
              "properties": {
                "connectorUiConfig": {
                  "id": "AristaAwakeSecurity",
                  "title": "Awake Security",
                  "publisher": "Arista Networks",
                  "descriptionMarkdown": "The Awake Security CEF connector allows users to send detection model matches from the Awake Security Platform to Microsoft Sentinel. Remediate threats quickly with the power of network detection and response and speed up investigations with deep visibility especially into unmanaged entities including users, devices and applications on your network. The connector also enables the creation of network security-focused custom alerts, incidents, workbooks and notebooks that align with your existing security operations workflows. ",
                  "graphQueries": [
                    {
                      "metricName": "Total data received",
                      "legend": "AwakeSecurity",
                      "baseQuery": "CommonSecurityLog\n| where DeviceVendor == \"Arista Networks\"\n| where DeviceProduct == \"Awake Security\""
                    }
                  ],
                  "sampleQueries": [
                    {
                      "description": "Top 5 Adversarial Model Matches by Severity",
                      "query": "union CommonSecurityLog\n| where DeviceVendor == \"Arista Networks\" and DeviceProduct == \"Awake Security\"\n| summarize  TotalActivities=sum(EventCount) by Activity,LogSeverity\n| top 5 by LogSeverity desc"
                    },
                    {
                      "description": "Top 5 Devices by Device Risk Score",
                      "query": "CommonSecurityLog\r\n| where DeviceVendor == \"Arista Networks\" and DeviceProduct == \"Awake Security\"\r\n| extend DeviceCustomNumber1 = coalesce(column_ifexists(\"FieldDeviceCustomNumber1\", long(null)), DeviceCustomNumber1, long(null))\r\n| summarize MaxDeviceRiskScore=max(DeviceCustomNumber1),TimesAlerted=count() by SourceHostName=coalesce(SourceHostName,\"Unknown\")\r\n| top 5 by MaxDeviceRiskScore desc"
                    }
                  ],
                  "dataTypes": [
                    {
                      "name": "CommonSecurityLog (AwakeSecurity)",
                      "lastDataReceivedQuery": "CommonSecurityLog\n| where DeviceVendor == \"Arista Networks\"\n| where DeviceProduct == \"Awake Security\"\n| summarize Time = max(TimeGenerated)\n| where isnotempty(Time)"
                    }
                  ],
                  "connectivityCriterias": [
                    {
                      "type": "IsConnectedQuery",
                      "value": [
                        "CommonSecurityLog\n| where DeviceVendor == \"Arista Networks\"\n| where DeviceProduct == \"Awake Security\"\n| summarize LastLogReceived = max(TimeGenerated)\n| project IsConnected = LastLogReceived > ago(30d)"
                      ]
                    }
                  ],
                  "availability": {
                    "status": 1,
                    "isPreview": false
                  },
                  "permissions": {
                    "resourceProvider": [
                      {
                        "provider": "Microsoft.OperationalInsights/workspaces",
                        "permissionsDisplayText": "read and write permissions are required.",
                        "providerDisplayName": "Workspace",
                        "scope": "Workspace",
                        "requiredPermissions": {
                          "read": true,
                          "write": true,
                          "delete": true
                        }
                      },
                      {
                        "provider": "Microsoft.OperationalInsights/workspaces/sharedKeys",
                        "permissionsDisplayText": "read permissions to shared keys for the workspace are required. [See the documentation to learn more about workspace keys](https://docs.microsoft.com/azure/azure-monitor/platform/agent-windows#obtain-workspace-id-and-key).",
                        "providerDisplayName": "Keys",
                        "scope": "Workspace",
                        "requiredPermissions": {
                          "action": true
                        }
                      }
                    ]
                  },
                  "instructionSteps": [
                    {
                      "description": "Install and configure the Linux agent to collect your Common Event Format (CEF) Syslog messages and forward them to Microsoft Sentinel.\n\n> Notice that the data from all regions will be stored in the selected workspace",
                      "innerSteps": [
                        {
                          "title": "1.1 Select or create a Linux machine",
                          "description": "Select or create a Linux machine that Microsoft Sentinel will use as the proxy between your security solution and Microsoft Sentinel this machine can be on your on-prem environment, Azure or other clouds."
                        },
                        {
                          "title": "1.2 Install the CEF collector on the Linux machine",
                          "description": "Install the Microsoft Monitoring Agent on your Linux machine and configure the machine to listen on the necessary port and forward messages to your Microsoft Sentinel workspace. The CEF collector collects CEF messages on port 514 TCP.\n\n> 1. Make sure that you have Python on your machine using the following command: python -version.\n\n> 2. You must have elevated permissions (sudo) on your machine.",
                          "instructions": [
                            {
                              "parameters": {
                                "fillWith": [
                                  "WorkspaceId",
                                  "PrimaryKey"
                                ],
                                "label": "Run the following command to install and apply the CEF collector:",
                                "value": "sudo wget -O cef_installer.py https://raw.githubusercontent.com/Azure/Azure-Sentinel/master/DataConnectors/CEF/cef_installer.py&&sudo python cef_installer.py {0} {1}"
                              },
                              "type": "CopyableLabel"
                            }
                          ]
                        }
                      ],
                      "title": "1. Linux Syslog agent configuration"
                    },
                    {
                      "description": "Perform the following steps to forward Awake Adversarial Model match results to a CEF collector listening on TCP port **514** at IP **192.168.0.1**:\n- Navigate to the Detection Management Skills page in the Awake UI.\n- Click + Add New Skill.\n- Set the Expression field to,\n>integrations.cef.tcp { destination: \"192.168.0.1\", port: 514, secure: false, severity: Warning }\n- Set the Title field to a descriptive name like,\n>Forward Awake Adversarial Model match result to Microsoft Sentinel.\n- Set the Reference Identifier to something easily discoverable like,\n>integrations.cef.sentinel-forwarder\n- Click Save.\n\nNote: Within a few minutes of saving the definition and other fields the system will begin sending new model match results to the CEF events collector as they are detected.\n\nFor more information, refer to the **Adding a Security Information and Event Management Push Integration** page from the Help Documentation in the Awake UI.",
                      "title": "2. Forward Awake Adversarial Model match results to a CEF collector."
                    },
                    {
                      "description": "Follow the instructions to validate your connectivity:\n\nOpen Log Analytics to check if the logs are received using the CommonSecurityLog schema.\n\n>It may take about 20 minutes until the connection streams data to your workspace.\n\nIf the logs are not received, run the following connectivity validation script:\n\n> 1. Make sure that you have Python on your machine using the following command: python -version\n\n>2. You must have elevated permissions (sudo) on your machine",
                      "instructions": [
                        {
                          "parameters": {
                            "fillWith": [
                              "WorkspaceId"
                            ],
                            "label": "Run the following command to validate your connectivity:",
                            "value": "sudo wget  -O cef_troubleshoot.py https://raw.githubusercontent.com/Azure/Azure-Sentinel/master/DataConnectors/CEF/cef_troubleshoot.py&&sudo python cef_troubleshoot.py  {0}"
                          },
                          "type": "CopyableLabel"
                        }
                      ],
                      "title": "3. Validate connection"
                    },
                    {
                      "description": "Make sure to configure the machine's security according to your organization's security policy\n\n\n[Learn more >](https://aka.ms/SecureCEF)",
                      "title": "4. Secure your machine "
                    }
                  ],
                  "metadata": {
                    "id": "69203ebb-3834-43bf-9cdd-2936c4e6ae79",
                    "version": "1.0.0",
                    "kind": "dataConnector",
                    "source": {
                      "kind": "solution",
                      "name": "Awake Security"
                    },
                    "author": {
                      "name": "Awake Security"
                    },
                    "support": {
                      "tier": "developer",
                      "name": "Arista - Awake Security",
                      "email": "support-security@arista.com",
                      "link": "https://awakesecurity.com/"
                    }
                  }
                }
              }
            },
            {
              "type": "Microsoft.OperationalInsights/workspaces/providers/metadata",
              "apiVersion": "2022-01-01-preview",
              "name": "[concat(parameters('workspace'),'/Microsoft.SecurityInsights/',concat('DataConnector-', last(split(extensionResourceId(resourceId('Microsoft.OperationalInsights/workspaces', parameters('workspace')), 'Microsoft.SecurityInsights/dataConnectors', 'AristaAwakeSecurity'),'/'))))]",
              "properties": {
                "parentId": "[extensionResourceId(resourceId('Microsoft.OperationalInsights/workspaces', parameters('workspace')), 'Microsoft.SecurityInsights/dataConnectors', 'AristaAwakeSecurity')]",
                "contentId": "AristaAwakeSecurity",
                "kind": "DataConnector",
                "version": "1.0.0",
                "source": {
                  "kind": "Solution",
                  "name": "AristaAwakeSecurity",
                  "sourceId": "arista-networks.awake-security"
                },
                "author": {
                  "name": "Arista Networks",
                  "email": "support-security@arista.com"
                },
                "support": {
                  "name": "Arista - Awake Security",
                  "email": "support-security@arista.com",
                  "tier": "Partner",
                  "link": "https://awakesecurity.com/"
                }
              }
            }
          ]
        }
      }
    },
    {
      "type": "Microsoft.OperationalInsights/workspaces/providers/metadata",
      "apiVersion": "2022-01-01-preview",
      "name": "[concat(parameters('workspace'),'/Microsoft.SecurityInsights/',concat('DataConnector-', last(split(extensionResourceId(resourceId('Microsoft.OperationalInsights/workspaces', parameters('workspace')), 'Microsoft.SecurityInsights/dataConnectors', 'AristaAwakeSecurity'),'/'))))]",
      "dependsOn": [
        "[extensionResourceId(resourceId('Microsoft.OperationalInsights/workspaces', parameters('workspace')), 'Microsoft.SecurityInsights/dataConnectors', 'AristaAwakeSecurity')]"
      ],
      "location": "[parameters('workspace-location')]",
      "properties": {
        "parentId": "[extensionResourceId(resourceId('Microsoft.OperationalInsights/workspaces', parameters('workspace')), 'Microsoft.SecurityInsights/dataConnectors', 'AristaAwakeSecurity')]",
        "contentId": "AristaAwakeSecurity",
        "kind": "DataConnector",
        "version": "1.0.0",
        "source": {
          "kind": "Solution",
          "name": "AristaAwakeSecurity",
          "sourceId": "arista-networks.awake-security"
        },
        "author": {
          "name": "Arista Networks",
          "email": "support-security@arista.com"
        },
        "support": {
          "name": "Arista - Awake Security",
          "email": "support-security@arista.com",
          "tier": "Partner",
          "link": "https://awakesecurity.com/"
        }
      }
    },
    {
      "name": "[concat(parameters('workspace'),'/Microsoft.SecurityInsights/','AristaAwakeSecurity')]",
      "apiVersion": "2021-03-01-preview",
      "type": "Microsoft.OperationalInsights/workspaces/providers/dataConnectors",
      "location": "[parameters('workspace-location')]",
      "kind": "GenericUI",
      "properties": {
        "connectorUiConfig": {
          "title": "Awake Security",
          "publisher": "Arista Networks",
          "descriptionMarkdown": "The Awake Security CEF connector allows users to send detection model matches from the Awake Security Platform to Microsoft Sentinel. Remediate threats quickly with the power of network detection and response and speed up investigations with deep visibility especially into unmanaged entities including users, devices and applications on your network. The connector also enables the creation of network security-focused custom alerts, incidents, workbooks and notebooks that align with your existing security operations workflows. ",
          "graphQueries": [
            {
              "metricName": "Total data received",
              "legend": "AwakeSecurity",
              "baseQuery": "CommonSecurityLog\n| where DeviceVendor == \"Arista Networks\"\n| where DeviceProduct == \"Awake Security\""
            }
          ],
          "dataTypes": [
            {
              "name": "CommonSecurityLog (AwakeSecurity)",
              "lastDataReceivedQuery": "CommonSecurityLog\n| where DeviceVendor == \"Arista Networks\"\n| where DeviceProduct == \"Awake Security\"\n| summarize Time = max(TimeGenerated)\n| where isnotempty(Time)"
            }
          ],
          "connectivityCriterias": [
            {
              "type": "IsConnectedQuery",
              "value": [
                "CommonSecurityLog\n| where DeviceVendor == \"Arista Networks\"\n| where DeviceProduct == \"Awake Security\"\n| summarize LastLogReceived = max(TimeGenerated)\n| project IsConnected = LastLogReceived > ago(30d)"
              ]
            }
          ],
          "sampleQueries": [
            {
              "description": "Top 5 Adversarial Model Matches by Severity",
              "query": "union CommonSecurityLog\n| where DeviceVendor == \"Arista Networks\" and DeviceProduct == \"Awake Security\"\n| summarize  TotalActivities=sum(EventCount) by Activity,LogSeverity\n| top 5 by LogSeverity desc"
            },
            {
              "description": "Top 5 Devices by Device Risk Score",
              "query": "CommonSecurityLog\r\n| where DeviceVendor == \"Arista Networks\" and DeviceProduct == \"Awake Security\"\r\n| extend DeviceCustomNumber1 = coalesce(column_ifexists(\"FieldDeviceCustomNumber1\", long(null)), DeviceCustomNumber1, long(null))\r\n| summarize MaxDeviceRiskScore=max(DeviceCustomNumber1),TimesAlerted=count() by SourceHostName=coalesce(SourceHostName,\"Unknown\")\r\n| top 5 by MaxDeviceRiskScore desc"
            }
          ],
          "availability": {
            "status": 1,
            "isPreview": false
          },
          "permissions": {
            "resourceProvider": [
              {
                "provider": "Microsoft.OperationalInsights/workspaces",
                "permissionsDisplayText": "read and write permissions are required.",
                "providerDisplayName": "Workspace",
                "scope": "Workspace",
                "requiredPermissions": {
                  "read": true,
                  "write": true,
                  "delete": true
                }
              },
              {
                "provider": "Microsoft.OperationalInsights/workspaces/sharedKeys",
                "permissionsDisplayText": "read permissions to shared keys for the workspace are required. [See the documentation to learn more about workspace keys](https://docs.microsoft.com/azure/azure-monitor/platform/agent-windows#obtain-workspace-id-and-key).",
                "providerDisplayName": "Keys",
                "scope": "Workspace",
                "requiredPermissions": {
                  "action": true
                }
              }
            ]
          },
          "instructionSteps": [
            {
              "description": "Install and configure the Linux agent to collect your Common Event Format (CEF) Syslog messages and forward them to Microsoft Sentinel.\n\n> Notice that the data from all regions will be stored in the selected workspace",
              "innerSteps": [
                {
                  "title": "1.1 Select or create a Linux machine",
                  "description": "Select or create a Linux machine that Microsoft Sentinel will use as the proxy between your security solution and Microsoft Sentinel this machine can be on your on-prem environment, Azure or other clouds."
                },
                {
                  "title": "1.2 Install the CEF collector on the Linux machine",
                  "description": "Install the Microsoft Monitoring Agent on your Linux machine and configure the machine to listen on the necessary port and forward messages to your Microsoft Sentinel workspace. The CEF collector collects CEF messages on port 514 TCP.\n\n> 1. Make sure that you have Python on your machine using the following command: python -version.\n\n> 2. You must have elevated permissions (sudo) on your machine.",
                  "instructions": [
                    {
                      "parameters": {
                        "fillWith": [
                          "WorkspaceId",
                          "PrimaryKey"
                        ],
                        "label": "Run the following command to install and apply the CEF collector:",
                        "value": "sudo wget -O cef_installer.py https://raw.githubusercontent.com/Azure/Azure-Sentinel/master/DataConnectors/CEF/cef_installer.py&&sudo python cef_installer.py {0} {1}"
                      },
                      "type": "CopyableLabel"
                    }
                  ]
                }
              ],
              "title": "1. Linux Syslog agent configuration"
            },
            {
              "description": "Perform the following steps to forward Awake Adversarial Model match results to a CEF collector listening on TCP port **514** at IP **192.168.0.1**:\n- Navigate to the Detection Management Skills page in the Awake UI.\n- Click + Add New Skill.\n- Set the Expression field to,\n>integrations.cef.tcp { destination: \"192.168.0.1\", port: 514, secure: false, severity: Warning }\n- Set the Title field to a descriptive name like,\n>Forward Awake Adversarial Model match result to Microsoft Sentinel.\n- Set the Reference Identifier to something easily discoverable like,\n>integrations.cef.sentinel-forwarder\n- Click Save.\n\nNote: Within a few minutes of saving the definition and other fields the system will begin sending new model match results to the CEF events collector as they are detected.\n\nFor more information, refer to the **Adding a Security Information and Event Management Push Integration** page from the Help Documentation in the Awake UI.",
              "title": "2. Forward Awake Adversarial Model match results to a CEF collector."
            },
            {
              "description": "Follow the instructions to validate your connectivity:\n\nOpen Log Analytics to check if the logs are received using the CommonSecurityLog schema.\n\n>It may take about 20 minutes until the connection streams data to your workspace.\n\nIf the logs are not received, run the following connectivity validation script:\n\n> 1. Make sure that you have Python on your machine using the following command: python -version\n\n>2. You must have elevated permissions (sudo) on your machine",
              "instructions": [
                {
                  "parameters": {
                    "fillWith": [
                      "WorkspaceId"
                    ],
                    "label": "Run the following command to validate your connectivity:",
                    "value": "sudo wget  -O cef_troubleshoot.py https://raw.githubusercontent.com/Azure/Azure-Sentinel/master/DataConnectors/CEF/cef_troubleshoot.py&&sudo python cef_troubleshoot.py  {0}"
                  },
                  "type": "CopyableLabel"
                }
              ],
              "title": "3. Validate connection"
            },
            {
              "description": "Make sure to configure the machine's security according to your organization's security policy\n\n\n[Learn more >](https://aka.ms/SecureCEF)",
              "title": "4. Secure your machine "
            }
          ],
          "id": "AristaAwakeSecurity"
        }
      }
    },
    {
      "type": "Microsoft.OperationalInsights/workspaces/providers/contentTemplates",
      "name": "[concat(parameters('workspace'),'/Microsoft.SecurityInsights/',concat(concat(parameters('workspace'),'-ar-',uniquestring('90b7ac11-dd6c-4ba1-a99b-737061873859')),'1.0.0'))]",
      "location": "[parameters('workspace-location')]",
      "apiVersion": "2022-08-01",
      "dependsOn": [
        "[extensionResourceId(resourceId('Microsoft.OperationalInsights/workspaces', parameters('workspace')), 'Microsoft.SecurityInsights/contentPackages', 'arista-networks.awake-security')]"
      ],
      "properties": {
        "contentId": "90b7ac11-dd6c-4ba1-a99b-737061873859",
        "displayName": "Awake Security - High Match Counts By Device",
        "contentKind": "AnalyticsRule",
        "mainTemplate": {
          "resources": [
            {
              "type": "Microsoft.SecurityInsights/AlertRuleTemplates",
              "name": "90b7ac11-dd6c-4ba1-a99b-737061873859",
              "apiVersion": "2022-04-01-preview",
              "kind": "Scheduled",
              "location": "[parameters('workspace-location')]",
              "properties": {
                "description": "This query searches for devices with unexpectedly large number of activity match.",
                "displayName": "Awake Security - High Match Counts By Device",
                "enabled": false,
                "query": "CommonSecurityLog\n| where DeviceVendor == \"Arista Networks\" and DeviceProduct == \"Awake Security\"\n| summarize StartTime=min(TimeGenerated), EndTime=max(TimeGenerated), Models=make_set(Activity), ASPMatchURLs=make_set(DeviceCustomString2), SourceIPs=make_set(SourceIP),\n  DestinationIPs=make_set(DestinationIP), ModelMatchCount=sum(EventCount), MaxSeverity=max(toint(LogSeverity)) by SourceHostName\n| where ModelMatchCount > 1000 and MaxSeverity > 2\n| extend SeverityName=iff(MaxSeverity == 0, \"Informational\", iff(MaxSeverity < 5, \"Low\", iff(MaxSeverity < 8, \"Medium\", \"High\")))\n",
                "queryFrequency": "PT1H",
                "queryPeriod": "PT1H",
                "severity": "Medium",
                "suppressionDuration": "PT1H",
                "suppressionEnabled": false,
                "triggerOperator": "GreaterThan",
                "triggerThreshold": 0,
                "status": "Available",
                "requiredDataConnectors": [
                  {
                    "connectorId": "AristaAwakeSecurity",
                    "dataTypes": [
                      "CommonSecurityLog (AwakeSecurity)"
                    ]
                  }
                ],
                "entityMappings": [
                  {
                    "entityType": "Host",
                    "fieldMappings": [
                      {
                        "identifier": "HostName",
                        "columnName": "SourceHostName"
                      }
                    ]
                  },
                  {
                    "entityType": "IP",
                    "fieldMappings": [
                      {
                        "identifier": "Address",
                        "columnName": "SourceIPs"
                      }
                    ]
                  }
                ],
                "eventGroupingSettings": {
                  "aggregationKind": "AlertPerResult"
                },
                "customDetails": {
                  "Matches_Max_Severity": "MaxSeverity",
                  "Matched_Models": "Models",
                  "Matches_ASP_URLs": "ASPMatchURLs",
                  "Matches_Count": "ModelMatchCount",
                  "Matches_Dest_IPs": "DestinationIPs",
                  "Device": "SourceHostName"
                },
                "alertDetailsOverride": {
                  "alertDescriptionFormat": "The following Awake model(s):\n\n{{Models}}\n\nmatched {{ModelMatchCount}} activities, an unexpectedly large number. The destination IPs associated with these matches were:\n\n{{DestinationIPs}}",
                  "alertDisplayNameFormat": "Awake Security - High Model Match Counts On Device {{SourceHostName}}",
                  "alertSeverityColumnName": "SeverityName"
                },
                "incidentConfiguration": {
                  "groupingConfiguration": {
                    "reopenClosedIncident": true,
                    "lookbackDuration": "3d",
                    "groupByEntities": [
                      "Host"
                    ],
                    "groupByCustomDetails": [
                      "Device"
                    ],
                    "enabled": true,
                    "matchingMethod": "Selected"
                  },
                  "createIncident": true
                }
              }
            },
            {
              "type": "Microsoft.OperationalInsights/workspaces/providers/metadata",
              "apiVersion": "2022-01-01-preview",
              "name": "[concat(parameters('workspace'),'/Microsoft.SecurityInsights/',concat('AnalyticsRule-', last(split(resourceId('Microsoft.SecurityInsights/AlertRuleTemplates', '90b7ac11-dd6c-4ba1-a99b-737061873859'),'/'))))]",
              "properties": {
                "description": "AristaAwakeSecurity Analytics Rule 1",
                "parentId": "[resourceId('Microsoft.SecurityInsights/AlertRuleTemplates', '90b7ac11-dd6c-4ba1-a99b-737061873859')]",
                "contentId": "90b7ac11-dd6c-4ba1-a99b-737061873859",
                "kind": "AnalyticsRule",
                "version": "1.0.0",
                "source": {
                  "kind": "Solution",
                  "name": "AristaAwakeSecurity",
                  "sourceId": "arista-networks.awake-security"
                },
                "author": {
                  "name": "Arista Networks",
                  "email": "support-security@arista.com"
                },
                "support": {
                  "name": "Arista - Awake Security",
                  "email": "support-security@arista.com",
                  "tier": "Partner",
                  "link": "https://awakesecurity.com/"
                }
              }
            }
          ]
        }
      }
    },
    {
      "type": "Microsoft.OperationalInsights/workspaces/providers/contentTemplates",
      "name": "[concat(parameters('workspace'),'/Microsoft.SecurityInsights/',concat(concat(parameters('workspace'),'-ar-',uniquestring('d5e012c2-29ba-4a02-a813-37b928aafe2d')),'1.0.0'))]",
      "location": "[parameters('workspace-location')]",
      "apiVersion": "2022-08-01",
      "dependsOn": [
        "[extensionResourceId(resourceId('Microsoft.OperationalInsights/workspaces', parameters('workspace')), 'Microsoft.SecurityInsights/contentPackages', 'arista-networks.awake-security')]"
      ],
      "properties": {
        "contentId": "d5e012c2-29ba-4a02-a813-37b928aafe2d",
        "displayName": "Awake Security - High Severity Matches By Device",
        "contentKind": "AnalyticsRule",
        "mainTemplate": {
          "resources": [
            {
              "type": "Microsoft.SecurityInsights/AlertRuleTemplates",
              "name": "d5e012c2-29ba-4a02-a813-37b928aafe2d",
              "apiVersion": "2022-04-01-preview",
              "kind": "Scheduled",
              "location": "[parameters('workspace-location')]",
              "properties": {
                "description": "This query searches for devices with high severity event(s).",
                "displayName": "Awake Security - High Severity Matches By Device",
                "enabled": false,
                "query": "CommonSecurityLog\n| where DeviceVendor == \"Arista Networks\" and DeviceProduct == \"Awake Security\" and toint(LogSeverity) > 6\n| summarize StartTime=min(TimeGenerated), EndTime=max(TimeGenerated), Models=make_set(Activity), ASPMatchURLs=make_set(DeviceCustomString2), SourceIPs=make_set(SourceIP),\n  DestinationIPs=make_set(DestinationIP), ModelMatchCount=sum(EventCount), MaxSeverity=max(todecimal  (LogSeverity)) by SourceHostName\n",
                "queryFrequency": "PT1H",
                "queryPeriod": "PT1H",
                "severity": "Medium",
                "suppressionDuration": "PT1H",
                "suppressionEnabled": false,
                "triggerOperator": "GreaterThan",
                "triggerThreshold": 0,
                "status": "Available",
                "requiredDataConnectors": [
                  {
                    "connectorId": "AristaAwakeSecurity",
                    "dataTypes": [
                      "CommonSecurityLog (AwakeSecurity)"
                    ]
                  }
                ],
                "entityMappings": [
                  {
                    "entityType": "Host",
                    "fieldMappings": [
                      {
                        "identifier": "HostName",
                        "columnName": "SourceHostName"
                      }
                    ]
                  },
                  {
                    "entityType": "IP",
                    "fieldMappings": [
                      {
                        "identifier": "Address",
                        "columnName": "SourceIPs"
                      }
                    ]
                  }
                ],
                "eventGroupingSettings": {
                  "aggregationKind": "AlertPerResult"
                },
                "customDetails": {
                  "Matches_Max_Severity": "MaxSeverity",
                  "Matched_Models": "Models",
                  "Matches_ASP_URLs": "ASPMatchURLs",
                  "Matches_Count": "ModelMatchCount",
                  "Matches_Dest_IPs": "DestinationIPs",
                  "Device": "SourceHostName"
                },
                "alertDetailsOverride": {
                  "alertDescriptionFormat": "Device {{SourceHostName}} matched the following high-severity Awake model(s):\n\n{{Models}}\n\nThe destination IPs associated with these matches were:\n\n{{DestinationIPs}}\n",
                  "alertDisplayNameFormat": "Awake Security - High Severity Matches On Device {{SourceHostName}}",
                  "alertSeverityColumnName": "MaxSeverity"
                },
                "incidentConfiguration": {
                  "groupingConfiguration": {
                    "reopenClosedIncident": true,
                    "lookbackDuration": "3d",
                    "groupByEntities": [
                      "Host"
                    ],
                    "groupByCustomDetails": [
                      "Device"
                    ],
                    "enabled": true,
                    "matchingMethod": "Selected"
                  },
                  "createIncident": true
                }
              }
            },
            {
              "type": "Microsoft.OperationalInsights/workspaces/providers/metadata",
              "apiVersion": "2022-01-01-preview",
              "name": "[concat(parameters('workspace'),'/Microsoft.SecurityInsights/',concat('AnalyticsRule-', last(split(resourceId('Microsoft.SecurityInsights/AlertRuleTemplates', 'd5e012c2-29ba-4a02-a813-37b928aafe2d'),'/'))))]",
              "properties": {
                "description": "AristaAwakeSecurity Analytics Rule 2",
                "parentId": "[resourceId('Microsoft.SecurityInsights/AlertRuleTemplates', 'd5e012c2-29ba-4a02-a813-37b928aafe2d')]",
                "contentId": "d5e012c2-29ba-4a02-a813-37b928aafe2d",
                "kind": "AnalyticsRule",
                "version": "1.0.0",
                "source": {
                  "kind": "Solution",
                  "name": "AristaAwakeSecurity",
                  "sourceId": "arista-networks.awake-security"
                },
                "author": {
                  "name": "Arista Networks",
                  "email": "support-security@arista.com"
                },
                "support": {
                  "name": "Arista - Awake Security",
                  "email": "support-security@arista.com",
                  "tier": "Partner",
                  "link": "https://awakesecurity.com/"
                }
              }
            }
          ]
        }
      }
    },
    {
      "type": "Microsoft.OperationalInsights/workspaces/providers/contentTemplates",
      "name": "[concat(parameters('workspace'),'/Microsoft.SecurityInsights/',concat(concat(parameters('workspace'),'-ar-',uniquestring('dfa3ec92-bdae-410f-b675-fe1814e4d43e')),'1.0.0'))]",
      "location": "[parameters('workspace-location')]",
      "apiVersion": "2022-08-01",
      "dependsOn": [
        "[extensionResourceId(resourceId('Microsoft.OperationalInsights/workspaces', parameters('workspace')), 'Microsoft.SecurityInsights/contentPackages', 'arista-networks.awake-security')]"
      ],
      "properties": {
        "contentId": "dfa3ec92-bdae-410f-b675-fe1814e4d43e",
        "displayName": "Awake Security - Model With Multiple Destinations",
        "contentKind": "AnalyticsRule",
        "mainTemplate": {
          "resources": [
            {
              "type": "Microsoft.SecurityInsights/AlertRuleTemplates",
              "name": "dfa3ec92-bdae-410f-b675-fe1814e4d43e",
              "apiVersion": "2022-04-01-preview",
              "kind": "Scheduled",
              "location": "[parameters('workspace-location')]",
              "properties": {
                "description": "This query searches for devices with multiple possibly malicious destinations.",
                "displayName": "Awake Security - Model With Multiple Destinations",
                "enabled": false,
                "query": "CommonSecurityLog | where DeviceVendor == \"Arista Networks\" and DeviceProduct == \"Awake Security\"\n| summarize StartTime=min(TimeGenerated), EndTime=max(TimeGenerated), Models=make_set(Activity), ASPMatchURLs=make_set(DeviceCustomString2), SourceIPs=make_set(SourceIP),\n  DestinationIPs=make_set(DestinationIP), ModelMatchCount=sum(EventCount), MaxSeverity=max(toint(LogSeverity)) by SourceHostName\n| where array_length(DestinationIPs) > 1\n",
                "queryFrequency": "PT1H",
                "queryPeriod": "PT1H",
                "severity": "Medium",
                "suppressionDuration": "PT1H",
                "suppressionEnabled": false,
                "triggerOperator": "GreaterThan",
                "triggerThreshold": 0,
                "status": "Available",
                "requiredDataConnectors": [
                  {
                    "connectorId": "AristaAwakeSecurity",
                    "dataTypes": [
                      "CommonSecurityLog (AwakeSecurity)"
                    ]
                  }
                ],
                "entityMappings": [
                  {
                    "entityType": "Host",
                    "fieldMappings": [
                      {
                        "identifier": "HostName",
                        "columnName": "SourceHostName"
                      }
                    ]
                  },
                  {
                    "entityType": "IP",
                    "fieldMappings": [
                      {
                        "identifier": "Address",
                        "columnName": "SourceIPs"
                      }
                    ]
                  }
                ],
                "eventGroupingSettings": {
                  "aggregationKind": "AlertPerResult"
                },
                "customDetails": {
                  "Matches_Max_Severity": "MaxSeverity",
                  "Matched_Models": "Models",
                  "Matches_ASP_URLs": "ASPMatchURLs",
                  "Matches_Count": "ModelMatchCount",
                  "Matches_Dest_IPs": "DestinationIPs",
                  "Device": "SourceHostName"
                },
                "alertDetailsOverride": {
                  "alertDescriptionFormat": "Device {{SourceHostName}} communicated with multiple possibly malicious destinations.  The destination IPs were:\n\n{{DestinationIPs}}\n\nThe associated with Awake model(s) were:\n\n{{Models}}\n",
                  "alertDisplayNameFormat": "Awake Security - Model Matches With Multiple Destinations On Device {{SourceHostName}}"
                },
                "incidentConfiguration": {
                  "groupingConfiguration": {
                    "reopenClosedIncident": true,
                    "lookbackDuration": "3d",
                    "groupByEntities": [
                      "Host"
                    ],
                    "groupByCustomDetails": [
                      "Device"
                    ],
                    "enabled": true,
                    "matchingMethod": "Selected"
                  },
                  "createIncident": true
                }
              }
            },
            {
              "type": "Microsoft.OperationalInsights/workspaces/providers/metadata",
              "apiVersion": "2022-01-01-preview",
              "name": "[concat(parameters('workspace'),'/Microsoft.SecurityInsights/',concat('AnalyticsRule-', last(split(resourceId('Microsoft.SecurityInsights/AlertRuleTemplates', 'dfa3ec92-bdae-410f-b675-fe1814e4d43e'),'/'))))]",
              "properties": {
                "description": "AristaAwakeSecurity Analytics Rule 3",
                "parentId": "[resourceId('Microsoft.SecurityInsights/AlertRuleTemplates', 'dfa3ec92-bdae-410f-b675-fe1814e4d43e')]",
                "contentId": "dfa3ec92-bdae-410f-b675-fe1814e4d43e",
                "kind": "AnalyticsRule",
                "version": "1.0.0",
                "source": {
                  "kind": "Solution",
                  "name": "AristaAwakeSecurity",
                  "sourceId": "arista-networks.awake-security"
                },
                "author": {
                  "name": "Arista Networks",
                  "email": "support-security@arista.com"
                },
                "support": {
                  "name": "Arista - Awake Security",
                  "email": "support-security@arista.com",
                  "tier": "Partner",
                  "link": "https://awakesecurity.com/"
                }
              }
            }
          ]
        }
      }
    },
    {
      "type": "Microsoft.OperationalInsights/workspaces/providers/contentTemplates",
      "name": "[concat(parameters('workspace'),'/Microsoft.SecurityInsights/',concat(concat(parameters('workspace'),'-wb-',uniquestring('arista-networks')),'1.0.0'))]",
      "location": "[parameters('workspace-location')]",
      "apiVersion": "2022-08-01",
      "dependsOn": [
        "[extensionResourceId(resourceId('Microsoft.OperationalInsights/workspaces', parameters('workspace')), 'Microsoft.SecurityInsights/contentPackages', 'arista-networks.awake-security')]"
      ],
      "properties": {
        "contentId": "arista-networks",
        "displayName": "Arista Awake",
        "contentKind": "Workbook",
        "mainTemplate": {
          "resources": [
            {
              "type": "Microsoft.Insights/workbooks",
              "name": "arista-networks",
              "location": "[parameters('workspace-location')]",
              "kind": "shared",
              "apiVersion": "2021-08-01",
              "metadata": {
                "description": "Sets the time name for analysis"
              },
              "properties": {
                "displayName": "Arista Awake",
                "serializedData": "{\"version\":\"Notebook/1.0\",\"items\":[{\"type\":9,\"content\":{\"version\":\"KqlParameterItem/1.0\",\"parameters\":[{\"id\":\"96834e0b-c240-4603-b8ce-ab5c8e051a8c\",\"version\":\"KqlParameterItem/1.0\",\"name\":\"TimeRange\",\"label\":\"Time Range\",\"type\":4,\"isRequired\":true,\"value\":{\"durationMs\":3600000},\"typeSettings\":{\"selectableValues\":[{\"durationMs\":3600000},{\"durationMs\":43200000},{\"durationMs\":86400000},{\"durationMs\":172800000},{\"durationMs\":604800000},{\"durationMs\":2592000000},{\"durationMs\":5184000000}],\"allowCustom\":true},\"timeContext\":{\"durationMs\":86400000}},{\"id\":\"66925847-0d36-4795-bdfe-1ad0e6fa92a8\",\"version\":\"KqlParameterItem/1.0\",\"name\":\"SortBy\",\"label\":\"Sort By\",\"type\":2,\"isRequired\":true,\"typeSettings\":{\"showDefault\":false},\"jsonData\":\"[\\n\\n    { \\\"value\\\":\\\"Count\\\", \\\"label\\\":\\\"Count\\\"},\\n    { \\\"value\\\":\\\"Severity\\\", \\\"label\\\":\\\"Severity\\\", \\\"selected\\\":true}\\n]\",\"value\":\"Count\"}],\"style\":\"pills\",\"queryType\":0,\"resourceType\":\"microsoft.operationalinsights/workspaces\"},\"name\":\"parameters - 8\"},{\"type\":11,\"content\":{\"version\":\"LinkItem/1.0\",\"style\":\"tabs\",\"links\":[{\"id\":\"bc6350d6-4f87-4575-9057-6e80072afdc1\",\"cellValue\":\"Tab\",\"linkTarget\":\"parameter\",\"linkLabel\":\"Overview\",\"subTarget\":\"Overview\",\"style\":\"link\"},{\"id\":\"b90a2ef4-07db-4f55-b8f1-fcafa493ab16\",\"cellValue\":\"Tab\",\"linkTarget\":\"parameter\",\"linkLabel\":\"Models\",\"subTarget\":\"Models\",\"style\":\"link\"},{\"id\":\"e097203d-20ea-48de-af3d-d367e704dd61\",\"cellValue\":\"Tab\",\"linkTarget\":\"parameter\",\"linkLabel\":\"Devices\",\"subTarget\":\"Devices\",\"style\":\"link\"}]},\"name\":\"links - 11\"},{\"type\":12,\"content\":{\"version\":\"NotebookGroup/1.0\",\"groupType\":\"editable\",\"items\":[{\"type\":1,\"content\":{\"json\":\"---\\n### Adversarial Model Matches by Severity Level for {TimeRange}\"},\"customWidth\":\"30\",\"name\":\"Overview_Pie_Label\"},{\"type\":1,\"content\":{\"json\":\"\\n\\n\\n---\\n### Adversarial Models Matches for {TimeRange}\"},\"customWidth\":\"70\",\"name\":\"Overview_Chart_Label\"},{\"type\":3,\"content\":{\"version\":\"KqlItem/1.0\",\"query\":\"union CommonSecurityLog\\n| where DeviceVendor == \\\"Arista Networks\\\" and DeviceProduct == \\\"Awake Security\\\"\\n| summarize by bin(TimeGenerated,floor(({TimeRange:end}-{TimeRange:start})/30,1m)),Activity,LogSeverity\\n| summarize Count=count() by Severity=iif(toint(LogSeverity) between (0 .. 5),\\\"1\\\",iif(toint(LogSeverity) between (6 .. 8),\\\"2\\\",iif(toint(LogSeverity) between (9 .. 10),\\\"3\\\",\\\"4\\\")))\\n| where toint(Severity)<4\\n| order by toint(Severity) desc\",\"size\":3,\"timeContextFromParameter\":\"TimeRange\",\"queryType\":0,\"resourceType\":\"microsoft.operationalinsights/workspaces\",\"visualization\":\"piechart\",\"tileSettings\":{\"titleContent\":{\"columnMatch\":\"Severity\",\"formatter\":18,\"formatOptions\":{\"thresholdsOptions\":\"colors\",\"thresholdsGrid\":[{\"operator\":\"==\",\"thresholdValue\":\"4\",\"representation\":\"redBright\",\"text\":\"Critical\"},{\"operator\":\"==\",\"thresholdValue\":\"3\",\"representation\":\"orange\",\"text\":\"High\"},{\"operator\":\"==\",\"thresholdValue\":\"2\",\"representation\":\"yellow\",\"text\":\"Medium\"},{\"operator\":\"==\",\"thresholdValue\":\"1\",\"representation\":\"green\",\"text\":\"Low\"},{\"operator\":\"Default\",\"text\":\"{0}{1}\"}],\"compositeBarSettings\":{\"labelText\":\"\",\"columnSettings\":[{\"columnName\":\"status\",\"color\":\"green\"},{\"columnName\":\"status_count\",\"color\":\"lightBlue\"}]}}},\"leftContent\":{\"columnMatch\":\"Count\",\"formatter\":12,\"formatOptions\":{\"palette\":\"none\"}},\"showBorder\":true,\"sortOrderField\":1,\"size\":\"auto\"},\"graphSettings\":{\"type\":0},\"chartSettings\":{\"yAxis\":[\"Count\"],\"seriesLabelSettings\":[{\"seriesName\":\"1\",\"label\":\"Low\",\"color\":\"green\"},{\"seriesName\":\"2\",\"label\":\"Medium\",\"color\":\"yellow\"},{\"seriesName\":\"3\",\"label\":\"High\",\"color\":\"redBright\"}]}},\"customWidth\":\"30\",\"name\":\"Adversarial Model Matches by Severity\"},{\"type\":3,\"content\":{\"version\":\"KqlItem/1.0\",\"query\":\"union CommonSecurityLog\\n| where DeviceVendor == \\\"Arista Networks\\\" and DeviceProduct == \\\"Awake Security\\\"\\n| summarize by bin(TimeGenerated,floor(({TimeRange:end}-{TimeRange:start})/30,1m)),Activity,LogSeverity\\n| summarize High=countif(toint(LogSeverity) between (9 .. 10)),Medium=countif(toint(LogSeverity) between (6 .. 8)),Low=countif(toint(LogSeverity) between (0 .. 5)) by TimeGenerated,LogSeverity\\n\\n\",\"size\":2,\"timeContextFromParameter\":\"TimeRange\",\"queryType\":0,\"resourceType\":\"microsoft.operationalinsights/workspaces\",\"visualization\":\"categoricalbar\",\"graphSettings\":{\"type\":0},\"chartSettings\":{\"xAxis\":\"TimeGenerated\",\"seriesLabelSettings\":[{\"seriesName\":\"High\",\"color\":\"redBright\"},{\"seriesName\":\"Medium\",\"color\":\"yellow\"},{\"seriesName\":\"Low\",\"color\":\"green\"}]}},\"customWidth\":\"70\",\"name\":\"Overview_Chart\"},{\"type\":1,\"content\":{\"json\":\"\\n\\n\\n---\\n###### Links\"},\"name\":\"Overview_Links_Label\"},{\"type\":11,\"content\":{\"version\":\"LinkItem/1.0\",\"style\":\"bullets\",\"links\":[{\"id\":\"49514376-7f9d-40d5-9e71-be047648b095\",\"cellValue\":\"https://awakesecurity.com/\",\"linkTarget\":\"Url\",\"linkLabel\":\"Awake-Security\",\"preText\":\"\",\"postText\":\"\",\"style\":\"link\"}]},\"name\":\"Overview_Links\"}]},\"conditionalVisibility\":{\"parameterName\":\"Tab\",\"comparison\":\"isEqualTo\",\"value\":\"Overview\"},\"name\":\"Overview_Group\"},{\"type\":12,\"content\":{\"version\":\"NotebookGroup/1.0\",\"groupType\":\"editable\",\"items\":[{\"type\":1,\"content\":{\"json\":\"---\\n### Top 5 Adversarial Models Activities for {TimeRange}\"},\"customWidth\":\"40\",\"name\":\"Models_Chart_Label\"},{\"type\":1,\"content\":{\"json\":\"---\\n\\n### Detailed: Top 50 Adversarial Model Matches for {TimeRange}\"},\"customWidth\":\"60\",\"name\":\"Models_Grid_Label\"},{\"type\":3,\"content\":{\"version\":\"KqlItem/1.0\",\"query\":\"union CommonSecurityLog\\n| where DeviceVendor == \\\"Arista Networks\\\" and DeviceProduct == \\\"Awake Security\\\"\\n| summarize d=arg_max(DeviceEventClassID,LogSeverity),TriggeredCount=sum(EventCount) by  Activity,DeviceCustomString5\\n| sort by case(\\\"{SortBy}\\\"==\\\"Count\\\",TriggeredCount,toint(LogSeverity)), Activity \\n| limit 5\\n| project Activity=strcat(substring(Activity,0,20),\\\"...\\\"),TriggeredCount\",\"size\":3,\"timeContextFromParameter\":\"TimeRange\",\"queryType\":0,\"resourceType\":\"microsoft.operationalinsights/workspaces\",\"visualization\":\"barchart\",\"graphSettings\":{\"type\":0,\"topContent\":{\"columnMatch\":\"Activity\",\"formatter\":1},\"centerContent\":{\"columnMatch\":\"TriggeredCount\",\"formatter\":1,\"numberFormat\":{\"unit\":17,\"options\":{\"maximumSignificantDigits\":3,\"maximumFractionDigits\":2}}}},\"chartSettings\":{\"xAxis\":\"Activity\"},\"mapSettings\":{\"locInfo\":\"LatLong\",\"sizeSettings\":\"TriggeredCount\",\"sizeAggregation\":\"Sum\",\"legendMetric\":\"TriggeredCount\",\"legendAggregation\":\"Sum\",\"itemColorSettings\":{\"type\":\"heatmap\",\"colorAggregation\":\"Sum\",\"nodeColorField\":\"TriggeredCount\",\"heatmapPalette\":\"greenRed\"}}},\"customWidth\":\"40\",\"name\":\"Models_Chart\"},{\"type\":3,\"content\":{\"version\":\"KqlItem/1.0\",\"query\":\"union CommonSecurityLog\\n| where DeviceVendor == \\\"Arista Networks\\\" and DeviceProduct == \\\"Awake Security\\\"\\n| summarize arg_max(TimeGenerated,Severity=toint(LogSeverity),DeviceCustomDate2,DeviceEventClassID),arg_min(TimeGenerated, DeviceCustomDate1),\\nUniqueDevices= dcount(coalesce(SourceHostName,'Unknown')),TotalActivities=sum(EventCount) by Activity,DeviceCustomString5\\n| extend  ModelPath= strcat(\\\"https://\\\",DeviceCustomString5,\\\"/app/workbench/?startTime=\\\",DeviceCustomDate1,\\\"&endTime=\\\",DeviceCustomDate2,\\\"&query=(dataset.threat_behavior%20\\\",DeviceEventClassID,\\\")%20%26%26%20(device.threat_behavior%20\\\",DeviceEventClassID,\\\")&view=device\\\")\\n| project Activity,ModelPath,Severity,UniqueDevices,TotalActivities\\n| sort by case(\\\"{SortBy}\\\"==\\\"Count\\\",TotalActivities,Severity), Activity\\n| limit 50\",\"size\":2,\"timeContextFromParameter\":\"TimeRange\",\"queryType\":0,\"resourceType\":\"microsoft.operationalinsights/workspaces\",\"visualization\":\"table\",\"gridSettings\":{\"formatters\":[{\"columnMatch\":\"Activity\",\"formatter\":13,\"formatOptions\":{\"linkColumn\":\"ModelPath\",\"linkTarget\":\"Url\",\"showIcon\":false,\"customColumnWidthSetting\":\"70%\"}},{\"columnMatch\":\"ModelPath\",\"formatter\":5},{\"columnMatch\":\"Severity\",\"formatter\":18,\"formatOptions\":{\"thresholdsOptions\":\"colors\",\"thresholdsGrid\":[{\"operator\":\"<=\",\"thresholdValue\":\"5\",\"representation\":\"green\",\"text\":\"Low\"},{\"operator\":\"<=\",\"thresholdValue\":\"6\",\"representation\":\"yellow\",\"text\":\"Medium\"},{\"operator\":\"Default\",\"representation\":\"redBright\",\"text\":\"High\"}],\"compositeBarSettings\":{\"labelText\":\"\",\"columnSettings\":[{\"columnName\":\"SeverityInt\",\"color\":\"redBright\"}]},\"customColumnWidthSetting\":\"10%\"}},{\"columnMatch\":\"UniqueDevices\",\"formatter\":0,\"formatOptions\":{\"customColumnWidthSetting\":\"10%\"}},{\"columnMatch\":\"TotalActivities\",\"formatter\":0,\"formatOptions\":{\"customColumnWidthSetting\":\"10%\"}}],\"labelSettings\":[{\"columnId\":\"Activity\",\"label\":\"adversarialModelName\"},{\"columnId\":\"ModelPath\",\"label\":\"Model Path\"},{\"columnId\":\"Severity\",\"label\":\"riskLevel\"},{\"columnId\":\"UniqueDevices\",\"label\":\"uniqueDevices\"},{\"columnId\":\"TotalActivities\",\"label\":\"totalActivities\"}]}},\"customWidth\":\"60\",\"name\":\"Models_Grid\"}]},\"conditionalVisibility\":{\"parameterName\":\"Tab\",\"comparison\":\"isEqualTo\",\"value\":\"Models\"},\"name\":\"Models_Group\"},{\"type\":12,\"content\":{\"version\":\"NotebookGroup/1.0\",\"groupType\":\"editable\",\"items\":[{\"type\":1,\"content\":{\"json\":\"---\\n### Top 5 Devices by Model Matches for {TimeRange}\"},\"customWidth\":\"40\",\"name\":\"Devices_Chart_Label\"},{\"type\":1,\"content\":{\"json\":\"---\\n### Detailed: Top 50 Devices by Model Matches for {TimeRange}\"},\"customWidth\":\"60\",\"name\":\"Devices_Grid_Label\"},{\"type\":3,\"content\":{\"version\":\"KqlItem/1.0\",\"query\":\"union CommonSecurityLog\\n| where DeviceVendor == \\\"Arista Networks\\\" and DeviceProduct == \\\"Awake Security\\\"\\n| extend DeviceCustomNumber1 = coalesce(column_ifexists(\\\"FieldDeviceCustomNumber1\\\", long(null)),DeviceCustomNumber1)\\n| summarize \\n    MaxDeviceRiskScore=max(DeviceCustomNumber1),UniqueDeviceTypeCount=dcount(DeviceCustomString4),\\n    TimesAlerted=count() by SourceHostName=coalesce(SourceHostName,\\\"Unknown\\\"),DeviceCustomString5\\n| sort by case(\\\"{SortBy}\\\"==\\\"Count\\\",TimesAlerted,MaxDeviceRiskScore),SourceHostName\\n| project SourceHostName=strcat(substring(SourceHostName,0,22),\\\"...\\\"),TimesAlerted\\n| limit 5\",\"size\":3,\"timeContextFromParameter\":\"TimeRange\",\"queryType\":0,\"resourceType\":\"microsoft.operationalinsights/workspaces\",\"visualization\":\"barchart\",\"chartSettings\":{\"xAxis\":\"SourceHostName\",\"yAxis\":[\"TimesAlerted\"]}},\"customWidth\":\"40\",\"name\":\"Devices_Chart\"},{\"type\":3,\"content\":{\"version\":\"KqlItem/1.0\",\"query\":\"union CommonSecurityLog\\n| where DeviceVendor == \\\"Arista Networks\\\" and DeviceProduct == \\\"Awake Security\\\"\\n| extend DeviceCustomNumber1 = coalesce(column_ifexists(\\\"FieldDeviceCustomNumber1\\\", long(null)),DeviceCustomNumber1)\\n| summarize arg_max(TimeGenerated,DeviceCustomDate2, DeviceCustomString2,DeviceCustomString4,DeviceCustomString3),arg_min(TimeGenerated, DeviceCustomDate1),\\n//    DeviceType=strcat_array(make_set_if(DeviceCustomString4, strlen(DeviceCustomString4) > 0),\\\", \\\"),\\n//    OperatingSystem=strcat_array(make_set_if(DeviceCustomString3, strlen(DeviceCustomString3) > 0),\\\", \\\"),\\n    UniqueDeviceTypeCount=dcount(DeviceCustomString4), IPsFound= dcount(SourceIP), MaxDeviceRiskScore=max(DeviceCustomNumber1), TimesAlerted=count() \\nby SourceHostName=coalesce(SourceHostName,\\\"Unknown\\\"),DeviceCustomString5\\n| extend  DevicePath= strcat(\\\"https://\\\",DeviceCustomString5,\\\"/app/workbench/device/\\\",substring(DeviceCustomString2,-39,36),\\\"?startTime=\\\",DeviceCustomDate1,\\\"&endTime=\\\",DeviceCustomDate2)\\n| project SourceHostName,DevicePath,DeviceCustomString3,DeviceCustomString4,IPsFound,MaxDeviceRiskScore,TimesAlerted\\n| sort by case(\\\"{SortBy}\\\"==\\\"Count\\\",TimesAlerted,MaxDeviceRiskScore),SourceHostName\\n| limit 50\",\"size\":2,\"timeContextFromParameter\":\"TimeRange\",\"queryType\":0,\"resourceType\":\"microsoft.operationalinsights/workspaces\",\"visualization\":\"table\",\"gridSettings\":{\"formatters\":[{\"columnMatch\":\"SourceHostName\",\"formatter\":13,\"formatOptions\":{\"linkColumn\":\"DevicePath\",\"linkTarget\":\"Url\",\"showIcon\":true,\"customColumnWidthSetting\":\"30%\"}},{\"columnMatch\":\"DevicePath\",\"formatter\":5,\"formatOptions\":{\"linkTarget\":\"Url\",\"linkLabel\":\"Awake-Platform: Device Detail\",\"customColumnWidthSetting\":\"20%\"}},{\"columnMatch\":\"IPsFound\",\"formatter\":0,\"formatOptions\":{\"customColumnWidthSetting\":\"10%\"}},{\"columnMatch\":\"MaxDeviceRiskScore\",\"formatter\":18,\"formatOptions\":{\"thresholdsOptions\":\"colors\",\"thresholdsGrid\":[{\"operator\":\"<\",\"thresholdValue\":\"33\",\"representation\":\"green\",\"text\":\"Low\"},{\"operator\":\"<\",\"thresholdValue\":\"75\",\"representation\":\"yellow\",\"text\":\"Medium\"},{\"operator\":\"Default\",\"representation\":\"redBright\",\"text\":\"High\"}],\"compositeBarSettings\":{\"labelText\":\"\",\"columnSettings\":[{\"columnName\":\"IPsFound\",\"color\":\"blue\"},{\"columnName\":\"MaxDeviceRiskScore\",\"color\":\"brown\"}]},\"customColumnWidthSetting\":\"10%\"}},{\"columnMatch\":\"TimesAlerted\",\"formatter\":0,\"formatOptions\":{\"customColumnWidthSetting\":\"10%\"}},{\"columnMatch\":\"OperatingSystem\",\"formatter\":0,\"formatOptions\":{\"customColumnWidthSetting\":\"20%\"}},{\"columnMatch\":\"DeviceType\",\"formatter\":0,\"formatOptions\":{\"customColumnWidthSetting\":\"20%\"}},{\"columnMatch\":\"UniqueDeviceTypeCount\",\"formatter\":5}],\"labelSettings\":[{\"columnId\":\"SourceHostName\",\"label\":\"deviceName\"},{\"columnId\":\"DevicePath\",\"label\":\"devicePath\"},{\"columnId\":\"DeviceCustomString3\",\"label\":\"operatingSystem\"},{\"columnId\":\"DeviceCustomString4\",\"label\":\"deviceType\"},{\"columnId\":\"IPsFound\",\"label\":\"uniqueIP\"},{\"columnId\":\"MaxDeviceRiskScore\",\"label\":\"riskLevel\"},{\"columnId\":\"TimesAlerted\",\"label\":\"count\"}]}},\"customWidth\":\"60\",\"name\":\"Devices_Grid\"}]},\"conditionalVisibility\":{\"parameterName\":\"Tab\",\"comparison\":\"isEqualTo\",\"value\":\"Devices\"},\"name\":\"Devices_Group\"}],\"fromTemplateId\":\"sentinel-AristaAwakeSecurityWorkbook\",\"$schema\":\"https://github.com/Microsoft/Application-Insights-Workbooks/blob/master/schema/workbook.json\"}\r\n",
                "version": "1.0",
                "sourceId": "[resourceId('microsoft.OperationalInsights/Workspaces', parameters('workspace'))]",
                "category": "sentinel"
              }
            },
            {
              "type": "Microsoft.OperationalInsights/workspaces/providers/metadata",
              "apiVersion": "2022-01-01-preview",
              "name": "[concat(parameters('workspace'),'/Microsoft.SecurityInsights/',concat('Workbook-', last(split(resourceId('Microsoft.Insights/workbooks', 'arista-networks'),'/'))))]",
              "properties": {
                "description": "@{workbookKey=arista-networks; logoFileName=AristaAwakeSecurity.svg; description=Sets the time name for analysis; dataTypesDependencies=System.Object[]; dataConnectorsDependencies=System.Object[]; previewImagesFileNames=System.Object[]; version=1.0.0; title=Arista Awake; templateRelativePath=AristaAwakeSecurityWorkbook.json; subtitle=; provider=Arista Networks}.description",
                "parentId": "[resourceId('Microsoft.Insights/workbooks', 'arista-networks')]",
                "contentId": "arista-networks",
                "kind": "Workbook",
                "version": "1.0.0",
                "source": {
                  "kind": "Solution",
                  "name": "AristaAwakeSecurity",
                  "sourceId": "arista-networks.awake-security"
                },
                "author": {
                  "name": "Arista Networks",
                  "email": "support-security@arista.com"
                },
                "support": {
                  "name": "Arista - Awake Security",
                  "email": "support-security@arista.com",
                  "tier": "Partner",
                  "link": "https://awakesecurity.com/"
                }
              }
            }
          ]
        }
      }
    },
    {
      "type": "Microsoft.OperationalInsights/workspaces/providers/contentPackages",
      "name": "[concat(parameters('workspace'),'/Microsoft.SecurityInsights/', 'arista-networks.awake-security')]",
      "location": "[parameters('workspace-location')]",
      "apiVersion": "2022-08-01",
      "properties": {
        "version": "3.0.0",
        "kind": "Solution",
        "contentSchemaVersion": "3.0.0",
        "source": {
          "kind": "Solution",
          "name": "AristaAwakeSecurity",
          "sourceId": "arista-networks.awake-security"
        },
        "author": {
          "name": "Arista Networks",
          "email": "support-security@arista.com"
        },
        "support": {
          "name": "Arista - Awake Security",
          "email": "support-security@arista.com",
          "tier": "Partner",
          "link": "https://awakesecurity.com/"
        },
        "dependencies": {
          "operator": "AND",
          "criteria": [
            {
              "kind": "DataConnector",
              "contentId": "AristaAwakeSecurity",
              "version": "1.0.0"
            },
            {
              "kind": "AnalyticsRule",
              "contentId": "90b7ac11-dd6c-4ba1-a99b-737061873859",
              "version": "1.0.0"
            },
            {
              "kind": "AnalyticsRule",
              "contentId": "d5e012c2-29ba-4a02-a813-37b928aafe2d",
              "version": "1.0.0"
            },
            {
              "kind": "AnalyticsRule",
              "contentId": "dfa3ec92-bdae-410f-b675-fe1814e4d43e",
              "version": "1.0.0"
            },
            {
              "kind": "Workbook",
              "contentId": "arista-networks",
              "version": "1.0.0"
            }
          ]
        },
        "firstPublishDate": "2021-10-18",
        "providers": [
          "Arista Networks"
        ],
        "categories": {
          "domains": [
            "Security – Network"
          ]
        },
        "contentVersion": "3.0.0",
        "id": "arista-networks.awake-security",
        "packageKind": "Solution",
        "displayName": "Arista NDR for Microsoft Sentinel"
      }
    }
  ]
}