{
  "$schema": "https://schema.management.azure.com/schemas/2019-04-01/deploymentTemplate.json#",
  "contentVersion": "1.0.0",
  "parameters": {
    "location": {
      "type": "string",
      "minLength": 1,
      "defaultValue": "[resourceGroup().location]",
      "metadata": {
        "description": "Not used, but needed to pass arm-ttk test `Location-Should-Not-Be-Hardcoded`.  We instead use the `workspace-location` which is derived from the LA workspace"
      }
    },
    "workspace": {
      "defaultValue": "",
      "type": "string",
      "metadata": {
        "description": "Workspace name for Log Analytics where Microsoft Sentinel is setup"
      }
    }
  },
  "resources": [
    {
      "type": "Microsoft.OperationalInsights/workspaces/providers/contentTemplates",
      "name": "[concat(parameters('workspace'),'/Microsoft.SecurityInsights/',concat(concat(parameters('workspace'),'-dc-',uniquestring('AutomatedLogicWebCTRL')),'1.0.0'))]",
      "location": "[parameters('workspace-location')]",
      "apiVersion": "2022-08-01",
      "dependsOn": [
        "[extensionResourceId(resourceId('Microsoft.OperationalInsights/workspaces', parameters('workspace')), 'Microsoft.SecurityInsights/contentPackages', 'azuresentinel.azure-sentinel-solution-automated-logic-webctrl')]"
      ],
      "properties": {
        "contentId": "AutomatedLogicWebCTRL",
        "displayName": "Automated Logic WebCTRL ",
        "contentKind": "DataConnector",
        "mainTemplate": {
          "resources": [
            {
              "name": "[concat(parameters('workspace'),'/Microsoft.SecurityInsights/','AutomatedLogicWebCTRL')]",
              "apiVersion": "2021-03-01-preview",
              "type": "Microsoft.OperationalInsights/workspaces/providers/dataConnectors",
              "location": "[parameters('workspace-location')]",
              "kind": "GenericUI",
              "properties": {
                "connectorUiConfig": {
                  "id": "AutomatedLogicWebCTRL",
                  "title": "Automated Logic WebCTRL ",
                  "publisher": "AutomatedLogic",
                  "descriptionMarkdown": "You can stream the audit logs from the WebCTRL SQL server hosted on Windows machines connected to your Microsoft Sentinel. This connection enables you to view dashboards, create custom alerts and improve investigation. This gives insights into your Industrial Control Systems that are monitored or controlled by the WebCTRL BAS application.",
                  "graphQueries": [
                    {
                      "metricName": "Total data received",
                      "legend": "AutomatedLogic-WebCTRL",
                      "baseQuery": "Event\n| where Source == \"ALCWebCTRL\""
                    }
                  ],
                  "sampleQueries": [
                    {
                      "description": "Total warnings and errors raised by the application",
                      "query": "Event\n| where Source == \"ALCWebCTRL\"\n| where EventLevel in (1,2,3)"
                    }
                  ],
                  "dataTypes": [
                    {
                      "name": "Event (AutomatedLogic-WebCTRL)",
                      "lastDataReceivedQuery": "Event\n| where Source == \"ALCWebCTRL\"\n| summarize Time = max(TimeGenerated)\n| where isnotempty(Time)"
                    }
                  ],
                  "connectivityCriterias": [
                    {
                      "type": "IsConnectedQuery",
                      "value": [
                        "Event\n| where Source == \"ALCWebCTRL\"\n| summarize LastLogReceived = max(TimeGenerated)\n| project IsConnected = LastLogReceived > ago(30d)"
                      ]
                    }
                  ],
                  "availability": {
                    "status": 1,
                    "isPreview": false
                  },
                  "permissions": {
                    "resourceProvider": [
                      {
                        "provider": "Microsoft.OperationalInsights/workspaces",
                        "permissionsDisplayText": "read and write permissions are required.",
                        "providerDisplayName": "Workspace",
                        "scope": "Workspace",
                        "requiredPermissions": {
                          "read": true,
                          "write": true,
                          "delete": true
                        }
                      },
                      {
                        "provider": "Microsoft.OperationalInsights/workspaces/sharedKeys",
                        "permissionsDisplayText": "read permissions to shared keys for the workspace are required. [See the documentation to learn more about workspace keys](https://docs.microsoft.com/azure/azure-monitor/platform/agent-windows#obtain-workspace-id-and-key).",
                        "providerDisplayName": "Keys",
                        "scope": "Workspace",
                        "requiredPermissions": {
                          "action": true
                        }
                      }
                    ]
                  },
                  "instructionSteps": [
                    {
                      "description": "Learn about [agent setup](https://docs.microsoft.com/services-hub/health/mma-setup) and [windows events onboarding](https://docs.microsoft.com/azure/azure-monitor/agents/data-sources-windows-events). \n\n You can skip this step if you have already installed the Microsoft agent for Windows",
                      "title": "1. Install and onboard the Microsoft agent for Windows."
                    },
                    {
                      "description": "Install and configure the Windows Scheduled Task to read the audit logs in SQL and write them as Windows Events. These Windows Events will be collected by the agent and forward to Microsoft Sentinel.\n\n> Notice that the data from all machines will be stored in the selected workspace",
                      "innerSteps": [
                        {
                          "description": "2.1 Copy the [setup files](https://aka.ms/sentinel-automatedlogicwebctrl-tasksetup) to a location on the server."
                        },
                        {
                          "description": "2.2 Update the [ALC-WebCTRL-AuditPull.ps1](https://aka.ms/sentinel-automatedlogicwebctrl-auditpull) (copied in above step) script parameters like the target database name and windows event id's. Refer comments in the script for more details."
                        },
                        {
                          "description": "2.3 Update the windows task settings in the [ALC-WebCTRL-AuditPullTaskConfig.xml](https://aka.ms/sentinel-automatedlogicwebctrl-auditpulltaskconfig) file that was copied in above step as per requirement. Refer comments in the file for more details."
                        },
                        {
                          "description": "2.4 Install windows tasks using the updated configs copied in the above steps",
                          "instructions": [
                            {
                              "parameters": {
                                "label": "Run the following command in powershell from the directory where the setup files are copied in step 2.1",
                                "value": "schtasks.exe /create /XML \"ALC-WebCTRL-AuditPullTaskConfig.xml\" /tn \"ALC-WebCTRL-AuditPull\""
                              },
                              "type": "CopyableLabel"
                            }
                          ]
                        }
                      ],
                      "title": "2. Configure Windows task to read the audit data and write it to windows events"
                    },
                    {
                      "description": "Follow the instructions to validate your connectivity:\n\nOpen Log Analytics to check if the logs are received using the Event schema.\n\n>It may take about 20 minutes until the connection streams data to your workspace.\n\nIf the logs are not received, validate below steps for any run time issues:\n\n> 1. Make sure that the scheduled task is created and is in running state in the Windows Task Scheduler.\n\n>2. Check for task execution errors in the history tab in Windows Task Scheduler for the newly created task in step 2.4\n\n>3. Make sure that the SQL Audit table consists new records while the scheduled windows task runs.",
                      "title": "3. Validate connection"
                    }
                  ]
                }
              }
            },
            {
              "type": "Microsoft.OperationalInsights/workspaces/providers/metadata",
              "apiVersion": "2022-01-01-preview",
              "name": "[concat(parameters('workspace'),'/Microsoft.SecurityInsights/',concat('DataConnector-', last(split(extensionResourceId(resourceId('Microsoft.OperationalInsights/workspaces', parameters('workspace')), 'Microsoft.SecurityInsights/dataConnectors', 'AutomatedLogicWebCTRL'),'/'))))]",
              "properties": {
                "parentId": "[extensionResourceId(resourceId('Microsoft.OperationalInsights/workspaces', parameters('workspace')), 'Microsoft.SecurityInsights/dataConnectors', 'AutomatedLogicWebCTRL')]",
                "contentId": "AutomatedLogicWebCTRL",
                "kind": "DataConnector",
                "version": "1.0.0",
                "source": {
                  "kind": "Solution",
                  "name": "ALC-WebCTRL",
                  "sourceId": "azuresentinel.azure-sentinel-solution-automated-logic-webctrl"
                },
                "author": {
                  "name": "Microsoft",
                  "email": "support@microsoft.com"
                },
                "support": {
                  "name": "Microsoft Corporation",
                  "email": "support@microsoft.com",
                  "tier": "Microsoft",
                  "link": "https://support.microsoft.com"
                }
              }
            }
          ]
        }
      }
    }
  ]
}