{
  "$schema": "https://schema.management.azure.com/schemas/2019-04-01/deploymentTemplate.json#",
  "contentVersion": "1.0.0.0",
  "metadata": {
    "author": "Microsoft - support@microsoft.com",
    "comments": "Solution template for Azure Storage"
  },
  "parameters": {
    "location": {
      "type": "string",
      "minLength": 1,
      "defaultValue": "[resourceGroup().location]",
      "metadata": {
        "description": "Not used, but needed to pass arm-ttk test `Location-Should-Not-Be-Hardcoded`.  We instead use the `workspace-location` which is derived from the LA workspace"
      }
    },
    "workspace-location": {
      "type": "string",
      "defaultValue": "",
      "metadata": {
        "description": "[concat('Region to deploy solution resources -- separate from location selection',parameters('location'))]"
      }
    },
    "workspace": {
      "defaultValue": "",
      "type": "string",
      "metadata": {
        "description": "Workspace name for Log Analytics where Microsoft Sentinel is setup"
      }
    }
  },
  "resources": [
    {
      "name": "pid-c2c82445-11ee-4a4f-87a0-8a23a5039914-partnercenter",
      "type": "Microsoft.Resources/deployments",
      "apiVersion": "2020-10-01",
      "properties": {
        "mode": "Incremental",
        "template": {
          "$schema": "https://schema.management.azure.com/schemas/2019-04-01/deploymentTemplate.json#",
          "contentVersion": "1.0.0.0",
          "resources": []
        }
      }
    },
    {
      "type": "Microsoft.OperationalInsights/workspaces/providers/contentTemplates",
      "name": "[concat(parameters('workspace'),'/Microsoft.SecurityInsights/',concat(concat(parameters('workspace'),'-dc-',uniquestring('AzureStorageAccount')),'1.0.0'))]",
      "location": "[parameters('workspace-location')]",
      "apiVersion": "2022-08-01",
      "dependsOn": [
        "[extensionResourceId(resourceId('Microsoft.OperationalInsights/workspaces', parameters('workspace')), 'Microsoft.SecurityInsights/contentPackages', 'azuresentinel.azure-sentinel-solution-azurestorageaccount')]"
      ],
      "properties": {
        "contentId": "AzureStorageAccount",
        "displayName": "Azure Storage Account",
        "contentKind": "DataConnector",
        "mainTemplate": {
          "resources": [
            {
              "name": "[concat(parameters('workspace'),'/Microsoft.SecurityInsights/','AzureStorageAccount')]",
              "apiVersion": "2021-03-01-preview",
              "type": "Microsoft.OperationalInsights/workspaces/providers/dataConnectors",
              "location": "[parameters('workspace-location')]",
              "kind": "GenericUI",
              "properties": {
                "connectorUiConfig": {
                  "id": "AzureStorageAccount",
                  "title": "Azure Storage Account",
                  "publisher": "Microsoft",
                  "descriptionMarkdown": "Azure Storage account is a cloud solution for modern data storage scenarios. It contains all your data objects: blobs, files, queues, tables, and disks. This connector lets you stream Azure Storage accounts diagnostics logs into your Microsoft Sentinel workspace, allowing you to continuously monitor activity in all your instances, and detect malicious activity in your organization.",
                  "graphQueries": [
                    {
                      "metricName": "Total data received",
                      "legend": "AzureStorageAccount",
                      "baseQuery": "AzureMetrics| where ResourceProvider == \"MICROSOFT.STORAGE\""
                    },
                    {
                      "metricName": "Total data received",
                      "legend": "StorageBlobLogs",
                      "baseQuery": "StorageBlobLogs"
                    },
                    {
                      "metricName": "Total data received",
                      "legend": "StorageQueueLogs",
                      "baseQuery": "StorageQueueLogs"
                    },
                    {
                      "metricName": "Total data received",
                      "legend": "StorageTableLogs",
                      "baseQuery": "StorageTableLogs"
                    },
                    {
                      "metricName": "Total data received",
                      "legend": "StorageFileLogs",
                      "baseQuery": "StorageFileLogs"
                    }
                  ],
                  "sampleQueries": [
                    {
                      "description": "All logs",
                      "query": "StorageBlobLogs\n | where TimeGenerated > ago(3d) \n | project TimeGenerated, OperationName, StatusCode, StatusText, _ResourceId\n | sort by TimeGenerated"
                    }
                  ],
                  "connectivityCriterias": [
                    {
                      "type": "IsConnectedQuery",
                      "value": [
                        "AzureMetrics| where ResourceProvider == \"MICROSOFT.STORAGE\"\n            | summarize LastLogReceived = max(TimeGenerated)\n            | project IsConnected = LastLogReceived > ago(7d)",
                        "StorageBlobLogs\n            | summarize LastLogReceived = max(TimeGenerated)\n            | project IsConnected = LastLogReceived > ago(7d)",
                        "StorageQueueLogs\n            | summarize LastLogReceived = max(TimeGenerated)\n            | project IsConnected = LastLogReceived > ago(7d)",
                        "StorageTableLogs\n            | summarize LastLogReceived = max(TimeGenerated)\n            | project IsConnected = LastLogReceived > ago(7d)",
                        "StorageFileLogs\n            | summarize LastLogReceived = max(TimeGenerated)\n            | project IsConnected = LastLogReceived > ago(7d)"
                      ]
                    }
                  ],
                  "dataTypes": [
                    {
                      "name": "AzureMetrics (Azure Storage)",
                      "lastDataReceivedQuery": "AzureMetrics| where ResourceProvider == \"MICROSOFT.STORAGE\"\n            | summarize Time = max(TimeGenerated)\n            | where isnotempty(Time)"
                    },
                    {
                      "name": "StorageBlobLogs",
                      "lastDataReceivedQuery": "StorageBlobLogs\n            | summarize Time = max(TimeGenerated)\n            | where isnotempty(Time)"
                    },
                    {
                      "name": "StorageQueueLogs",
                      "lastDataReceivedQuery": "StorageQueueLogs\n            | summarize Time = max(TimeGenerated)\n            | where isnotempty(Time)"
                    },
                    {
                      "name": "StorageTableLogs",
                      "lastDataReceivedQuery": "StorageTableLogs\n            | summarize Time = max(TimeGenerated)\n            | where isnotempty(Time)"
                    },
                    {
                      "name": "StorageFileLogs",
                      "lastDataReceivedQuery": "StorageFileLogs\n            | summarize Time = max(TimeGenerated)\n            | where isnotempty(Time)"
                    }
                  ],
                  "availability": {
                    "status": 1,
                    "isPreview": false
                  },
                  "permissions": {
                    "resourceProvider": [
                      {
                        "provider": "Microsoft.OperationalInsights/workspaces",
                        "permissionsDisplayText": "read and write permissions are required.",
                        "providerDisplayName": "Workspace",
                        "scope": "Workspace",
                        "requiredPermissions": {
                          "write": true,
                          "read": true,
                          "delete": true
                        }
                      }
                    ],
                    "customs": [
                      {
                        "name": "Policy",
                        "description": "owner role assigned for each policy assignment scope"
                      }
                    ]
                  },
                  "instructionSteps": [
                    {
                      "description": "This connector uses a set of Azure Policies to apply a log-streaming configuration to a collection of instances, defined as a scope. Follow the instructions below to create and apply policies to all current and future instances. To get most out of the Storage Account Diagnostic logging from the Azure Storage Account, we recommend that you enable Diagnostic logging from all services within the Azure Storage Account - Blob, Queue, Table and File. Note, you may already have an active policy for this resource type.",
                      "instructions": [
                        {
                          "parameters": {
                            "noFxPadding": "1",
                            "expanded": "1",
                            "instructionSteps": [
                              {
                                "title": "Stream diagnostics logs from your Azure Storage Account at scale",
                                "innerSteps": [
                                  {
                                    "title": "Launch the Azure Policy Assignment wizard and follow the steps. ",
                                    "description": ">    1. In the **Basics** tab, click the button with the three dots under **Scope** to select your subscription.<br />2. In the **Parameters** tab, choose your Microsoft Sentinel workspace from the **Log Analytics workspace** drop-down list, and leave marked as \"True\" all the log categories you want to ingest.<br />3. To apply the policy on your existing resources, mark the **Create a remediation task** check box in the **Remediation** tab.</value>",
                                    "instructions": [
                                      {
                                        "parameters": {
                                          "policyDefinitionGuid": "59759c62-9a22-4cdf-ae64-074495983fef"
                                        },
                                        "type": "PolicyAssignment"
                                      }
                                    ]
                                  }
                                ]
                              }
                            ]
                          },
                          "type": "InstructionStepsGroup"
                        },
                        {
                          "parameters": {
                            "noFxPadding": "1",
                            "expanded": "1",
                            "instructionSteps": [
                              {
                                "title": "Stream diagnostics logs from your Azure Storage Blob service at scale",
                                "innerSteps": [
                                  {
                                    "title": "Launch the Azure Policy Assignment wizard and follow the steps. ",
                                    "description": ">    1. In the **Basics** tab, click the button with the three dots under **Scope** to select your subscription.<br />2. In the **Parameters** tab, choose your Microsoft Sentinel workspace from the **Log Analytics workspace** drop-down list, and leave marked as \"True\" all the log categories you want to ingest.<br />3. To apply the policy on your existing resources, mark the **Create a remediation task** check box in the **Remediation** tab.</value>",
                                    "instructions": [
                                      {
                                        "parameters": {
                                          "policyDefinitionGuid": "b4fe1a3b-0715-4c6c-a5ea-ffc33cf823cb"
                                        },
                                        "type": "PolicyAssignment"
                                      }
                                    ]
                                  }
                                ]
                              }
                            ]
                          },
                          "type": "InstructionStepsGroup"
                        },
                        {
                          "parameters": {
                            "noFxPadding": "1",
                            "expanded": "1",
                            "instructionSteps": [
                              {
                                "title": "Stream diagnostics logs from your Azure Storage Queue service at scale",
                                "innerSteps": [
                                  {
                                    "title": "Launch the Azure Policy Assignment wizard and follow the steps. ",
                                    "description": ">    1. In the **Basics** tab, click the button with the three dots under **Scope** to select your subscription.<br />2. In the **Parameters** tab, choose your Microsoft Sentinel workspace from the **Log Analytics workspace** drop-down list, and leave marked as \"True\" all the log categories you want to ingest.<br />3. To apply the policy on your existing resources, mark the **Create a remediation task** check box in the **Remediation** tab.</value>",
                                    "instructions": [
                                      {
                                        "parameters": {
                                          "policyDefinitionGuid": "7bd000e3-37c7-4928-9f31-86c4b77c5c45"
                                        },
                                        "type": "PolicyAssignment"
                                      }
                                    ]
                                  }
                                ]
                              }
                            ]
                          },
                          "type": "InstructionStepsGroup"
                        },
                        {
                          "parameters": {
                            "noFxPadding": "1",
                            "expanded": "1",
                            "instructionSteps": [
                              {
                                "title": "Stream diagnostics logs from your Azure Storage Table service at scale",
                                "innerSteps": [
                                  {
                                    "title": "Launch the Azure Policy Assignment wizard and follow the steps. ",
                                    "description": ">    1. In the **Basics** tab, click the button with the three dots under **Scope** to select your subscription.<br />2. In the **Parameters** tab, choose your Microsoft Sentinel workspace from the **Log Analytics workspace** drop-down list, and leave marked as \"True\" all the log categories you want to ingest.<br />3. To apply the policy on your existing resources, mark the **Create a remediation task** check box in the **Remediation** tab.</value>",
                                    "instructions": [
                                      {
                                        "parameters": {
                                          "policyDefinitionGuid": "2fb86bf3-d221-43d1-96d1-2434af34eaa0"
                                        },
                                        "type": "PolicyAssignment"
                                      }
                                    ]
                                  }
                                ]
                              }
                            ]
                          },
                          "type": "InstructionStepsGroup"
                        },
                        {
                          "parameters": {
                            "noFxPadding": "1",
                            "expanded": "1",
                            "instructionSteps": [
                              {
                                "title": "Stream diagnostics logs from your Azure Storage File service at scale",
                                "innerSteps": [
                                  {
                                    "title": "Launch the Azure Policy Assignment wizard and follow the steps. ",
                                    "description": ">    1. In the **Basics** tab, click the button with the three dots under **Scope** to select your subscription.<br />2. In the **Parameters** tab, choose your Microsoft Sentinel workspace from the **Log Analytics workspace** drop-down list, and leave marked as \"True\" all the log categories you want to ingest.<br />3. To apply the policy on your existing resources, mark the **Create a remediation task** check box in the **Remediation** tab.</value>",
                                    "instructions": [
                                      {
                                        "parameters": {
                                          "policyDefinitionGuid": "25a70cc8-2bd4-47f1-90b6-1478e4662c96"
                                        },
                                        "type": "PolicyAssignment"
                                      }
                                    ]
                                  }
                                ]
                              }
                            ]
                          },
                          "type": "InstructionStepsGroup"
                        }
                      ],
                      "title": "Connect your Azure Storage Account diagnostics logs into Sentinel."
                    }
                  ]
                }
              }
            },
            {
              "type": "Microsoft.OperationalInsights/workspaces/providers/metadata",
              "apiVersion": "2022-01-01-preview",
              "name": "[concat(parameters('workspace'),'/Microsoft.SecurityInsights/',concat('DataConnector-', last(split(extensionResourceId(resourceId('Microsoft.OperationalInsights/workspaces', parameters('workspace')), 'Microsoft.SecurityInsights/dataConnectors', 'AzureStorageAccount'),'/'))))]",
              "properties": {
                "parentId": "[extensionResourceId(resourceId('Microsoft.OperationalInsights/workspaces', parameters('workspace')), 'Microsoft.SecurityInsights/dataConnectors', 'AzureStorageAccount')]",
                "contentId": "AzureStorageAccount",
                "kind": "DataConnector",
                "version": "1.0.0",
                "source": {
                  "kind": "Solution",
                  "name": "Azure Storage",
                  "sourceId": "azuresentinel.azure-sentinel-solution-azurestorageaccount"
                },
                "author": {
                  "name": "Microsoft",
                  "email": "support@microsoft.com"
                },
                "support": {
                  "tier": "Microsoft",
                  "name": "Microsoft Corporation",
                  "link": "https://support.microsoft.com",
                  "email": "support@microsoft.com"
                }
              }
            }
          ]
        }
      }
    },
    {
      "type": "Microsoft.OperationalInsights/workspaces/providers/metadata",
      "apiVersion": "2022-01-01-preview",
      "name": "[concat(parameters('workspace'),'/Microsoft.SecurityInsights/',concat('DataConnector-', last(split(extensionResourceId(resourceId('Microsoft.OperationalInsights/workspaces', parameters('workspace')), 'Microsoft.SecurityInsights/dataConnectors', 'AzureStorageAccount'),'/'))))]",
      "dependsOn": [
        "[extensionResourceId(resourceId('Microsoft.OperationalInsights/workspaces', parameters('workspace')), 'Microsoft.SecurityInsights/dataConnectors', 'AzureStorageAccount')]"
      ],
      "location": "[parameters('workspace-location')]",
      "properties": {
        "parentId": "[extensionResourceId(resourceId('Microsoft.OperationalInsights/workspaces', parameters('workspace')), 'Microsoft.SecurityInsights/dataConnectors', 'AzureStorageAccount')]",
        "contentId": "AzureStorageAccount",
        "kind": "DataConnector",
        "version": "1.0.0",
        "source": {
          "kind": "Solution",
          "name": "Azure Storage",
          "sourceId": "azuresentinel.azure-sentinel-solution-azurestorageaccount"
        },
        "author": {
          "name": "Microsoft",
          "email": "support@microsoft.com"
        },
        "support": {
          "tier": "Microsoft",
          "name": "Microsoft Corporation",
          "link": "https://support.microsoft.com",
          "email": "support@microsoft.com"
        }
      }
    },
    {
      "name": "[concat(parameters('workspace'),'/Microsoft.SecurityInsights/','AzureStorageAccount')]",
      "apiVersion": "2021-03-01-preview",
      "type": "Microsoft.OperationalInsights/workspaces/providers/dataConnectors",
      "location": "[parameters('workspace-location')]",
      "kind": "GenericUI",
      "properties": {
        "connectorUiConfig": {
          "title": "Azure Storage Account",
          "publisher": "Microsoft",
          "descriptionMarkdown": "Azure Storage account is a cloud solution for modern data storage scenarios. It contains all your data objects: blobs, files, queues, tables, and disks. This connector lets you stream Azure Storage accounts diagnostics logs into your Microsoft Sentinel workspace, allowing you to continuously monitor activity in all your instances, and detect malicious activity in your organization.",
          "graphQueries": [
            {
              "metricName": "Total data received",
              "legend": "AzureStorageAccount",
              "baseQuery": "AzureMetrics| where ResourceProvider == \"MICROSOFT.STORAGE\""
            },
            {
              "metricName": "Total data received",
              "legend": "StorageBlobLogs",
              "baseQuery": "StorageBlobLogs"
            },
            {
              "metricName": "Total data received",
              "legend": "StorageQueueLogs",
              "baseQuery": "StorageQueueLogs"
            },
            {
              "metricName": "Total data received",
              "legend": "StorageTableLogs",
              "baseQuery": "StorageTableLogs"
            },
            {
              "metricName": "Total data received",
              "legend": "StorageFileLogs",
              "baseQuery": "StorageFileLogs"
            }
          ],
          "dataTypes": [
            {
              "name": "AzureMetrics (Azure Storage)",
              "lastDataReceivedQuery": "AzureMetrics| where ResourceProvider == \"MICROSOFT.STORAGE\"\n            | summarize Time = max(TimeGenerated)\n            | where isnotempty(Time)"
            },
            {
              "name": "StorageBlobLogs",
              "lastDataReceivedQuery": "StorageBlobLogs\n            | summarize Time = max(TimeGenerated)\n            | where isnotempty(Time)"
            },
            {
              "name": "StorageQueueLogs",
              "lastDataReceivedQuery": "StorageQueueLogs\n            | summarize Time = max(TimeGenerated)\n            | where isnotempty(Time)"
            },
            {
              "name": "StorageTableLogs",
              "lastDataReceivedQuery": "StorageTableLogs\n            | summarize Time = max(TimeGenerated)\n            | where isnotempty(Time)"
            },
            {
              "name": "StorageFileLogs",
              "lastDataReceivedQuery": "StorageFileLogs\n            | summarize Time = max(TimeGenerated)\n            | where isnotempty(Time)"
            }
          ],
          "connectivityCriterias": [
            {
              "type": "IsConnectedQuery",
              "value": [
                "AzureMetrics| where ResourceProvider == \"MICROSOFT.STORAGE\"\n            | summarize LastLogReceived = max(TimeGenerated)\n            | project IsConnected = LastLogReceived > ago(7d)",
                "StorageBlobLogs\n            | summarize LastLogReceived = max(TimeGenerated)\n            | project IsConnected = LastLogReceived > ago(7d)",
                "StorageQueueLogs\n            | summarize LastLogReceived = max(TimeGenerated)\n            | project IsConnected = LastLogReceived > ago(7d)",
                "StorageTableLogs\n            | summarize LastLogReceived = max(TimeGenerated)\n            | project IsConnected = LastLogReceived > ago(7d)",
                "StorageFileLogs\n            | summarize LastLogReceived = max(TimeGenerated)\n            | project IsConnected = LastLogReceived > ago(7d)"
              ]
            }
          ],
          "sampleQueries": [
            {
              "description": "All logs",
              "query": "StorageBlobLogs\n | where TimeGenerated > ago(3d) \n | project TimeGenerated, OperationName, StatusCode, StatusText, _ResourceId\n | sort by TimeGenerated"
            }
          ],
          "availability": {
            "status": 1,
            "isPreview": false
          },
          "permissions": {
            "resourceProvider": [
              {
                "provider": "Microsoft.OperationalInsights/workspaces",
                "permissionsDisplayText": "read and write permissions are required.",
                "providerDisplayName": "Workspace",
                "scope": "Workspace",
                "requiredPermissions": {
                  "write": true,
                  "read": true,
                  "delete": true
                }
              }
            ],
            "customs": [
              {
                "name": "Policy",
                "description": "owner role assigned for each policy assignment scope"
              }
            ]
          },
          "instructionSteps": [
            {
              "description": "This connector uses a set of Azure Policies to apply a log-streaming configuration to a collection of instances, defined as a scope. Follow the instructions below to create and apply policies to all current and future instances. To get most out of the Storage Account Diagnostic logging from the Azure Storage Account, we recommend that you enable Diagnostic logging from all services within the Azure Storage Account - Blob, Queue, Table and File. Note, you may already have an active policy for this resource type.",
              "instructions": [
                {
                  "parameters": {
                    "noFxPadding": "1",
                    "expanded": "1",
                    "instructionSteps": [
                      {
                        "title": "Stream diagnostics logs from your Azure Storage Account at scale",
                        "innerSteps": [
                          {
                            "title": "Launch the Azure Policy Assignment wizard and follow the steps. ",
                            "description": ">    1. In the **Basics** tab, click the button with the three dots under **Scope** to select your subscription.<br />2. In the **Parameters** tab, choose your Microsoft Sentinel workspace from the **Log Analytics workspace** drop-down list, and leave marked as \"True\" all the log categories you want to ingest.<br />3. To apply the policy on your existing resources, mark the **Create a remediation task** check box in the **Remediation** tab.</value>",
                            "instructions": [
                              {
                                "parameters": {
                                  "policyDefinitionGuid": "59759c62-9a22-4cdf-ae64-074495983fef"
                                },
                                "type": "PolicyAssignment"
                              }
                            ]
                          }
                        ]
                      }
                    ]
                  },
                  "type": "InstructionStepsGroup"
                },
                {
                  "parameters": {
                    "noFxPadding": "1",
                    "expanded": "1",
                    "instructionSteps": [
                      {
                        "title": "Stream diagnostics logs from your Azure Storage Blob service at scale",
                        "innerSteps": [
                          {
                            "title": "Launch the Azure Policy Assignment wizard and follow the steps. ",
                            "description": ">    1. In the **Basics** tab, click the button with the three dots under **Scope** to select your subscription.<br />2. In the **Parameters** tab, choose your Microsoft Sentinel workspace from the **Log Analytics workspace** drop-down list, and leave marked as \"True\" all the log categories you want to ingest.<br />3. To apply the policy on your existing resources, mark the **Create a remediation task** check box in the **Remediation** tab.</value>",
                            "instructions": [
                              {
                                "parameters": {
                                  "policyDefinitionGuid": "b4fe1a3b-0715-4c6c-a5ea-ffc33cf823cb"
                                },
                                "type": "PolicyAssignment"
                              }
                            ]
                          }
                        ]
                      }
                    ]
                  },
                  "type": "InstructionStepsGroup"
                },
                {
                  "parameters": {
                    "noFxPadding": "1",
                    "expanded": "1",
                    "instructionSteps": [
                      {
                        "title": "Stream diagnostics logs from your Azure Storage Queue service at scale",
                        "innerSteps": [
                          {
                            "title": "Launch the Azure Policy Assignment wizard and follow the steps. ",
                            "description": ">    1. In the **Basics** tab, click the button with the three dots under **Scope** to select your subscription.<br />2. In the **Parameters** tab, choose your Microsoft Sentinel workspace from the **Log Analytics workspace** drop-down list, and leave marked as \"True\" all the log categories you want to ingest.<br />3. To apply the policy on your existing resources, mark the **Create a remediation task** check box in the **Remediation** tab.</value>",
                            "instructions": [
                              {
                                "parameters": {
                                  "policyDefinitionGuid": "7bd000e3-37c7-4928-9f31-86c4b77c5c45"
                                },
                                "type": "PolicyAssignment"
                              }
                            ]
                          }
                        ]
                      }
                    ]
                  },
                  "type": "InstructionStepsGroup"
                },
                {
                  "parameters": {
                    "noFxPadding": "1",
                    "expanded": "1",
                    "instructionSteps": [
                      {
                        "title": "Stream diagnostics logs from your Azure Storage Table service at scale",
                        "innerSteps": [
                          {
                            "title": "Launch the Azure Policy Assignment wizard and follow the steps. ",
                            "description": ">    1. In the **Basics** tab, click the button with the three dots under **Scope** to select your subscription.<br />2. In the **Parameters** tab, choose your Microsoft Sentinel workspace from the **Log Analytics workspace** drop-down list, and leave marked as \"True\" all the log categories you want to ingest.<br />3. To apply the policy on your existing resources, mark the **Create a remediation task** check box in the **Remediation** tab.</value>",
                            "instructions": [
                              {
                                "parameters": {
                                  "policyDefinitionGuid": "2fb86bf3-d221-43d1-96d1-2434af34eaa0"
                                },
                                "type": "PolicyAssignment"
                              }
                            ]
                          }
                        ]
                      }
                    ]
                  },
                  "type": "InstructionStepsGroup"
                },
                {
                  "parameters": {
                    "noFxPadding": "1",
                    "expanded": "1",
                    "instructionSteps": [
                      {
                        "title": "Stream diagnostics logs from your Azure Storage File service at scale",
                        "innerSteps": [
                          {
                            "title": "Launch the Azure Policy Assignment wizard and follow the steps. ",
                            "description": ">    1. In the **Basics** tab, click the button with the three dots under **Scope** to select your subscription.<br />2. In the **Parameters** tab, choose your Microsoft Sentinel workspace from the **Log Analytics workspace** drop-down list, and leave marked as \"True\" all the log categories you want to ingest.<br />3. To apply the policy on your existing resources, mark the **Create a remediation task** check box in the **Remediation** tab.</value>",
                            "instructions": [
                              {
                                "parameters": {
                                  "policyDefinitionGuid": "25a70cc8-2bd4-47f1-90b6-1478e4662c96"
                                },
                                "type": "PolicyAssignment"
                              }
                            ]
                          }
                        ]
                      }
                    ]
                  },
                  "type": "InstructionStepsGroup"
                }
              ],
              "title": "Connect your Azure Storage Account diagnostics logs into Sentinel."
            }
          ],
          "id": "AzureStorageAccount"
        }
      }
    },
    {
      "type": "Microsoft.OperationalInsights/workspaces/providers/contentPackages",
      "name": "[concat(parameters('workspace'),'/Microsoft.SecurityInsights/', 'azuresentinel.azure-sentinel-solution-azurestorageaccount')]",
      "location": "[parameters('workspace-location')]",
      "apiVersion": "2022-08-01",
      "properties": {
        "version": "3.0.0",
        "kind": "Solution",
        "contentSchemaVersion": "3.0.0",
        "source": {
          "kind": "Solution",
          "name": "Azure Storage",
          "sourceId": "azuresentinel.azure-sentinel-solution-azurestorageaccount"
        },
        "author": {
          "name": "Microsoft",
          "email": "support@microsoft.com"
        },
        "support": {
          "name": "Microsoft Corporation",
          "email": "support@microsoft.com",
          "tier": "Microsoft",
          "link": "https://support.microsoft.com"
        },
        "dependencies": {
          "operator": "AND",
          "criteria": [
            {
              "kind": "DataConnector",
              "contentId": "AzureStorageAccount",
              "version": "1.0.0"
            }
          ]
        },
        "firstPublishDate": "2022-05-12",
        "providers": [
          "Microsoft"
        ],
        "categories": {
          "domains": [
            "Cloud Provider",
            "IT Operations",
            "Storage"
          ]
        },
        "contentVersion": "3.0.0",
        "id": "azuresentinel.azure-sentinel-solution-azurestorageaccount",
        "packageKind": "Solution",
        "displayName": "Azure Storage solution for Sentinel"
      }
    }
  ]
}