{
  "$schema": "https://schema.management.azure.com/schemas/2019-04-01/deploymentTemplate.json#",
  "contentVersion": "1.0.0",
  "parameters": {
    "location": {
      "type": "string",
      "minLength": 1,
      "defaultValue": "[resourceGroup().location]",
      "metadata": {
        "description": "Not used, but needed to pass arm-ttk test `Location-Should-Not-Be-Hardcoded`.  We instead use the `workspace-location` which is derived from the LA workspace"
      }
    },
    "workspace": {
      "defaultValue": "",
      "type": "string",
      "metadata": {
        "description": "Workspace name for Log Analytics where Microsoft Sentinel is setup"
      }
    }
  },
  "resources": [
    {
      "type": "Microsoft.OperationalInsights/workspaces/providers/contentTemplates",
      "name": "[concat(parameters('workspace'),'/Microsoft.SecurityInsights/',concat(concat(parameters('workspace'),'-ar-',uniquestring('0610e72f-ceaf-42d1-879e-952a1bd8d07a')),'1.0.0'))]",
      "location": "[parameters('workspace-location')]",
      "apiVersion": "2022-08-01",
      "dependsOn": [
        "[extensionResourceId(resourceId('Microsoft.OperationalInsights/workspaces', parameters('workspace')), 'Microsoft.SecurityInsights/contentPackages', 'azuresentinel.azure-sentinel-solution-azuresecuritybenchmark')]"
      ],
      "properties": {
        "contentId": "0610e72f-ceaf-42d1-879e-952a1bd8d07a",
        "displayName": "Azure Security Benchmark Posture Changed",
        "contentKind": "AnalyticsRule",
        "mainTemplate": {
          "resources": [
            {
              "type": "Microsoft.SecurityInsights/AlertRuleTemplates",
              "name": "0610e72f-ceaf-42d1-879e-952a1bd8d07a",
              "apiVersion": "2022-04-01-preview",
              "kind": "Scheduled",
              "location": "[parameters('workspace-location')]",
              "properties": {
                "description": "This alert is designed to monitor Azure policies aligned with the Azure Security Benchmark Regulatory Compliance initiative. The alert triggers when policy compliance falls below 70% within a 1 week time-frame.",
                "displayName": "Azure Security Benchmark Posture Changed",
                "enabled": false,
                "query": "let Last_Evaluated=SecurityRecommendation\n| join kind=fullouter(SecurityRegulatoryCompliance| where ComplianceStandard == \"Azure-Security-Benchmark\") on RecommendationName\n| summarize arg_max(TimeGenerated, *) by AssessedResourceId, RecommendationName\n| extend ComplianceDomain=iff(ComplianceControl contains \"NS.\", \"Network Security\", iff(ComplianceControl contains \"IM.\", \"Identity Management\", iff(ComplianceControl contains \"PA.\", \"Privileged Access\", iff(ComplianceControl contains \"DP.\", \"Data Protection\", iff(ComplianceControl contains \"AM.\", \"Asset Management\", iff(ComplianceControl contains \"LT.\", \"Logging & Threat Detection\", iff(ComplianceControl contains \"IR.\", \"Incident Response\", iff(ComplianceControl contains \"PV.\", \"Posture & Vulnerability Management\", iff(ComplianceControl contains \"ES.\", \"Endpoint Security\", iff(ComplianceControl contains \"BR.\", \"Backup & Recovery\", iff(ComplianceControl startswith \"DS.\", \"DevOps Security\", iff(ComplianceControl contains \"GS.\", \"Governance & Strategy\", \"Other\"))))))))))));\nSecurityRecommendation\n| join kind=fullouter(SecurityRegulatoryCompliance| where ComplianceStandard == \"Azure-Security-Benchmark\") on RecommendationName\n| extend ComplianceDomain=iff(ComplianceControl contains \"NS.\", \"Network Security\", iff(ComplianceControl contains \"IM.\", \"Identity Management\", iff(ComplianceControl contains \"PA.\", \"Privileged Access\", iff(ComplianceControl contains \"DP.\", \"Data Protection\", iff(ComplianceControl contains \"AM.\", \"Asset Management\", iff(ComplianceControl contains \"LT.\", \"Logging & Threat Detection\", iff(ComplianceControl contains \"IR.\", \"Incident Response\", iff(ComplianceControl contains \"PV.\", \"Posture & Vulnerability Management\", iff(ComplianceControl contains \"ES.\", \"Endpoint Security\", iff(ComplianceControl contains \"BR.\", \"Backup & Recovery\", iff(ComplianceControl startswith \"DS.\", \"DevOps Security\", iff(ComplianceControl contains \"GS.\", \"Governance & Strategy\", \"Other\"))))))))))))\n| summarize arg_max(TimeGenerated, *) by AssessedResourceId, RecommendationName\n| summarize Failed = countif(RecommendationState == \"Unhealthy\"), Passed = countif(RecommendationState == \"Healthy\"), Total = countif(RecommendationState == \"Healthy\" or RecommendationState == \"Unhealthy\") by ComplianceDomain\n| extend PassedControlsPercentage = (Passed/todouble(Total))*100\n| join (Last_Evaluated) on ComplianceDomain\n| project ComplianceDomain, Total, PassedControlsPercentage, Passed, Failed, LastEvaluated=TimeGenerated\n| summarize arg_max(LastEvaluated, *) by ComplianceDomain, Total, PassedControlsPercentage, Passed, Failed\n| where PassedControlsPercentage < 70 \n| sort by PassedControlsPercentage, Passed desc\n| extend RemediationLink = strcat('https://portal.azure.com/#blade/Microsoft_Azure_Security/SecurityMenuBlade/22')\n| extend URLCustomEntity = RemediationLink\n",
                "queryFrequency": "P7D",
                "queryPeriod": "P7D",
                "severity": "Medium",
                "suppressionDuration": "PT1H",
                "suppressionEnabled": false,
                "triggerOperator": "GreaterThan",
                "triggerThreshold": 0,
                "status": "Available",
                "tactics": [
                  "Discovery"
                ],
                "entityMappings": [
                  {
                    "entityType": "URL",
                    "fieldMappings": [
                      {
                        "identifier": "Url",
                        "columnName": "URLCustomEntity"
                      }
                    ]
                  }
                ]
              }
            },
            {
              "type": "Microsoft.OperationalInsights/workspaces/providers/metadata",
              "apiVersion": "2022-01-01-preview",
              "name": "[concat(parameters('workspace'),'/Microsoft.SecurityInsights/',concat('AnalyticsRule-', last(split(resourceId('Microsoft.SecurityInsights/AlertRuleTemplates', '0610e72f-ceaf-42d1-879e-952a1bd8d07a'),'/'))))]",
              "properties": {
                "description": "AzureSecurityBenchmark Analytics Rule 1",
                "parentId": "[resourceId('Microsoft.SecurityInsights/AlertRuleTemplates', '0610e72f-ceaf-42d1-879e-952a1bd8d07a')]",
                "contentId": "0610e72f-ceaf-42d1-879e-952a1bd8d07a",
                "kind": "AnalyticsRule",
                "version": "1.0.0",
                "source": {
                  "kind": "Solution",
                  "name": "AzureSecurityBenchmark",
                  "sourceId": "azuresentinel.azure-sentinel-solution-azuresecuritybenchmark"
                },
                "author": {
                  "name": "Microsoft",
                  "email": "support@microsoft.com"
                },
                "support": {
                  "name": "Microsoft Corporation",
                  "email": "support@microsoft.com",
                  "tier": "Microsoft",
                  "link": "https://support.microsoft.com"
                }
              }
            }
          ]
        }
      }
    }
  ]
}