{
  "$schema": "https://schema.management.azure.com/schemas/2019-04-01/deploymentTemplate.json#",
  "contentVersion": "1.0.0",
  "parameters": {
    "location": {
      "type": "string",
      "minLength": 1,
      "defaultValue": "[resourceGroup().location]",
      "metadata": {
        "description": "Not used, but needed to pass arm-ttk test `Location-Should-Not-Be-Hardcoded`.  We instead use the `workspace-location` which is derived from the LA workspace"
      }
    },
    "workspace": {
      "defaultValue": "",
      "type": "string",
      "metadata": {
        "description": "Workspace name for Log Analytics where Microsoft Sentinel is setup"
      }
    }
  },
  "resources": [
    {
      "type": "Microsoft.OperationalInsights/workspaces/providers/contentTemplates",
      "name": "[concat(parameters('workspace'),'/Microsoft.SecurityInsights/',concat(concat(parameters('workspace'),'-dc-',uniquestring('WAF')),'1.0.0'))]",
      "location": "[parameters('workspace-location')]",
      "apiVersion": "2022-08-01",
      "dependsOn": [
        "[extensionResourceId(resourceId('Microsoft.OperationalInsights/workspaces', parameters('workspace')), 'Microsoft.SecurityInsights/contentPackages', 'azuresentinel.azure-sentinel-solution-azurewebapplicationfirewal')]"
      ],
      "properties": {
        "contentId": "WAF",
        "displayName": "Azure Web Application Firewall (WAF)",
        "contentKind": "DataConnector",
        "mainTemplate": {
          "resources": [
            {
              "name": "[concat(parameters('workspace'),'/Microsoft.SecurityInsights/','WAF')]",
              "apiVersion": "2021-03-01-preview",
              "type": "Microsoft.OperationalInsights/workspaces/providers/dataConnectors",
              "location": "[parameters('workspace-location')]",
              "kind": "StaticUI",
              "properties": {
                "connectorUiConfig": {
                  "id": "WAF",
                  "title": "Azure Web Application Firewall (WAF)",
                  "publisher": "Microsoft",
                  "descriptionMarkdown": "Connect to the Azure Web Application Firewall (WAF) for Application Gateway, Front Door, or CDN. This WAF protects your applications from common web vulnerabilities such as SQL injection and cross-site scripting, and lets you customize rules to reduce false positives. Follow these instructions to stream your Microsoft Web application firewall logs into Microsoft Sentinel.",
                  "graphQueries": [
                    {
                      "metricName": "Total data received",
                      "legend": "Application Gateways",
                      "baseQuery": "AzureDiagnostics | where ResourceType == \"APPLICATIONGATEWAYS\""
                    },
                    {
                      "metricName": "Total data received",
                      "legend": "FrontDoors",
                      "baseQuery": "AzureDiagnostics | where ResourceType == \"FRONTDOORS\""
                    },
                    {
                      "metricName": "Total data received",
                      "legend": "CDN",
                      "baseQuery": "AzureDiagnostics | where ResourceType == \"CDNWEBAPPLICATIONFIREWALLPOLICIES\""
                    }
                  ],
                  "connectivityCriterias": [
                    {
                      "type": "IsConnectedQuery",
                      "value": [
                        "AzureDiagnostics | where ResourceType == \"APPLICATIONGATEWAYS\"\n            | summarize LastLogReceived = max(TimeGenerated)\n            | project IsConnected = LastLogReceived > ago(7d)",
                        "AzureDiagnostics | where ResourceType == \"FRONTDOORS\"\n            | summarize LastLogReceived = max(TimeGenerated)\n            | project IsConnected = LastLogReceived > ago(7d)",
                        "AzureDiagnostics | where ResourceType == \"CDNWEBAPPLICATIONFIREWALLPOLICIES\"\n            | summarize LastLogReceived = max(TimeGenerated)\n            | project IsConnected = LastLogReceived > ago(7d)"
                      ]
                    }
                  ],
                  "dataTypes": [
                    {
                      "name": "AzureDiagnostics (Application Gateways)",
                      "lastDataReceivedQuery": "AzureDiagnostics | where ResourceType == \"APPLICATIONGATEWAYS\"\n            | summarize Time = max(TimeGenerated)\n            | where isnotempty(Time)"
                    },
                    {
                      "name": "AzureDiagnostics (FrontDoors)",
                      "lastDataReceivedQuery": "AzureDiagnostics | where ResourceType == \"FRONTDOORS\"\n            | summarize Time = max(TimeGenerated)\n            | where isnotempty(Time)"
                    },
                    {
                      "name": "AzureDiagnostics (CDN)",
                      "lastDataReceivedQuery": "AzureDiagnostics | where ResourceType == \"CDNWEBAPPLICATIONFIREWALLPOLICIES\"\n            | summarize Time = max(TimeGenerated)\n            | where isnotempty(Time)"
                    }
                  ]
                }
              }
            },
            {
              "type": "Microsoft.OperationalInsights/workspaces/providers/metadata",
              "apiVersion": "2022-01-01-preview",
              "name": "[concat(parameters('workspace'),'/Microsoft.SecurityInsights/',concat('DataConnector-', last(split(extensionResourceId(resourceId('Microsoft.OperationalInsights/workspaces', parameters('workspace')), 'Microsoft.SecurityInsights/dataConnectors', 'WAF'),'/'))))]",
              "properties": {
                "parentId": "[extensionResourceId(resourceId('Microsoft.OperationalInsights/workspaces', parameters('workspace')), 'Microsoft.SecurityInsights/dataConnectors', 'WAF')]",
                "contentId": "WAF",
                "kind": "DataConnector",
                "version": "1.0.0",
                "source": {
                  "kind": "Solution",
                  "name": "Azure Web Application Firewall (WAF)",
                  "sourceId": "azuresentinel.azure-sentinel-solution-azurewebapplicationfirewal"
                },
                "author": {
                  "name": "Microsoft",
                  "email": "support@microsoft.com"
                },
                "support": {
                  "tier": "Microsoft",
                  "name": "Microsoft Corporation",
                  "email": "support@microsoft.com",
                  "link": "https://support.microsoft.com/"
                }
              }
            }
          ]
        }
      }
    }
  ]
}