{
  "$schema": "https://schema.management.azure.com/schemas/2019-04-01/deploymentTemplate.json#",
  "contentVersion": "1.1.0",
  "parameters": {
    "location": {
      "type": "string",
      "minLength": 1,
      "defaultValue": "[resourceGroup().location]",
      "metadata": {
        "description": "Not used, but needed to pass arm-ttk test `Location-Should-Not-Be-Hardcoded`.  We instead use the `workspace-location` which is derived from the LA workspace"
      }
    },
    "workspace": {
      "defaultValue": "",
      "type": "string",
      "metadata": {
        "description": "Workspace name for Log Analytics where Microsoft Sentinel is setup"
      }
    },
    "workspace-location": {
      "type": "string",
      "defaultValue": "",
      "metadata": {
        "description": "[concat('Region to deploy solution resources -- separate from location selection',parameters('location'))]"
      }
    }
  },
  "resources": [
    {
      "type": "Microsoft.OperationalInsights/workspaces/providers/contentTemplates",
      "name": "[concat(parameters('workspace'),'/Microsoft.SecurityInsights/',concat(concat(parameters('workspace'),'-wb-',uniquestring('WebApplicationFirewallOverviewWorkbook')),'1.1.0'))]",
      "location": "[parameters('workspace-location')]",
      "apiVersion": "2022-08-01",
      "dependsOn": [
        "[extensionResourceId(resourceId('Microsoft.OperationalInsights/workspaces', parameters('workspace')), 'Microsoft.SecurityInsights/contentPackages', 'azuresentinel.azure-sentinel-solution-azurewebapplicationfirewal')]"
      ],
      "properties": {
        "contentId": "WebApplicationFirewallOverviewWorkbook",
        "displayName": "Microsoft Web Application Firewall (WAF) - overview",
        "contentKind": "Workbook",
        "mainTemplate": {
          "resources": [
            {
              "type": "Microsoft.Insights/workbooks",
              "name": "WebApplicationFirewallOverviewWorkbook",
              "location": "[parameters('workspace-location')]",
              "kind": "shared",
              "apiVersion": "2021-08-01",
              "metadata": {
                "description": "Gain insights into your organization's Azure web application firewall (WAF). You will get a general overview of your application gateway firewall and application gateway access events."
              },
              "properties": {
                "displayName": "Microsoft Web Application Firewall (WAF) - overview",
                "serializedData": "{\"version\":\"Notebook/1.0\",\"items\":[{\"type\":9,\"content\":{\"version\":\"KqlParameterItem/1.0\",\"query\":\"\",\"parameters\":[{\"id\":\"49e2f511-592f-4d7f-8fda-d686803f3dbf\",\"version\":\"KqlParameterItem/1.0\",\"name\":\"TimeRange\",\"type\":4,\"isRequired\":true,\"value\":{\"durationMs\":2592000000},\"typeSettings\":{\"selectableValues\":[{\"durationMs\":300000},{\"durationMs\":900000},{\"durationMs\":1800000},{\"durationMs\":3600000},{\"durationMs\":14400000},{\"durationMs\":43200000},{\"durationMs\":86400000},{\"durationMs\":172800000},{\"durationMs\":259200000},{\"durationMs\":604800000},{\"durationMs\":1209600000},{\"durationMs\":2419200000},{\"durationMs\":2592000000},{\"durationMs\":5184000000},{\"durationMs\":7776000000}],\"allowCustom\":true}},{\"id\":\"d54c1639-d46c-4655-9d76-d5416926a453\",\"version\":\"KqlParameterItem/1.0\",\"name\":\"WAF\",\"type\":2,\"isRequired\":true,\"multiSelect\":true,\"quote\":\"'\",\"delimiter\":\",\",\"query\":\"AzureDiagnostics\\r\\n| where ResourceType == \\\"APPLICATIONGATEWAYS\\\"\\r\\n| summarize Count=count() by Resource\\r\\n| order by Count desc, Resource asc\\r\\n| project Value = Resource, Lable = strcat(Resource, \\\" - \\\", Count)\",\"typeSettings\":{\"additionalResourceOptions\":[\"value::all\"],\"selectAllValue\":\"All\"},\"queryType\":0,\"resourceType\":\"microsoft.operationalinsights/workspaces\"},{\"id\":\"b1a1c99d-4498-4e02-82f0-d52c276d5657\",\"version\":\"KqlParameterItem/1.0\",\"name\":\"Events\",\"type\":2,\"isRequired\":true,\"multiSelect\":true,\"quote\":\"'\",\"delimiter\":\",\",\"query\":\"AzureDiagnostics\\r\\n| where ResourceType == \\\"APPLICATIONGATEWAYS\\\"\\r\\n| summarize Count = count() by OperationName\\r\\n| order by Count desc, OperationName asc\\r\\n| project value = OperationName, Label = strcat(OperationName, ' - ', Count)\",\"typeSettings\":{\"additionalResourceOptions\":[\"value::all\"],\"selectAllValue\":\"All\"},\"queryType\":0,\"resourceType\":\"microsoft.operationalinsights/workspaces\"}],\"style\":\"pills\",\"queryType\":0,\"resourceType\":\"microsoft.operationalinsights/workspaces\"},\"name\":\"parameters - 2\"},{\"type\":3,\"content\":{\"version\":\"KqlItem/1.0\",\"query\":\"AzureDiagnostics\\n| where ResourceType == \\\"APPLICATIONGATEWAYS\\\" \\n| where \\\"{WAF:lable}\\\"==\\\"All\\\" or Resource in ({WAF})\\n| where \\\"{Events:lable}\\\"==\\\"All\\\" or OperationName in ({Events})\\n| summarize count() by Resource, TimeGenerated\",\"size\":1,\"exportToExcelOptions\":\"visible\",\"title\":\"Resource events, by time\",\"queryType\":0,\"resourceType\":\"microsoft.operationalinsights/workspaces\",\"visualization\":\"linechart\",\"tileSettings\":{\"showBorder\":false,\"titleContent\":{\"columnMatch\":\"Resource\",\"formatter\":1},\"leftContent\":{\"columnMatch\":\"count_\",\"formatter\":12,\"formatOptions\":{\"palette\":\"auto\"},\"numberFormat\":{\"unit\":17,\"options\":{\"maximumSignificantDigits\":3,\"maximumFractionDigits\":2}}}}},\"customWidth\":\"70\",\"name\":\"query - 2\"},{\"type\":3,\"content\":{\"version\":\"KqlItem/1.0\",\"query\":\"AzureDiagnostics\\r\\n| where ResourceType == \\\"APPLICATIONGATEWAYS\\\"\\r\\n| where \\\"{WAF:lable}\\\"==\\\"All\\\" or Resource in ({WAF})\\r\\n| where \\\"{Events:lable}\\\"==\\\"All\\\" or OperationName in ({Events})\\r\\n| summarize number = count() by Resource\\r\\n\",\"size\":0,\"exportToExcelOptions\":\"visible\",\"title\":\"Resource use\",\"timeContext\":{\"durationMs\":0},\"timeContextFromParameter\":\"TimeRange\",\"queryType\":0,\"resourceType\":\"microsoft.operationalinsights/workspaces\",\"visualization\":\"piechart\"},\"customWidth\":\"30\",\"name\":\"query - 4\"},{\"type\":3,\"content\":{\"version\":\"KqlItem/1.0\",\"query\":\"AzureDiagnostics\\r\\n| where ResourceType == \\\"APPLICATIONGATEWAYS\\\" \\r\\n| where \\\"{WAF:lable}\\\"==\\\"All\\\" or Resource in ({WAF})\\r\\n| where \\\"{Events:lable}\\\"==\\\"All\\\" or OperationName in ({Events})\\r\\n| summarize number = count() by OperationName, TimeGenerated\",\"size\":0,\"exportToExcelOptions\":\"visible\",\"title\":\"Firewall and access events, by time\",\"timeContext\":{\"durationMs\":0},\"timeContextFromParameter\":\"TimeRange\",\"queryType\":0,\"resourceType\":\"microsoft.operationalinsights/workspaces\",\"visualization\":\"timechart\"},\"customWidth\":\"70\",\"name\":\"query - 5\"},{\"type\":3,\"content\":{\"version\":\"KqlItem/1.0\",\"query\":\"AzureDiagnostics\\r\\n| where ResourceType == \\\"APPLICATIONGATEWAYS\\\" \\r\\n| where \\\"{WAF:lable}\\\"==\\\"All\\\" or Resource in ({WAF})\\r\\n| where \\\"{Events:lable}\\\"==\\\"All\\\" or OperationName in ({Events})\\r\\n| summarize number = count() by OperationName\",\"size\":0,\"exportToExcelOptions\":\"visible\",\"title\":\"Events, by operation\",\"timeContext\":{\"durationMs\":0},\"timeContextFromParameter\":\"TimeRange\",\"queryType\":0,\"resourceType\":\"microsoft.operationalinsights/workspaces\",\"visualization\":\"piechart\"},\"customWidth\":\"30\",\"name\":\"query - 6\"}],\"fromTemplateId\":\"sentinel-WebApplicationFirewallOverview\",\"$schema\":\"https://github.com/Microsoft/Application-Insights-Workbooks/blob/master/schema/workbook.json\"}\r\n",
                "version": "1.0",
                "sourceId": "[resourceId('microsoft.OperationalInsights/Workspaces', parameters('workspace'))]",
                "category": "sentinel"
              }
            },
            {
              "type": "Microsoft.OperationalInsights/workspaces/providers/metadata",
              "apiVersion": "2022-01-01-preview",
              "name": "[concat(parameters('workspace'),'/Microsoft.SecurityInsights/',concat('Workbook-', last(split(resourceId('Microsoft.Insights/workbooks', 'WebApplicationFirewallOverviewWorkbook'),'/'))))]",
              "properties": {
                "description": "@{workbookKey=WebApplicationFirewallOverviewWorkbook; logoFileName=waf_logo.svg; description=Gain insights into your organization's Azure web application firewall (WAF). You will get a general overview of your application gateway firewall and application gateway access events.; dataTypesDependencies=System.Object[]; dataConnectorsDependencies=System.Object[]; previewImagesFileNames=System.Object[]; version=1.1.0; title=Microsoft Web Application Firewall (WAF) - overview; templateRelativePath=WebApplicationFirewallOverview.json; subtitle=; provider=Microsoft}.description",
                "parentId": "[resourceId('Microsoft.Insights/workbooks', 'WebApplicationFirewallOverviewWorkbook')]",
                "contentId": "WebApplicationFirewallOverviewWorkbook",
                "kind": "Workbook",
                "version": "1.1.0",
                "source": {
                  "kind": "Solution",
                  "name": "Azure Web Application Firewall (WAF)",
                  "sourceId": "azuresentinel.azure-sentinel-solution-azurewebapplicationfirewal"
                },
                "author": {
                  "name": "Microsoft",
                  "email": "support@microsoft.com"
                },
                "support": {
                  "tier": "Microsoft",
                  "name": "Microsoft Corporation",
                  "email": "support@microsoft.com",
                  "link": "https://support.microsoft.com/"
                },
                "dependencies": {
                  "operator": "AND",
                  "criteria": [
                    {
                      "contentId": "AzureDiagnostics",
                      "kind": "DataType"
                    },
                    {
                      "contentId": "WAF",
                      "kind": "DataConnector"
                    }
                  ]
                }
              }
            }
          ]
        }
      }
    }
  ]
}