{
  "$schema": "https://schema.management.azure.com/schemas/2019-04-01/deploymentTemplate.json#",
  "contentVersion": "1.0.3",
  "parameters": {
    "location": {
      "type": "string",
      "minLength": 1,
      "defaultValue": "[resourceGroup().location]",
      "metadata": {
        "description": "Not used, but needed to pass arm-ttk test `Location-Should-Not-Be-Hardcoded`.  We instead use the `workspace-location` which is derived from the LA workspace"
      }
    },
    "workspace": {
      "defaultValue": "",
      "type": "string",
      "metadata": {
        "description": "Workspace name for Log Analytics where Microsoft Sentinel is setup"
      }
    },
    "workspace-location": {
      "type": "string",
      "defaultValue": "",
      "metadata": {
        "description": "[concat('Region to deploy solution resources -- separate from location selection',parameters('location'))]"
      }
    }
  },
  "resources": [
    {
      "type": "Microsoft.OperationalInsights/workspaces/providers/contentTemplates",
      "name": "[concat(parameters('workspace'),'/Microsoft.SecurityInsights/',concat(concat(parameters('workspace'),'-ar-',uniquestring('a3df4a32-4805-4c6d-8699-f3c888af2f67')),'1.0.3'))]",
      "location": "[parameters('workspace-location')]",
      "apiVersion": "2022-08-01",
      "dependsOn": [
        "[extensionResourceId(resourceId('Microsoft.OperationalInsights/workspaces', parameters('workspace')), 'Microsoft.SecurityInsights/contentPackages', 'azuresentinel.azure-sentinel-solution-azureactivedirectoryip')]"
      ],
      "properties": {
        "contentId": "a3df4a32-4805-4c6d-8699-f3c888af2f67",
        "displayName": "Correlate Unfamiliar sign-in properties and atypical travel alerts",
        "contentKind": "AnalyticsRule",
        "mainTemplate": {
          "resources": [
            {
              "type": "Microsoft.SecurityInsights/AlertRuleTemplates",
              "name": "a3df4a32-4805-4c6d-8699-f3c888af2f67",
              "apiVersion": "2022-04-01-preview",
              "kind": "Scheduled",
              "location": "[parameters('workspace-location')]",
              "properties": {
                "description": "The combination of an Unfamiliar sign-in properties alert and an Atypical travel alert about the same user within a +10m or -10m window is considered a high severity incident.",
                "displayName": "Correlate Unfamiliar sign-in properties and atypical travel alerts",
                "enabled": false,
                "query": "let Alert1 = \nSecurityAlert\n| where TimeGenerated > ago(1d)\n| where ProductName == \"Azure Active Directory Identity Protection\"\n| where AlertName == \"Unfamiliar sign-in properties\"\n| mv-expand Entity = todynamic(Entities)\n| where Entity.Type == \"account\"\n| extend AadTenantId = tostring(Entity.AadTenantId)\n| extend AadUserId = tostring(Entity.AadUserId)\n| join kind=inner (\nIdentityInfo\n| distinct AccountTenantId, AccountObjectId, AccountUPN, AccountDisplayName\n| extend UserName = AccountDisplayName\n| extend UserAccount = AccountUPN\n| where isnotempty(AccountDisplayName) and isnotempty(UserAccount)\n| project AccountTenantId, AccountObjectId, UserAccount, UserName\n)\non\n$left.AadTenantId == $right.AccountTenantId,\n$left.AadUserId == $right.AccountObjectId\n| extend CompromisedEntity = iff(CompromisedEntity == \"N/A\" or isempty(CompromisedEntity), UserAccount, CompromisedEntity)\n| extend Alert1Time = TimeGenerated\n| extend Alert1 = AlertName\n| extend Alert1Severity = AlertSeverity\n| project AadTenantId, AadUserId, AccountTenantId, AccountObjectId, Alert1, Alert1Severity, Alert1Time, UserAccount, UserName\n;\nlet Alert2 = \nSecurityAlert\n| where TimeGenerated > ago(1d)\n| where ProductName == \"Azure Active Directory Identity Protection\"\n| where AlertName == \"Atypical travel\"\n| mv-expand Entity = todynamic(Entities)\n| where Entity.Type == \"account\"\n| extend AadTenantId = tostring(Entity.AadTenantId)\n| extend AadUserId = tostring(Entity.AadUserId)\n| join kind=inner (\nIdentityInfo\n| distinct AccountTenantId, AccountObjectId, AccountUPN, AccountDisplayName\n| extend UserName = AccountDisplayName\n| extend UserAccount = AccountUPN\n| where isnotempty(AccountDisplayName) and isnotempty(UserAccount)\n| project AccountTenantId, AccountObjectId, UserAccount, UserName\n)\non\n$left.AadTenantId == $right.AccountTenantId,\n$left.AadUserId == $right.AccountObjectId\n| extend CompromisedEntity = iff(CompromisedEntity == \"N/A\" or isempty(CompromisedEntity), UserAccount, CompromisedEntity)\n| extend Alert2Time = TimeGenerated\n| extend Alert2 = AlertName\n| extend Alert2Severity = AlertSeverity\n| extend CurrentLocation = strcat(tostring(parse_json(tostring(parse_json(Entities)[2].Location)).CountryCode), \"|\", tostring(parse_json(tostring(parse_json(Entities)[2].Location)).State), \"|\", tostring(parse_json(tostring(parse_json(Entities)[2].Location)).City))\n| extend PreviousLocation = strcat(tostring(parse_json(tostring(parse_json(Entities)[3].Location)).CountryCode), \"|\", tostring(parse_json(tostring(parse_json(Entities)[3].Location)).State), \"|\", tostring(parse_json(tostring(parse_json(Entities)[3].Location)).City))\n| extend CurrentIPAddress = tostring(parse_json(Entities)[2].Address)\n| extend PreviousIPAddress = tostring(parse_json(Entities)[3].Address)\n| project AadTenantId, AadUserId, AccountTenantId, AccountObjectId, Alert2, Alert2Severity, Alert2Time, CurrentIPAddress, PreviousIPAddress, CurrentLocation, PreviousLocation, UserAccount, UserName\n;\nAlert1\n| join kind=inner Alert2 on UserAccount\n| where abs(datetime_diff('minute', Alert1Time, Alert2Time)) <=10\n| extend TimeDelta = Alert1Time - Alert2Time\n| project UserAccount, Alert1, Alert1Time, Alert1Severity, Alert2, Alert2Time, Alert2Severity, TimeDelta, CurrentLocation, PreviousLocation, CurrentIPAddress, PreviousIPAddress, UserName\n| extend AccountCustomEntity = UserAccount\n| extend IPCustomEntity = CurrentIPAddress\n",
                "queryFrequency": "P1D",
                "queryPeriod": "P14D",
                "severity": "High",
                "suppressionDuration": "PT1H",
                "suppressionEnabled": false,
                "triggerOperator": "GreaterThan",
                "triggerThreshold": 0,
                "status": "Available",
                "requiredDataConnectors": [
                  {
                    "connectorId": "AzureActiveDirectoryIdentityProtection",
                    "dataTypes": [
                      "SecurityAlert (IPC)"
                    ]
                  },
                  {
                    "connectorId": "BehaviorAnalytics",
                    "dataTypes": [
                      "IdentityInfo"
                    ]
                  }
                ],
                "tactics": [
                  "InitialAccess"
                ],
                "entityMappings": [
                  {
                    "fieldMappings": [
                      {
                        "columnName": "AccountCustomEntity",
                        "identifier": "FullName"
                      }
                    ],
                    "entityType": "Account"
                  },
                  {
                    "fieldMappings": [
                      {
                        "columnName": "IPCustomEntity",
                        "identifier": "Address"
                      }
                    ],
                    "entityType": "IP"
                  }
                ]
              }
            },
            {
              "type": "Microsoft.OperationalInsights/workspaces/providers/metadata",
              "apiVersion": "2022-01-01-preview",
              "name": "[concat(parameters('workspace'),'/Microsoft.SecurityInsights/',concat('AnalyticsRule-', last(split(resourceId('Microsoft.SecurityInsights/AlertRuleTemplates', 'a3df4a32-4805-4c6d-8699-f3c888af2f67'),'/'))))]",
              "properties": {
                "description": "Azure Active Directory Identity Protection Analytics Rule 1",
                "parentId": "[resourceId('Microsoft.SecurityInsights/AlertRuleTemplates', 'a3df4a32-4805-4c6d-8699-f3c888af2f67')]",
                "contentId": "a3df4a32-4805-4c6d-8699-f3c888af2f67",
                "kind": "AnalyticsRule",
                "version": "1.0.3",
                "source": {
                  "kind": "Solution",
                  "name": "Azure Active Directory Identity Protection",
                  "sourceId": "azuresentinel.azure-sentinel-solution-azureactivedirectoryip"
                },
                "author": {
                  "name": "Microsoft",
                  "email": "support@microsoft.com"
                },
                "support": {
                  "tier": "Microsoft",
                  "name": "Microsoft Corporation",
                  "email": "support@microsoft.com",
                  "link": "https://support.microsoft.com/"
                }
              }
            }
          ]
        }
      }
    }
  ]
}