{
  "$schema": "https://schema.management.azure.com/schemas/2019-04-01/deploymentTemplate.json#",
  "contentVersion": "1.0.0",
  "parameters": {
    "location": {
      "type": "string",
      "minLength": 1,
      "defaultValue": "[resourceGroup().location]",
      "metadata": {
        "description": "Not used, but needed to pass arm-ttk test `Location-Should-Not-Be-Hardcoded`.  We instead use the `workspace-location` which is derived from the LA workspace"
      }
    },
    "workspace": {
      "defaultValue": "",
      "type": "string",
      "metadata": {
        "description": "Workspace name for Log Analytics where Microsoft Sentinel is setup"
      }
    }
  },
  "resources": [
    {
      "type": "Microsoft.OperationalInsights/workspaces/providers/contentTemplates",
      "name": "[concat(parameters('workspace'),'/Microsoft.SecurityInsights/',concat(concat(parameters('workspace'),'-dc-',uniquestring('AzureActiveDirectoryIdentityProtection')),'1.0.0'))]",
      "location": "[parameters('workspace-location')]",
      "apiVersion": "2022-08-01",
      "dependsOn": [
        "[extensionResourceId(resourceId('Microsoft.OperationalInsights/workspaces', parameters('workspace')), 'Microsoft.SecurityInsights/contentPackages', 'azuresentinel.azure-sentinel-solution-azureactivedirectoryip')]"
      ],
      "properties": {
        "contentId": "AzureActiveDirectoryIdentityProtection",
        "displayName": "Azure Active Directory Identity Protection",
        "contentKind": "DataConnector",
        "mainTemplate": {
          "resources": [
            {
              "name": "[concat(parameters('workspace'),'/Microsoft.SecurityInsights/','AzureActiveDirectoryIdentityProtection')]",
              "apiVersion": "2021-03-01-preview",
              "type": "Microsoft.OperationalInsights/workspaces/providers/dataConnectors",
              "location": "[parameters('workspace-location')]",
              "kind": "StaticUI",
              "properties": {
                "connectorUiConfig": {
                  "id": "AzureActiveDirectoryIdentityProtection",
                  "title": "Azure Active Directory Identity Protection",
                  "publisher": "Microsoft",
                  "descriptionMarkdown": "Azure Active Directory Identity Protection provides a consolidated view at risk users, risk events and vulnerabilities, with the ability to remediate risk immediately, and set policies to auto-remediate future events. The service is built on Microsoft’s experience protecting consumer identities and gains tremendous accuracy from the signal from over 13 billion logins a day. ​ Integrate Microsoft Azure Active Directory Identity Protection alerts with Microsoft Sentinel to view dashboards, create custom alerts, and improve investigation.​\n\n[Get Azure Active Directory Premium P1/P2 >​](https://aka.ms/asi-ipcconnectorgetlink)",
                  "graphQueries": [
                    {
                      "metricName": "Total data received",
                      "legend": "SecurityAlerts (IPC)",
                      "baseQuery": "SecurityAlert | where ProductName == \"Azure Active Directory Identity Protection\""
                    }
                  ],
                  "connectivityCriterias": [
                    {
                      "type": "SentinelKinds",
                      "value": [
                        "AzureActiveDirectory"
                      ]
                    }
                  ],
                  "dataTypes": [
                    {
                      "name": "SecurityAlert (IPC)",
                      "lastDataReceivedQuery": "SecurityAlert | where ProductName == \"Azure Active Directory Identity Protection\"\n            | summarize Time = max(TimeGenerated)\n            | where isnotempty(Time)"
                    }
                  ]
                }
              }
            },
            {
              "type": "Microsoft.OperationalInsights/workspaces/providers/metadata",
              "apiVersion": "2022-01-01-preview",
              "name": "[concat(parameters('workspace'),'/Microsoft.SecurityInsights/',concat('DataConnector-', last(split(extensionResourceId(resourceId('Microsoft.OperationalInsights/workspaces', parameters('workspace')), 'Microsoft.SecurityInsights/dataConnectors', 'AzureActiveDirectoryIdentityProtection'),'/'))))]",
              "properties": {
                "parentId": "[extensionResourceId(resourceId('Microsoft.OperationalInsights/workspaces', parameters('workspace')), 'Microsoft.SecurityInsights/dataConnectors', 'AzureActiveDirectoryIdentityProtection')]",
                "contentId": "AzureActiveDirectoryIdentityProtection",
                "kind": "DataConnector",
                "version": "1.0.0",
                "source": {
                  "kind": "Solution",
                  "name": "Azure Active Directory Identity Protection",
                  "sourceId": "azuresentinel.azure-sentinel-solution-azureactivedirectoryip"
                },
                "author": {
                  "name": "Microsoft",
                  "email": "support@microsoft.com"
                },
                "support": {
                  "tier": "Microsoft",
                  "name": "Microsoft Corporation",
                  "email": "support@microsoft.com",
                  "link": "https://support.microsoft.com/"
                }
              }
            }
          ]
        }
      }
    }
  ]
}