{
  "$schema": "https://schema.management.azure.com/schemas/2019-04-01/deploymentTemplate.json#",
  "contentVersion": "1.0",
  "parameters": {
    "location": {
      "type": "string",
      "minLength": 1,
      "defaultValue": "[resourceGroup().location]",
      "metadata": {
        "description": "Not used, but needed to pass arm-ttk test `Location-Should-Not-Be-Hardcoded`.  We instead use the `workspace-location` which is derived from the LA workspace"
      }
    },
    "workspace": {
      "defaultValue": "",
      "type": "string",
      "metadata": {
        "description": "Workspace name for Log Analytics where Microsoft Sentinel is setup"
      }
    },
    "workspace-location": {
      "type": "string",
      "defaultValue": "",
      "metadata": {
        "description": "[concat('Region to deploy solution resources -- separate from location selection',parameters('location'))]"
      }
    }
  },
  "resources": [
    {
      "type": "Microsoft.OperationalInsights/workspaces/providers/contentTemplates",
      "name": "[concat(parameters('workspace'),'/Microsoft.SecurityInsights/',concat(concat(parameters('workspace'),'-pl-',uniquestring('IdentityProtection-TeamsBotResponse')),'1.0'))]",
      "location": "[parameters('workspace-location')]",
      "apiVersion": "2022-08-01",
      "dependsOn": [
        "[extensionResourceId(resourceId('Microsoft.OperationalInsights/workspaces', parameters('workspace')), 'Microsoft.SecurityInsights/contentPackages', 'azuresentinel.azure-sentinel-solution-azureactivedirectoryip')]"
      ],
      "properties": {
        "contentId": "IdentityProtection-TeamsBotResponse",
        "displayName": "Identity Protection response from Teams",
        "contentKind": "Playbook",
        "mainTemplate": {
          "resources": [
            {
              "type": "Microsoft.Web/connections",
              "apiVersion": "2016-06-01",
              "name": "[variables('AzureSentinelConnectionName')]",
              "location": "[variables('workspace-location-inline')]",
              "properties": {
                "displayName": "[parameters('PlaybookName')]",
                "api": {
                  "id": "[variables('_connection-1')]"
                }
              }
            },
            {
              "type": "Microsoft.Web/connections",
              "apiVersion": "2016-06-01",
              "name": "[variables('MicrosoftTeamsConnectionName')]",
              "location": "[variables('workspace-location-inline')]",
              "properties": {
                "displayName": "[parameters('PlaybookName')]",
                "api": {
                  "id": "[variables('_connection-2')]"
                }
              }
            },
            {
              "type": "Microsoft.Web/connections",
              "apiVersion": "2016-06-01",
              "name": "[variables('AADIPConnectionName')]",
              "location": "[variables('workspace-location-inline')]",
              "properties": {
                "displayName": "[parameters('PlaybookName')]",
                "api": {
                  "id": "[variables('_connection-3')]"
                }
              }
            },
            {
              "type": "Microsoft.Logic/workflows",
              "apiVersion": "2017-07-01",
              "name": "[parameters('PlaybookName')]",
              "location": "[variables('workspace-location-inline')]",
              "tags": {
                "hidden-SentinelTemplateName": "IdentityProtectionResponseFromTeams",
                "hidden-SentinelTemplateVersion": "1.0",
                "hidden-SentinelWorkspaceId": "[resourceId('microsoft.OperationalInsights/Workspaces', parameters('workspace'))]"
              },
              "dependsOn": [
                "[resourceId('Microsoft.Web/connections', variables('AzureSentinelConnectionName'))]",
                "[resourceId('Microsoft.Web/connections', variables('AADIPConnectionName'))]",
                "[resourceId('Microsoft.Web/connections', variables('MicrosoftTeamsConnectionName'))]"
              ],
              "properties": {
                "state": "Enabled",
                "definition": {
                  "$schema": "https://schema.management.azure.com/providers/Microsoft.Logic/schemas/2016-06-01/workflowdefinition.json#",
                  "contentVersion": "1.0.0.0",
                  "parameters": {
                    "$connections": {
                      "type": "Object"
                    }
                  },
                  "triggers": {
                    "Microsoft_Sentinel_incident": {
                      "inputs": {
                        "body": {
                          "callback_url": "@{listCallbackUrl()}"
                        },
                        "host": {
                          "connection": {
                            "name": "@parameters('$connections')['azuresentinel']['connectionId']"
                          }
                        },
                        "path": "/incident-creation"
                      },
                      "type": "ApiConnectionWebhook"
                    }
                  },
                  "actions": {
                    "Entities_-_Get_Accounts": {
                      "inputs": {
                        "body": "@triggerBody()?['object']?['properties']?['relatedEntities']",
                        "host": {
                          "connection": {
                            "name": "@parameters('$connections')['azuresentinel']['connectionId']"
                          }
                        },
                        "method": "post",
                        "path": "/entities/account"
                      },
                      "type": "ApiConnection"
                    },
                    "For_each": {
                      "actions": {
                        "Compose_-_Adaptive_card_body": {
                          "inputs": {
                            "$schema": "http://adaptivecards.io/schemas/adaptive-card.json",
                            "actions": [
                              {
                                "data": {
                                  "x": "confirm"
                                },
                                "title": "Confirm user as compromised",
                                "type": "Action.Submit"
                              },
                              {
                                "data": {
                                  "x": "dismiss"
                                },
                                "title": "Dismiss the risky user",
                                "type": "Action.Submit"
                              },
                              {
                                "data": {
                                  "x": "ignore"
                                },
                                "title": "Ignore",
                                "type": "Action.Submit"
                              }
                            ],
                            "body": [
                              {
                                "size": "large",
                                "text": "@{triggerBody()?['object']?['properties']?['title']}",
                                "type": "TextBlock",
                                "weight": "bolder"
                              },
                              {
                                "spacing": "Medium",
                                "text": "Incident @{triggerBody()?['object']?['properties']?['incidentNumber']}, created by the provider:@{join(triggerBody()?['object']?['properties']?['additionalData']?['alertProductNames'], ',')}",
                                "type": "TextBlock"
                              },
                              {
                                "text": "[Click here to view the Incident](@{triggerBody()?['object']?['properties']?['incidentUrl']})",
                                "type": "TextBlock",
                                "wrap": true
                              },
                              {
                                "size": "Large",
                                "spacing": "Medium",
                                "text": "AAD Identity Protection Risky user info:",
                                "type": "TextBlock",
                                "weight": "Bolder"
                              },
                              {
                                "text": "Risky user display name: @{body('Get_risky_user')?['userDisplayName']}",
                                "type": "TextBlock"
                              },
                              {
                                "text": "Risky user principal name: @{body('Get_risky_user')?['userPrincipalName']}",
                                "type": "TextBlock"
                              },
                              {
                                "text": "Risk detail: @{body('Get_risky_user')?['riskDetail']}",
                                "type": "TextBlock"
                              },
                              {
                                "text": "Risk state: @{body('Get_risky_user')?['riskState']}",
                                "type": "TextBlock"
                              },
                              {
                                "text": "User risk level:  @{body('Get_risky_user')?['riskLevel']}",
                                "type": "TextBlock"
                              },
                              {
                                "size": "Large",
                                "spacing": "Large",
                                "text": "Respond:",
                                "type": "TextBlock",
                                "weight": "Bolder"
                              },
                              {
                                "size": "Small",
                                "style": "Person",
                                "type": "Image",
                                "url": "https://connectoricons-prod.azureedge.net/releases/v1.0.1391/1.0.1391.2130/azuresentinel/icon.png"
                              },
                              {
                                "text": "Close Microsoft Sentinel incident?",
                                "type": "TextBlock"
                              },
                              {
                                "choices": [
                                  {
                                    "isSelected": true,
                                    "title": "Close incident - False Positive",
                                    "value": "FalsePositive"
                                  },
                                  {
                                    "title": "Close incident - True Positive",
                                    "value": "TruePositive"
                                  },
                                  {
                                    "title": "Close incident - Benign Positive",
                                    "value": "BenignPositive"
                                  },
                                  {
                                    "title": "No",
                                    "value": "no"
                                  }
                                ],
                                "id": "incidentStatus",
                                "style": "compact",
                                "type": "Input.ChoiceSet",
                                "value": "BenignPositive"
                              },
                              {
                                "text": "Change Microsoft Sentinel incident severity?",
                                "type": "TextBlock"
                              },
                              {
                                "choices": [
                                  {
                                    "isSelected": true,
                                    "title": "High",
                                    "value": "High"
                                  },
                                  {
                                    "title": "Medium",
                                    "value": "Medium"
                                  },
                                  {
                                    "title": "Low",
                                    "value": "Low"
                                  },
                                  {
                                    "title": "Don't change",
                                    "value": "same"
                                  }
                                ],
                                "id": "incidentSeverity",
                                "style": "compact",
                                "type": "Input.ChoiceSet",
                                "value": "High"
                              },
                              {
                                "text": "Respose in Identity Protection:",
                                "type": "TextBlock"
                              },
                              {
                                "size": "Small",
                                "style": "Person",
                                "type": "Image",
                                "url": "https://connectoricons-prod.azureedge.net/releases/v1.0.1400/1.0.1400.2154/azureadip/icon.png"
                              }
                            ],
                            "type": "AdaptiveCard",
                            "version": "1.0"
                          },
                          "runAfter": {
                            "Get_risky_user": [
                              "Succeeded",
                              "Failed"
                            ]
                          },
                          "type": "Compose"
                        },
                        "Condition_-_Change_Severity": {
                          "actions": {
                            "Update_incident_2": {
                              "inputs": {
                                "body": {
                                  "incidentArmId": "@body('Update_incident')?['id']",
                                  "severity": "@{body('Post_an_Adaptive_Card_to_a_Teams_channel_and_wait_for_a_response')?['data']?['incidentSeverity']}"
                                },
                                "host": {
                                  "connection": {
                                    "name": "@parameters('$connections')['azuresentinel']['connectionId']"
                                  }
                                },
                                "method": "put",
                                "path": "/Incidents"
                              },
                              "type": "ApiConnection"
                            }
                          },
                          "description": "True if user chose to change severity, else False",
                          "expression": {
                            "and": [
                              {
                                "not": {
                                  "equals": [
                                    "@body('Post_an_Adaptive_Card_to_a_Teams_channel_and_wait_for_a_response')?['data']?['incidentSeverity']",
                                    "same"
                                  ]
                                }
                              }
                            ]
                          },
                          "runAfter": {
                            "Condition_-_Close_incident": [
                              "Succeeded"
                            ]
                          },
                          "type": "If"
                        },
                        "Condition_-_Close_incident": {
                          "actions": {
                            "Update_incident": {
                              "inputs": {
                                "body": {
                                  "classification": {
                                    "ClassificationAndReason": "@{body('Post_an_Adaptive_Card_to_a_Teams_channel_and_wait_for_a_response')?['data']?['incidentStatus']}",
                                    "ClassificationReasonText": "User choice in Sentinel-AADIP playbook"
                                  },
                                  "incidentArmId": "@triggerBody()?['object']?['id']",
                                  "status": "Closed"
                                },
                                "host": {
                                  "connection": {
                                    "name": "@parameters('$connections')['azuresentinel']['connectionId']"
                                  }
                                },
                                "method": "put",
                                "path": "/Incidents"
                              },
                              "type": "ApiConnection"
                            }
                          },
                          "description": "True if user chose to close the incident, else False",
                          "expression": {
                            "and": [
                              {
                                "not": {
                                  "equals": [
                                    "@body('Post_an_Adaptive_Card_to_a_Teams_channel_and_wait_for_a_response')?['data']?['incidentStatus']",
                                    "no"
                                  ]
                                }
                              }
                            ]
                          },
                          "runAfter": {
                            "Switch": [
                              "Succeeded"
                            ]
                          },
                          "type": "If"
                        },
                        "Get_risky_user": {
                          "description": "This action uses the AAD user id field in the Account entity. It asks AAD Identity Protection for the risky user object. This action fails if no risky user found, ",
                          "inputs": {
                            "host": {
                              "connection": {
                                "name": "@parameters('$connections')['azureadip']['connectionId']"
                              }
                            },
                            "method": "get",
                            "path": "/beta/riskyUsers/@{encodeURIComponent(items('For_each')?['AadUserId'])}"
                          },
                          "type": "ApiConnection"
                        },
                        "Post_an_Adaptive_Card_to_a_Teams_channel_and_wait_for_a_response": {
                          "inputs": {
                            "body": {
                              "body": {
                                "messageBody": "@{outputs('Compose_-_Adaptive_card_body')}",
                                "recipient": {
                                  "channelId": "[replace('b', 'b', '')]"
                                },
                                "shouldUpdateCard": true
                              },
                              "notificationUrl": "@{listCallbackUrl()}"
                            },
                            "host": {
                              "connection": {
                                "name": "@parameters('$connections')['teams']['connectionId']"
                              }
                            },
                            "path": "/flowbot/actions/flowcontinuation/recipienttypes/channel/$subscriptions",
                            "queries": {
                              "groupId": "[replace('b', 'b', '')]"
                            }
                          },
                          "runAfter": {
                            "Compose_-_Adaptive_card_body": [
                              "Succeeded"
                            ]
                          },
                          "type": "ApiConnectionWebhook"
                        },
                        "Switch": {
                          "cases": {
                            "Case_-_confirm": {
                              "actions": {
                                "Add_comment_to_incident_(V3)_2": {
                                  "inputs": {
                                    "body": {
                                      "incidentArmId": "@triggerBody()?['object']?['id']",
                                      "message": "<p>@{outputs('Compose_HTML_comment_(confirm)')}</p>"
                                    },
                                    "host": {
                                      "connection": {
                                        "name": "@parameters('$connections')['azuresentinel']['connectionId']"
                                      }
                                    },
                                    "method": "post",
                                    "path": "/Incidents/Comment"
                                  },
                                  "runAfter": {
                                    "Compose_HTML_comment_(confirm)": [
                                      "Succeeded"
                                    ]
                                  },
                                  "type": "ApiConnection"
                                },
                                "Compose_HTML_comment_(confirm)": {
                                  "inputs": " ** Sentinel to AADIP - Response from Teams playbook update **\n\n<img src = 'https://connectoricons-prod.azureedge.net/releases/v1.0.1400/1.0.1400.2154/azureadip/icon.png' width=\"40\"><h2>Azure AD Identity Protection</h2>\n\n<h3> The user @{body('Get_risky_user_2')?['userDisplayName']} was confirmed as compromised.</h3>\n\n<h4> Update risky user information from AADIP:\n\n<li> risk detail: @{body('Get_risky_user_2')?['riskDetail']}</li>\n<li> risk level:@{body('Get_risky_user_2')?['riskLevel']}</li>\n<li> risk state: @{body('Get_risky_user_2')?['riskState']}</li>\n<li> risk last update time: @{body('Get_risky_user_2')?['riskLastUpdatedDateTime']}</li>",
                                  "runAfter": {
                                    "Get_risky_user_2": [
                                      "Succeeded",
                                      "Failed"
                                    ]
                                  },
                                  "type": "Compose"
                                },
                                "Confirm_a_risky_user_as_compromised": {
                                  "inputs": {
                                    "body": {
                                      "userIds": [
                                        "@items('For_each')?['AadUserId']"
                                      ]
                                    },
                                    "host": {
                                      "connection": {
                                        "name": "@parameters('$connections')['azureadip']['connectionId']"
                                      }
                                    },
                                    "method": "post",
                                    "path": "/beta/riskyUsers/confirmCompromised"
                                  },
                                  "type": "ApiConnection"
                                },
                                "Get_risky_user_2": {
                                  "inputs": {
                                    "host": {
                                      "connection": {
                                        "name": "@parameters('$connections')['azureadip']['connectionId']"
                                      }
                                    },
                                    "method": "get",
                                    "path": "/beta/riskyUsers/@{encodeURIComponent(items('For_each')?['AadUserId'])}"
                                  },
                                  "runAfter": {
                                    "Confirm_a_risky_user_as_compromised": [
                                      "Succeeded"
                                    ]
                                  },
                                  "type": "ApiConnection"
                                }
                              },
                              "case": "confirm"
                            },
                            "Case_-_dismiss": {
                              "actions": {
                                "Add_comment_to_incident_(V3)": {
                                  "inputs": {
                                    "body": {
                                      "incidentArmId": "@triggerBody()?['object']?['id']",
                                      "message": "<p>@{outputs('Compose_HTML_comment_(dismiss)')}</p>"
                                    },
                                    "host": {
                                      "connection": {
                                        "name": "@parameters('$connections')['azuresentinel']['connectionId']"
                                      }
                                    },
                                    "method": "post",
                                    "path": "/Incidents/Comment"
                                  },
                                  "runAfter": {
                                    "Compose_HTML_comment_(dismiss)": [
                                      "Succeeded"
                                    ]
                                  },
                                  "type": "ApiConnection"
                                },
                                "Compose_HTML_comment_(dismiss)": {
                                  "inputs": "** Sentinel to AADIP - Response from Teams playbook update **\n\n<img src = 'https://connectoricons-prod.azureedge.net/releases/v1.0.1400/1.0.1400.2154/azureadip/icon.png' width=\"40\"><h2>Azure AD Identity Protection</h2>\n\n<h3> The user @{body('Get_risky_user_3')?['userDisplayName']} was dismissed. </h3>\n<h4>Updated risky user information from AADIP:\n<li> risk detail: @{body('Get_risky_user_3')?['riskDetail']}</li>\n<li> risk level:  @{body('Get_risky_user_3')?['riskLevel']}</li>\n<li> risk state:  @{body('Get_risky_user_3')?['riskState']}</li>\n<li> risk last update time:  @{body('Get_risky_user_3')?['riskLastUpdatedDateTime']}</li>",
                                  "runAfter": {
                                    "Get_risky_user_3": [
                                      "Succeeded",
                                      "Failed"
                                    ]
                                  },
                                  "type": "Compose"
                                },
                                "Dismiss_a_risky_user": {
                                  "inputs": {
                                    "body": {
                                      "userIds": [
                                        "@body('Get_risky_user')?['id']"
                                      ]
                                    },
                                    "host": {
                                      "connection": {
                                        "name": "@parameters('$connections')['azureadip']['connectionId']"
                                      }
                                    },
                                    "method": "post",
                                    "path": "/beta/riskyUsers/dismiss"
                                  },
                                  "type": "ApiConnection"
                                },
                                "Get_risky_user_3": {
                                  "inputs": {
                                    "host": {
                                      "connection": {
                                        "name": "@parameters('$connections')['azureadip']['connectionId']"
                                      }
                                    },
                                    "method": "get",
                                    "path": "/beta/riskyUsers/@{encodeURIComponent(items('For_each')?['AadUserId'])}"
                                  },
                                  "runAfter": {
                                    "Dismiss_a_risky_user": [
                                      "Succeeded"
                                    ]
                                  },
                                  "type": "ApiConnection"
                                }
                              },
                              "case": "dismiss"
                            }
                          },
                          "expression": "@body('Post_an_Adaptive_Card_to_a_Teams_channel_and_wait_for_a_response')?['data']?['x']",
                          "runAfter": {
                            "Post_an_Adaptive_Card_to_a_Teams_channel_and_wait_for_a_response": [
                              "Succeeded"
                            ]
                          },
                          "type": "Switch"
                        }
                      },
                      "description": "This loop iterates the accounts found in the alert",
                      "foreach": "@body('Entities_-_Get_Accounts')?['Accounts']",
                      "runAfter": {
                        "Entities_-_Get_Accounts": [
                          "Succeeded"
                        ]
                      },
                      "runtimeConfiguration": {
                        "concurrency": {
                          "repetitions": 1
                        }
                      },
                      "type": "Foreach"
                    }
                  }
                },
                "parameters": {
                  "$connections": {
                    "value": {
                      "azureadip": {
                        "connectionId": "[resourceId('Microsoft.Web/connections', variables('AADIPConnectionName'))]",
                        "connectionName": "[variables('AADIPConnectionName')]",
                        "id": "[concat('/subscriptions/', subscription().subscriptionId, '/providers/Microsoft.Web/locations/', variables('workspace-location-inline'), '/managedApis/azureadip')]"
                      },
                      "azuresentinel": {
                        "connectionId": "[resourceId('Microsoft.Web/connections', variables('AzureSentinelConnectionName'))]",
                        "connectionName": "[variables('AzureSentinelConnectionName')]",
                        "id": "[concat('/subscriptions/', subscription().subscriptionId, '/providers/Microsoft.Web/locations/', variables('workspace-location-inline'), '/managedApis/azuresentinel')]"
                      },
                      "teams": {
                        "connectionId": "[resourceId('Microsoft.Web/connections', variables('MicrosoftTeamsConnectionName'))]",
                        "connectionName": "[variables('MicrosoftTeamsConnectionName')]",
                        "id": "[concat('/subscriptions/', subscription().subscriptionId, '/providers/Microsoft.Web/locations/', variables('workspace-location-inline'), '/managedApis/teams')]"
                      }
                    }
                  }
                }
              }
            },
            {
              "type": "Microsoft.OperationalInsights/workspaces/providers/metadata",
              "apiVersion": "2022-01-01-preview",
              "name": "[concat(parameters('workspace'),'/Microsoft.SecurityInsights/',concat('Playbook-', last(split(resourceId('Microsoft.Logic/workflows', 'IdentityProtection-TeamsBotResponse'),'/'))))]",
              "properties": {
                "parentId": "[resourceId('Microsoft.Logic/workflows', 'IdentityProtection-TeamsBotResponse')]",
                "contentId": "IdentityProtection-TeamsBotResponse",
                "kind": "Playbook",
                "version": "1.0",
                "source": {
                  "kind": "Solution",
                  "name": "Azure Active Directory Identity Protection",
                  "sourceId": "azuresentinel.azure-sentinel-solution-azureactivedirectoryip"
                },
                "author": {
                  "name": "Microsoft",
                  "email": "support@microsoft.com"
                },
                "support": {
                  "tier": "Microsoft",
                  "name": "Microsoft Corporation",
                  "email": "support@microsoft.com",
                  "link": "https://support.microsoft.com/"
                }
              }
            }
          ]
        }
      }
    }
  ]
}