{
  "$schema": "https://schema.management.azure.com/schemas/2019-04-01/deploymentTemplate.json#",
  "contentVersion": "1.0",
  "parameters": {
    "location": {
      "type": "string",
      "minLength": 1,
      "defaultValue": "[resourceGroup().location]",
      "metadata": {
        "description": "Not used, but needed to pass arm-ttk test `Location-Should-Not-Be-Hardcoded`.  We instead use the `workspace-location` which is derived from the LA workspace"
      }
    },
    "workspace": {
      "defaultValue": "",
      "type": "string",
      "metadata": {
        "description": "Workspace name for Log Analytics where Microsoft Sentinel is setup"
      }
    },
    "workspace-location": {
      "type": "string",
      "defaultValue": "",
      "metadata": {
        "description": "[concat('Region to deploy solution resources -- separate from location selection',parameters('location'))]"
      }
    }
  },
  "resources": [
    {
      "type": "Microsoft.OperationalInsights/workspaces/providers/contentTemplates",
      "name": "[concat(parameters('workspace'),'/Microsoft.SecurityInsights/',concat(concat(parameters('workspace'),'-pl-',uniquestring('Dismiss-AADRisky-Userincident-trigger')),'1.0'))]",
      "location": "[parameters('workspace-location')]",
      "apiVersion": "2022-08-01",
      "dependsOn": [
        "[extensionResourceId(resourceId('Microsoft.OperationalInsights/workspaces', parameters('workspace')), 'Microsoft.SecurityInsights/contentPackages', 'azuresentinel.azure-sentinel-solution-azureactivedirectoryip')]"
      ],
      "properties": {
        "contentId": "Dismiss-AADRisky-Userincident-trigger",
        "displayName": "Dismiss AAD Risky User – Incident Triggered",
        "contentKind": "Playbook",
        "mainTemplate": {
          "resources": [
            {
              "type": "Microsoft.Web/connections",
              "apiVersion": "2016-06-01",
              "name": "[variables('AzureADConnectionName')]",
              "location": "[variables('workspace-location-inline')]",
              "properties": {
                "displayName": "[variables('AzureADConnectionName')]",
                "api": {
                  "id": "[variables('_connection-1')]"
                }
              }
            },
            {
              "type": "Microsoft.Web/connections",
              "apiVersion": "2016-06-01",
              "name": "[variables('AzureADIPConnectionName')]",
              "location": "[variables('workspace-location-inline')]",
              "properties": {
                "displayName": "[variables('AzureADIPConnectionName')]",
                "api": {
                  "id": "[variables('_connection-2')]"
                }
              }
            },
            {
              "type": "Microsoft.Web/connections",
              "apiVersion": "2016-06-01",
              "name": "[variables('AzureSentinelConnectionName')]",
              "location": "[variables('workspace-location-inline')]",
              "kind": "V1",
              "properties": {
                "displayName": "[variables('AzureSentinelConnectionName')]",
                "parameterValueType": "Alternative",
                "api": {
                  "id": "[variables('_connection-3')]"
                }
              }
            },
            {
              "type": "Microsoft.Logic/workflows",
              "apiVersion": "2017-07-01",
              "name": "[parameters('PlaybookName')]",
              "location": "[variables('workspace-location-inline')]",
              "tags": {
                "LogicAppsCategory": "security",
                "hidden-SentinelTemplateName": "Dismiss-AADRiskyUser_incident",
                "hidden-SentinelTemplateVersion": "1.0",
                "hidden-SentinelWorkspaceId": "[resourceId('microsoft.OperationalInsights/Workspaces', parameters('workspace'))]"
              },
              "identity": {
                "type": "SystemAssigned"
              },
              "dependsOn": [
                "[resourceId('Microsoft.Web/connections', variables('AzureADConnectionName'))]",
                "[resourceId('Microsoft.Web/connections', variables('AzureADIPConnectionName'))]",
                "[resourceId('Microsoft.Web/connections', variables('AzureSentinelConnectionName'))]"
              ],
              "properties": {
                "state": "Enabled",
                "definition": {
                  "$schema": "https://schema.management.azure.com/providers/Microsoft.Logic/schemas/2016-06-01/workflowdefinition.json#",
                  "actions": {
                    "Entities_-_Get_Accounts": {
                      "inputs": {
                        "body": "@triggerBody()?['object']?['properties']?['relatedEntities']",
                        "host": {
                          "connection": {
                            "name": "@parameters('$connections')['azuresentinel']['connectionId']"
                          }
                        },
                        "method": "post",
                        "path": "/entities/account"
                      },
                      "type": "ApiConnection"
                    },
                    "For_each": {
                      "actions": {
                        "Add_comment_to_incident_(V3)": {
                          "inputs": {
                            "body": {
                              "incidentArmId": "@triggerBody()?['object']?['id']",
                              "message": "<p>User [@{concat(items('For_each')?['Name'], '@', items('For_each')?['UPNSuffix'])}] was dismissed as a risky user via playbook.</p>"
                            },
                            "host": {
                              "connection": {
                                "name": "@parameters('$connections')['azuresentinel']['connectionId']"
                              }
                            },
                            "method": "post",
                            "path": "/Incidents/Comment"
                          },
                          "runAfter": {
                            "Dismiss_a_risky_user": [
                              "Succeeded"
                            ]
                          },
                          "type": "ApiConnection"
                        },
                        "Dismiss_a_risky_user": {
                          "inputs": {
                            "body": {
                              "userIds": [
                                "@items('For_each')?['AadUserId']"
                              ]
                            },
                            "host": {
                              "connection": {
                                "name": "@parameters('$connections')['azureadip']['connectionId']"
                              }
                            },
                            "method": "post",
                            "path": "/beta/riskyUsers/dismiss"
                          },
                          "runAfter": {
                            "Get_user": [
                              "Succeeded"
                            ]
                          },
                          "type": "ApiConnection"
                        },
                        "Get_user": {
                          "inputs": {
                            "host": {
                              "connection": {
                                "name": "@parameters('$connections')['azuread']['connectionId']"
                              }
                            },
                            "method": "get",
                            "path": "/v1.0/users/@{encodeURIComponent(concat(items('For_each')?['Name'], '@', items('For_each')?['UPNSuffix']))}"
                          },
                          "type": "ApiConnection"
                        }
                      },
                      "foreach": "@body('Entities_-_Get_Accounts')?['Accounts']",
                      "runAfter": {
                        "Entities_-_Get_Accounts": [
                          "Succeeded"
                        ]
                      },
                      "type": "Foreach"
                    }
                  },
                  "contentVersion": "1.0.0.0",
                  "parameters": {
                    "$connections": {
                      "type": "Object"
                    }
                  },
                  "triggers": {
                    "Microsoft_Sentinel_incident": {
                      "inputs": {
                        "body": {
                          "callback_url": "@{listCallbackUrl()}"
                        },
                        "host": {
                          "connection": {
                            "name": "@parameters('$connections')['azuresentinel']['connectionId']"
                          }
                        },
                        "path": "/incident-creation"
                      },
                      "type": "ApiConnectionWebhook"
                    }
                  }
                },
                "parameters": {
                  "$connections": {
                    "value": {
                      "azuread": {
                        "connectionId": "[resourceId('Microsoft.Web/connections', variables('AzureADConnectionName'))]",
                        "connectionName": "[variables('AzureADConnectionName')]",
                        "id": "[concat('/subscriptions/', subscription().subscriptionId, '/providers/Microsoft.Web/locations/', variables('workspace-location-inline'), '/managedApis/azuread')]"
                      },
                      "azureadip": {
                        "connectionId": "[resourceId('Microsoft.Web/connections', variables('AzureADIPConnectionName'))]",
                        "connectionName": "[variables('AzureADIPConnectionName')]",
                        "id": "[concat('/subscriptions/', subscription().subscriptionId, '/providers/Microsoft.Web/locations/', variables('workspace-location-inline'), '/managedApis/azureadip')]"
                      },
                      "azuresentinel": {
                        "connectionId": "[resourceId('Microsoft.Web/connections', variables('AzureSentinelConnectionName'))]",
                        "connectionName": "[variables('AzureSentinelConnectionName')]",
                        "id": "[concat('/subscriptions/', subscription().subscriptionId, '/providers/Microsoft.Web/locations/', variables('workspace-location-inline'), '/managedApis/azuresentinel')]",
                        "connectionProperties": {
                          "authentication": {
                            "type": "ManagedServiceIdentity"
                          }
                        }
                      }
                    }
                  }
                }
              }
            },
            {
              "type": "Microsoft.OperationalInsights/workspaces/providers/metadata",
              "apiVersion": "2022-01-01-preview",
              "name": "[concat(parameters('workspace'),'/Microsoft.SecurityInsights/',concat('Playbook-', last(split(resourceId('Microsoft.Logic/workflows', 'Dismiss-AADRisky-Userincident-trigger'),'/'))))]",
              "properties": {
                "parentId": "[resourceId('Microsoft.Logic/workflows', 'Dismiss-AADRisky-Userincident-trigger')]",
                "contentId": "Dismiss-AADRisky-Userincident-trigger",
                "kind": "Playbook",
                "version": "1.0",
                "source": {
                  "kind": "Solution",
                  "name": "Azure Active Directory Identity Protection",
                  "sourceId": "azuresentinel.azure-sentinel-solution-azureactivedirectoryip"
                },
                "author": {
                  "name": "Microsoft",
                  "email": "support@microsoft.com"
                },
                "support": {
                  "tier": "Microsoft",
                  "name": "Microsoft Corporation",
                  "email": "support@microsoft.com",
                  "link": "https://support.microsoft.com/"
                }
              }
            }
          ]
        }
      }
    }
  ]
}