{
  "$schema": "https://schema.management.azure.com/schemas/2019-04-01/deploymentTemplate.json#",
  "contentVersion": "1.0.0",
  "parameters": {
    "location": {
      "type": "string",
      "minLength": 1,
      "defaultValue": "[resourceGroup().location]",
      "metadata": {
        "description": "Not used, but needed to pass arm-ttk test `Location-Should-Not-Be-Hardcoded`.  We instead use the `workspace-location` which is derived from the LA workspace"
      }
    },
    "workspace": {
      "defaultValue": "",
      "type": "string",
      "metadata": {
        "description": "Workspace name for Log Analytics where Microsoft Sentinel is setup"
      }
    },
    "workspace-location": {
      "type": "string",
      "defaultValue": "",
      "metadata": {
        "description": "[concat('Region to deploy solution resources -- separate from location selection',parameters('location'))]"
      }
    }
  },
  "resources": [
    {
      "type": "Microsoft.OperationalInsights/workspaces/providers/contentTemplates",
      "name": "[concat(parameters('workspace'),'/Microsoft.SecurityInsights/',concat(concat(parameters('workspace'),'-ar-',uniquestring('7cb8f77d-c52f-4e46-b82f-3cf2e106224a')),'1.0.0'))]",
      "location": "[parameters('workspace-location')]",
      "apiVersion": "2022-08-01",
      "dependsOn": [
        "[extensionResourceId(resourceId('Microsoft.OperationalInsights/workspaces', parameters('workspace')), 'Microsoft.SecurityInsights/contentPackages', 'azuresentinel.azure-sentinel-solution-azureactivedirectory')]"
      ],
      "properties": {
        "contentId": "7cb8f77d-c52f-4e46-b82f-3cf2e106224a",
        "displayName": "Anomalous sign-in location by user account and authenticating application",
        "contentKind": "AnalyticsRule",
        "mainTemplate": {
          "resources": [
            {
              "type": "Microsoft.SecurityInsights/AlertRuleTemplates",
              "name": "7cb8f77d-c52f-4e46-b82f-3cf2e106224a",
              "apiVersion": "2022-04-01-preview",
              "kind": "Scheduled",
              "location": "[parameters('workspace-location')]",
              "properties": {
                "description": "This query over Azure Active Directory sign-in considers all user sign-ins for each Azure Active \nDirectory application and picks out the most anomalous change in location profile for a user within an \nindividual application. An alert is generated for recent sign-ins that have location counts that are anomalous\nover last day but also over the last 3-day and 7-day periods.\nPlease note that on workspaces with larger volume of Signin data (~10M+ events a day) may timeout when using this default query time period.\nIt is recommended that you test and tune this appropriately for the workspace.",
                "displayName": "Anomalous sign-in location by user account and authenticating application",
                "enabled": false,
                "query": "\nlet lookBack_long = 7d;\nlet lookBack_med = 3d;\nlet lookBack = 1d;\nlet aadFunc = (tableName:string){\ntable(tableName)\n| where TimeGenerated >= startofday(ago(lookBack_long))\n| extend DeviceDetail = todynamic(DeviceDetail), Status = todynamic(DeviceDetail), LocationDetails = todynamic(LocationDetails)\n| extend locationString = strcat(tostring(LocationDetails.countryOrRegion), \"/\", tostring(LocationDetails.state), \"/\", tostring(LocationDetails.city), \";\") \n| project TimeGenerated, AppDisplayName , UserPrincipalName, locationString \n// Create time series \n| make-series dLocationCount = dcount(locationString) on TimeGenerated in range(startofday(ago(lookBack_long)),now(), 1d) \nby UserPrincipalName, AppDisplayName \n// Compute best fit line for each entry \n| extend (RSquare,Slope,Variance,RVariance,Interception,LineFit)=series_fit_line(dLocationCount) \n// Chart the 3 most interesting lines  \n// A 0-value slope corresponds to an account being completely stable over time for a given Azure Active Directory application\n| where Slope > 0.3\n| top 50 by Slope desc\n| join kind = leftsemi (\ntable(tableName)\n| where TimeGenerated >= startofday(ago(lookBack_med))\n| extend DeviceDetail = todynamic(DeviceDetail), Status = todynamic(DeviceDetail), LocationDetails = todynamic(LocationDetails)\n| extend locationString = strcat(tostring(LocationDetails.countryOrRegion), \"/\", tostring(LocationDetails.state), \"/\", tostring(LocationDetails.city), \";\") \n| project TimeGenerated, AppDisplayName , UserPrincipalName, locationString \n| make-series dLocationCount = dcount(locationString) on TimeGenerated in range(startofday(ago(lookBack_med)) ,now(), 1d) \nby UserPrincipalName, AppDisplayName \n| extend (RSquare,Slope,Variance,RVariance,Interception,LineFit)=series_fit_line(dLocationCount)\n| where Slope > 0.3\n| top 50 by Slope desc\n) on UserPrincipalName, AppDisplayName\n| join kind = leftsemi (\ntable(tableName)\n| where TimeGenerated >= startofday(ago(lookBack))\n| extend DeviceDetail = todynamic(DeviceDetail), Status = todynamic(DeviceDetail), LocationDetails = todynamic(LocationDetails)\n| extend locationString = strcat(tostring(LocationDetails.countryOrRegion), \"/\", tostring(LocationDetails.state), \"/\", tostring(LocationDetails.city), \";\") \n| project TimeGenerated, AppDisplayName , UserPrincipalName, locationString \n| make-series dLocationCount = dcount(locationString) on TimeGenerated in range(startofday(ago(lookBack)) ,now(), 1d) \nby UserPrincipalName, AppDisplayName \n| extend (RSquare,Slope,Variance,RVariance,Interception,LineFit)=series_fit_line(dLocationCount)\n| where Slope > 5\n| top 50 by Slope desc\n// Higher threshold requirement on last day anomaly\n) on UserPrincipalName, AppDisplayName\n| extend timestamp = TimeGenerated, AccountCustomEntity = UserPrincipalName\n};\nlet aadSignin = aadFunc(\"SigninLogs\");\nlet aadNonInt = aadFunc(\"AADNonInteractiveUserSignInLogs\");\nunion isfuzzy=true aadSignin, aadNonInt\n",
                "queryFrequency": "P1D",
                "queryPeriod": "P14D",
                "severity": "Medium",
                "suppressionDuration": "PT1H",
                "suppressionEnabled": false,
                "triggerOperator": "GreaterThan",
                "triggerThreshold": 0,
                "status": "Available",
                "requiredDataConnectors": [
                  {
                    "dataTypes": [
                      "SigninLogs"
                    ],
                    "connectorId": "AzureActiveDirectory"
                  },
                  {
                    "dataTypes": [
                      "AADNonInteractiveUserSignInLogs"
                    ],
                    "connectorId": "AzureActiveDirectory"
                  }
                ],
                "tactics": [
                  "InitialAccess"
                ],
                "entityMappings": [
                  {
                    "fieldMappings": [
                      {
                        "identifier": "FullName",
                        "columnName": "AccountCustomEntity"
                      }
                    ],
                    "entityType": "Account"
                  }
                ]
              }
            },
            {
              "type": "Microsoft.OperationalInsights/workspaces/providers/metadata",
              "apiVersion": "2022-01-01-preview",
              "name": "[concat(parameters('workspace'),'/Microsoft.SecurityInsights/',concat('AnalyticsRule-', last(split(resourceId('Microsoft.SecurityInsights/AlertRuleTemplates', '7cb8f77d-c52f-4e46-b82f-3cf2e106224a'),'/'))))]",
              "properties": {
                "description": "Azure Active Directory Analytics Rule 6",
                "parentId": "[resourceId('Microsoft.SecurityInsights/AlertRuleTemplates', '7cb8f77d-c52f-4e46-b82f-3cf2e106224a')]",
                "contentId": "7cb8f77d-c52f-4e46-b82f-3cf2e106224a",
                "kind": "AnalyticsRule",
                "version": "1.0.0",
                "source": {
                  "kind": "Solution",
                  "name": "Azure Active Directory",
                  "sourceId": "azuresentinel.azure-sentinel-solution-azureactivedirectory"
                },
                "author": {
                  "name": "Microsoft",
                  "email": "support@microsoft.com"
                },
                "support": {
                  "tier": "Microsoft",
                  "name": "Microsoft Corporation",
                  "email": "support@microsoft.com",
                  "link": "https://support.microsoft.com/"
                }
              }
            }
          ]
        }
      }
    }
  ]
}