{
  "$schema": "https://schema.management.azure.com/schemas/2019-04-01/deploymentTemplate.json#",
  "contentVersion": "1.0.0",
  "parameters": {
    "location": {
      "type": "string",
      "minLength": 1,
      "defaultValue": "[resourceGroup().location]",
      "metadata": {
        "description": "Not used, but needed to pass arm-ttk test `Location-Should-Not-Be-Hardcoded`.  We instead use the `workspace-location` which is derived from the LA workspace"
      }
    },
    "workspace": {
      "defaultValue": "",
      "type": "string",
      "metadata": {
        "description": "Workspace name for Log Analytics where Microsoft Sentinel is setup"
      }
    },
    "workspace-location": {
      "type": "string",
      "defaultValue": "",
      "metadata": {
        "description": "[concat('Region to deploy solution resources -- separate from location selection',parameters('location'))]"
      }
    }
  },
  "resources": [
    {
      "type": "Microsoft.OperationalInsights/workspaces/providers/contentTemplates",
      "name": "[concat(parameters('workspace'),'/Microsoft.SecurityInsights/',concat(concat(parameters('workspace'),'-ar-',uniquestring('8540c842-5bbc-4a24-9fb2-a836c0e55a51')),'1.0.0'))]",
      "location": "[parameters('workspace-location')]",
      "apiVersion": "2022-08-01",
      "dependsOn": [
        "[extensionResourceId(resourceId('Microsoft.OperationalInsights/workspaces', parameters('workspace')), 'Microsoft.SecurityInsights/contentPackages', 'azuresentinel.azure-sentinel-solution-azureactivedirectory')]"
      ],
      "properties": {
        "contentId": "8540c842-5bbc-4a24-9fb2-a836c0e55a51",
        "displayName": "NRT Modified domain federation trust settings",
        "contentKind": "AnalyticsRule",
        "mainTemplate": {
          "resources": [
            {
              "type": "Microsoft.SecurityInsights/AlertRuleTemplates",
              "name": "8540c842-5bbc-4a24-9fb2-a836c0e55a51",
              "apiVersion": "2022-04-01-preview",
              "kind": "NRT",
              "location": "[parameters('workspace-location')]",
              "properties": {
                "description": "This will alert when a user or application modifies the federation settings on the domain or Update domain authentication from Managed to Federated.\nFor example, this alert will trigger when a new Active Directory Federated Service (ADFS) TrustedRealm object, such as a signing certificate, is added to the domain.\nModification to domain federation settings should be rare. Confirm the added or modified target domain/URL is legitimate administrator behavior.\nTo understand why an authorized user may update settings for a federated domain in Office 365, Azure, or Intune, see: https://docs.microsoft.com/office365/troubleshoot/active-directory/update-federated-domain-office-365.\nFor details on security realms that accept security tokens, see the ADFS Proxy Protocol (MS-ADFSPP) specification: https://docs.microsoft.com/openspecs/windows_protocols/ms-adfspp/e7b9ea73-1980-4318-96a6-da559486664b.\nFor further information on AuditLogs please see https://docs.microsoft.com/azure/active-directory/reports-monitoring/reference-audit-activities.",
                "displayName": "NRT Modified domain federation trust settings",
                "enabled": false,
                "query": "AuditLogs\n| where OperationName =~ \"Set federation settings on domain\" or OperationName =~ \"Set domain authentication\"\n//| where Result =~ \"success\"   // commenting out, as it may be interesting to capture failed attempts\n| mv-expand TargetResources\n| extend modifiedProperties = parse_json(TargetResources).modifiedProperties\n| mv-expand modifiedProperties\n| extend targetDisplayName = tostring(parse_json(modifiedProperties).displayName), NewDomainValue=tostring(parse_json(modifiedProperties).newValue)\n| extend Federated = iif(OperationName =~ \"Set domain authentication\", iif(NewDomainValue has \"Federated\", True, False), True)\n| where Federated == True\n| mv-expand AdditionalDetails\n| extend UserAgent = iff(AdditionalDetails.key == \"User-Agent\",tostring(AdditionalDetails.value),\"\")\n| extend InitiatingUserOrApp = iff(isnotempty(InitiatedBy.user.userPrincipalName),tostring(InitiatedBy.user.userPrincipalName), tostring(InitiatedBy.app.displayName))\n| extend InitiatingIpAddress = iff(isnotempty(InitiatedBy.user.ipAddress), tostring(InitiatedBy.user.ipAddress), tostring(InitiatedBy.app.ipAddress))\n| project-reorder TimeGenerated, OperationName, InitiatingUserOrApp, AADOperationType, targetDisplayName, Result, InitiatingIpAddress, UserAgent, CorrelationId, TenantId, AADTenantId\n",
                "severity": "High",
                "suppressionDuration": "PT1H",
                "suppressionEnabled": false,
                "status": "Available",
                "requiredDataConnectors": [
                  {
                    "dataTypes": [
                      "AuditLogs"
                    ],
                    "connectorId": "AzureActiveDirectory"
                  }
                ],
                "tactics": [
                  "CredentialAccess"
                ],
                "entityMappings": [
                  {
                    "fieldMappings": [
                      {
                        "identifier": "FullName",
                        "columnName": "InitiatingUserOrApp"
                      }
                    ],
                    "entityType": "Account"
                  },
                  {
                    "fieldMappings": [
                      {
                        "identifier": "Address",
                        "columnName": "InitiatingIpAddress"
                      }
                    ],
                    "entityType": "IP"
                  }
                ]
              }
            },
            {
              "type": "Microsoft.OperationalInsights/workspaces/providers/metadata",
              "apiVersion": "2022-01-01-preview",
              "name": "[concat(parameters('workspace'),'/Microsoft.SecurityInsights/',concat('AnalyticsRule-', last(split(resourceId('Microsoft.SecurityInsights/AlertRuleTemplates', '8540c842-5bbc-4a24-9fb2-a836c0e55a51'),'/'))))]",
              "properties": {
                "description": "Azure Active Directory Analytics Rule 27",
                "parentId": "[resourceId('Microsoft.SecurityInsights/AlertRuleTemplates', '8540c842-5bbc-4a24-9fb2-a836c0e55a51')]",
                "contentId": "8540c842-5bbc-4a24-9fb2-a836c0e55a51",
                "kind": "AnalyticsRule",
                "version": "1.0.0",
                "source": {
                  "kind": "Solution",
                  "name": "Azure Active Directory",
                  "sourceId": "azuresentinel.azure-sentinel-solution-azureactivedirectory"
                },
                "author": {
                  "name": "Microsoft",
                  "email": "support@microsoft.com"
                },
                "support": {
                  "tier": "Microsoft",
                  "name": "Microsoft Corporation",
                  "email": "support@microsoft.com",
                  "link": "https://support.microsoft.com/"
                }
              }
            }
          ]
        }
      }
    }
  ]
}