{
  "$schema": "https://schema.management.azure.com/schemas/2019-04-01/deploymentTemplate.json#",
  "contentVersion": "1.3.0",
  "parameters": {
    "location": {
      "type": "string",
      "minLength": 1,
      "defaultValue": "[resourceGroup().location]",
      "metadata": {
        "description": "Not used, but needed to pass arm-ttk test `Location-Should-Not-Be-Hardcoded`.  We instead use the `workspace-location` which is derived from the LA workspace"
      }
    },
    "workspace": {
      "defaultValue": "",
      "type": "string",
      "metadata": {
        "description": "Workspace name for Log Analytics where Microsoft Sentinel is setup"
      }
    },
    "workspace-location": {
      "type": "string",
      "defaultValue": "",
      "metadata": {
        "description": "[concat('Region to deploy solution resources -- separate from location selection',parameters('location'))]"
      }
    }
  },
  "resources": [
    {
      "type": "Microsoft.OperationalInsights/workspaces/providers/contentTemplates",
      "name": "[concat(parameters('workspace'),'/Microsoft.SecurityInsights/',concat(concat(parameters('workspace'),'-ar-',uniquestring('87210ca1-49a4-4a7d-bb4a-4988752f978c')),'1.3.0'))]",
      "location": "[parameters('workspace-location')]",
      "apiVersion": "2022-08-01",
      "dependsOn": [
        "[extensionResourceId(resourceId('Microsoft.OperationalInsights/workspaces', parameters('workspace')), 'Microsoft.SecurityInsights/contentPackages', 'azuresentinel.azure-sentinel-solution-azureactivedirectory')]"
      ],
      "properties": {
        "contentId": "87210ca1-49a4-4a7d-bb4a-4988752f978c",
        "displayName": "Azure Portal Signin from another Azure Tenant",
        "contentKind": "AnalyticsRule",
        "mainTemplate": {
          "resources": [
            {
              "type": "Microsoft.SecurityInsights/AlertRuleTemplates",
              "name": "87210ca1-49a4-4a7d-bb4a-4988752f978c",
              "apiVersion": "2022-04-01-preview",
              "kind": "Scheduled",
              "location": "[parameters('workspace-location')]",
              "properties": {
                "description": "This query looks for sign in attempts to the Azure Portal where the user who is signing in from another Azure tenant,\n and the IP address the login attempt is from is an Azure IP. A threat actor who compromises an Azure tenant may look\n to pivot to other tenants leveraging cross-tenant delegated access in this manner.",
                "displayName": "Azure Portal Signin from another Azure Tenant",
                "enabled": false,
                "query": "// Get details of current Azure Ranges (note this URL updates regularly so will need to be manually updated over time)\n// You may find the name of the new JSON here: https://www.microsoft.com/download/details.aspx?id=56519\n// On the downloads page, click the 'details' button, and then replace just the filename in the URL below\nlet azure_ranges = externaldata(changeNumber: string, cloud: string, values: dynamic)\n[\"https://download.microsoft.com/download/7/1/D/71D86715-5596-4529-9B13-DA13A5DE5B63/ServiceTags_Public_20221205.json\"]\nwith(format='multijson')\n| mv-expand values\n| mv-expand values.properties.addressPrefixes\n| mv-expand values_properties_addressPrefixes\n| summarize by tostring(values_properties_addressPrefixes);\nSigninLogs\n// Limiting to Azure Portal really reduces false positives and helps focus on potential admin activity\n| where AppDisplayName =~ \"Azure Portal\"\n// Only get logons where the IP address is in an Azure range\n| evaluate ipv4_lookup(azure_ranges, IPAddress, values_properties_addressPrefixes)\n// Limit to where the user is external to the tenant\n| where HomeTenantId != ResourceTenantId\n// Further limit it to just access to the current tenant (you can drop this if you wanted to look elsewhere as well but it helps reduce FPs)\n| where ResourceTenantId == AADTenantId\n| summarize FirstSeen = min(TimeGenerated), LastSeen = max(TimeGenerated), make_set(ResourceDisplayName) by UserPrincipalName, IPAddress, UserAgent, Location, HomeTenantId, ResourceTenantId\n| extend AccountCustomEntity = UserPrincipalName, IPCustomEntity = IPAddress\n",
                "queryFrequency": "PT1H",
                "queryPeriod": "PT1H",
                "severity": "Medium",
                "suppressionDuration": "PT1H",
                "suppressionEnabled": false,
                "triggerOperator": "GreaterThan",
                "triggerThreshold": 0,
                "status": "Available",
                "requiredDataConnectors": [
                  {
                    "dataTypes": [
                      "SigninLogs"
                    ],
                    "connectorId": "AzureActiveDirectory"
                  }
                ],
                "tactics": [
                  "InitialAccess"
                ],
                "entityMappings": [
                  {
                    "fieldMappings": [
                      {
                        "identifier": "FullName",
                        "columnName": "AccountCustomEntity"
                      }
                    ],
                    "entityType": "Account"
                  },
                  {
                    "fieldMappings": [
                      {
                        "identifier": "Address",
                        "columnName": "IPCustomEntity"
                      }
                    ],
                    "entityType": "IP"
                  }
                ]
              }
            },
            {
              "type": "Microsoft.OperationalInsights/workspaces/providers/metadata",
              "apiVersion": "2022-01-01-preview",
              "name": "[concat(parameters('workspace'),'/Microsoft.SecurityInsights/',concat('AnalyticsRule-', last(split(resourceId('Microsoft.SecurityInsights/AlertRuleTemplates', '87210ca1-49a4-4a7d-bb4a-4988752f978c'),'/'))))]",
              "properties": {
                "description": "Azure Active Directory Analytics Rule 10",
                "parentId": "[resourceId('Microsoft.SecurityInsights/AlertRuleTemplates', '87210ca1-49a4-4a7d-bb4a-4988752f978c')]",
                "contentId": "87210ca1-49a4-4a7d-bb4a-4988752f978c",
                "kind": "AnalyticsRule",
                "version": "1.3.0",
                "source": {
                  "kind": "Solution",
                  "name": "Azure Active Directory",
                  "sourceId": "azuresentinel.azure-sentinel-solution-azureactivedirectory"
                },
                "author": {
                  "name": "Microsoft",
                  "email": "support@microsoft.com"
                },
                "support": {
                  "tier": "Microsoft",
                  "name": "Microsoft Corporation",
                  "email": "support@microsoft.com",
                  "link": "https://support.microsoft.com/"
                }
              }
            }
          ]
        }
      }
    }
  ]
}