{
  "$schema": "https://schema.management.azure.com/schemas/2019-04-01/deploymentTemplate.json#",
  "contentVersion": "1.0.0",
  "parameters": {
    "location": {
      "type": "string",
      "minLength": 1,
      "defaultValue": "[resourceGroup().location]",
      "metadata": {
        "description": "Not used, but needed to pass arm-ttk test `Location-Should-Not-Be-Hardcoded`.  We instead use the `workspace-location` which is derived from the LA workspace"
      }
    },
    "workspace": {
      "defaultValue": "",
      "type": "string",
      "metadata": {
        "description": "Workspace name for Log Analytics where Microsoft Sentinel is setup"
      }
    },
    "workspace-location": {
      "type": "string",
      "defaultValue": "",
      "metadata": {
        "description": "[concat('Region to deploy solution resources -- separate from location selection',parameters('location'))]"
      }
    }
  },
  "resources": [
    {
      "type": "Microsoft.OperationalInsights/workspaces/providers/contentTemplates",
      "name": "[concat(parameters('workspace'),'/Microsoft.SecurityInsights/',concat(concat(parameters('workspace'),'-ar-',uniquestring('e42e889a-caaf-4dbb-aec6-371b37d64298')),'1.0.0'))]",
      "location": "[parameters('workspace-location')]",
      "apiVersion": "2022-08-01",
      "dependsOn": [
        "[extensionResourceId(resourceId('Microsoft.OperationalInsights/workspaces', parameters('workspace')), 'Microsoft.SecurityInsights/contentPackages', 'azuresentinel.azure-sentinel-solution-azureactivedirectory')]"
      ],
      "properties": {
        "contentId": "e42e889a-caaf-4dbb-aec6-371b37d64298",
        "displayName": "NRT New access credential added to Application or Service Principal",
        "contentKind": "AnalyticsRule",
        "mainTemplate": {
          "resources": [
            {
              "type": "Microsoft.SecurityInsights/AlertRuleTemplates",
              "name": "e42e889a-caaf-4dbb-aec6-371b37d64298",
              "apiVersion": "2022-04-01-preview",
              "kind": "NRT",
              "location": "[parameters('workspace-location')]",
              "properties": {
                "description": "This will alert when an admin or app owner account adds a new credential to an Application or Service Principal where a verify KeyCredential was already present for the app.\nIf a threat actor obtains access to an account with sufficient privileges and adds the alternate authentication material triggering this event, the threat actor can now authenticate as the Application or Service Principal using this credential.\nAdditional information on OAuth Credential Grants can be found in RFC 6749 Section 4.4 or https://docs.microsoft.com/azure/active-directory/develop/v2-oauth2-client-creds-grant-flow\nFor further information on AuditLogs please see https://docs.microsoft.com/azure/active-directory/reports-monitoring/reference-audit-activities.",
                "displayName": "NRT New access credential added to Application or Service Principal",
                "enabled": false,
                "query": "AuditLogs\n| where OperationName has_any (\"Add service principal\", \"Certificates and secrets management\")\n| where Result =~ \"success\"\n| mv-expand target = TargetResources\n| where tostring(InitiatedBy.user.userPrincipalName) has \"@\" or tostring(InitiatedBy.app.displayName) has \"@\"\n| extend targetDisplayName = tostring(TargetResources[0].displayName)\n| extend targetId = tostring(TargetResources[0].id)\n| extend targetType = tostring(TargetResources[0].type)\n| extend keyEvents = TargetResources[0].modifiedProperties\n| mv-expand keyEvents\n| where keyEvents.displayName =~ \"KeyDescription\"\n| extend new_value_set = parse_json(tostring(keyEvents.newValue))\n| extend old_value_set = parse_json(tostring(keyEvents.oldValue))\n| where old_value_set != \"[]\"\n| extend diff = set_difference(new_value_set, old_value_set)\n| where isnotempty(diff)\n| parse diff with * \"KeyIdentifier=\" keyIdentifier:string \",KeyType=\" keyType:string \",KeyUsage=\" keyUsage:string \",DisplayName=\" keyDisplayName:string \"]\" *\n| where keyUsage == \"Verify\"  or keyUsage == \"\"\n| extend UserAgent = iff(AdditionalDetails[0].key == \"User-Agent\",tostring(AdditionalDetails[0].value),\"\")\n| extend InitiatingUserOrApp = iff(isnotempty(InitiatedBy.user.userPrincipalName),tostring(InitiatedBy.user.userPrincipalName), tostring(InitiatedBy.app.displayName))\n| extend InitiatingIpAddress = iff(isnotempty(InitiatedBy.user.ipAddress), tostring(InitiatedBy.user.ipAddress), tostring(InitiatedBy.app.ipAddress))\n// The below line is currently commented out but Microsoft Sentinel users can modify this query to show only Application or only Service Principal events in their environment\n//| where targetType =~ \"Application\" // or targetType =~ \"ServicePrincipal\"\n| project-away diff, new_value_set, old_value_set\n| project-reorder TimeGenerated, OperationName, InitiatingUserOrApp, InitiatingIpAddress, UserAgent, targetDisplayName, targetId, targetType, keyDisplayName, keyType, keyUsage, keyIdentifier, CorrelationId, TenantId\n",
                "severity": "Medium",
                "suppressionDuration": "PT1H",
                "suppressionEnabled": false,
                "status": "Available",
                "requiredDataConnectors": [
                  {
                    "dataTypes": [
                      "AuditLogs"
                    ],
                    "connectorId": "AzureActiveDirectory"
                  }
                ],
                "tactics": [
                  "DefenseEvasion"
                ],
                "entityMappings": [
                  {
                    "fieldMappings": [
                      {
                        "identifier": "FullName",
                        "columnName": "InitiatingUserOrApp"
                      }
                    ],
                    "entityType": "Account"
                  },
                  {
                    "fieldMappings": [
                      {
                        "identifier": "Address",
                        "columnName": "InitiatingIpAddress"
                      }
                    ],
                    "entityType": "IP"
                  }
                ]
              }
            },
            {
              "type": "Microsoft.OperationalInsights/workspaces/providers/metadata",
              "apiVersion": "2022-01-01-preview",
              "name": "[concat(parameters('workspace'),'/Microsoft.SecurityInsights/',concat('AnalyticsRule-', last(split(resourceId('Microsoft.SecurityInsights/AlertRuleTemplates', 'e42e889a-caaf-4dbb-aec6-371b37d64298'),'/'))))]",
              "properties": {
                "description": "Azure Active Directory Analytics Rule 29",
                "parentId": "[resourceId('Microsoft.SecurityInsights/AlertRuleTemplates', 'e42e889a-caaf-4dbb-aec6-371b37d64298')]",
                "contentId": "e42e889a-caaf-4dbb-aec6-371b37d64298",
                "kind": "AnalyticsRule",
                "version": "1.0.0",
                "source": {
                  "kind": "Solution",
                  "name": "Azure Active Directory",
                  "sourceId": "azuresentinel.azure-sentinel-solution-azureactivedirectory"
                },
                "author": {
                  "name": "Microsoft",
                  "email": "support@microsoft.com"
                },
                "support": {
                  "tier": "Microsoft",
                  "name": "Microsoft Corporation",
                  "email": "support@microsoft.com",
                  "link": "https://support.microsoft.com/"
                }
              }
            }
          ]
        }
      }
    }
  ]
}