{
  "$schema": "https://schema.management.azure.com/schemas/2019-04-01/deploymentTemplate.json#",
  "contentVersion": "1.0.1",
  "parameters": {
    "location": {
      "type": "string",
      "minLength": 1,
      "defaultValue": "[resourceGroup().location]",
      "metadata": {
        "description": "Not used, but needed to pass arm-ttk test `Location-Should-Not-Be-Hardcoded`.  We instead use the `workspace-location` which is derived from the LA workspace"
      }
    },
    "workspace": {
      "defaultValue": "",
      "type": "string",
      "metadata": {
        "description": "Workspace name for Log Analytics where Microsoft Sentinel is setup"
      }
    },
    "workspace-location": {
      "type": "string",
      "defaultValue": "",
      "metadata": {
        "description": "[concat('Region to deploy solution resources -- separate from location selection',parameters('location'))]"
      }
    }
  },
  "resources": [
    {
      "type": "Microsoft.OperationalInsights/workspaces/providers/contentTemplates",
      "name": "[concat(parameters('workspace'),'/Microsoft.SecurityInsights/',concat(concat(parameters('workspace'),'-ar-',uniquestring('50574fac-f8d1-4395-81c7-78a463ff0c52')),'1.0.1'))]",
      "location": "[parameters('workspace-location')]",
      "apiVersion": "2022-08-01",
      "dependsOn": [
        "[extensionResourceId(resourceId('Microsoft.OperationalInsights/workspaces', parameters('workspace')), 'Microsoft.SecurityInsights/contentPackages', 'azuresentinel.azure-sentinel-solution-azureactivedirectory')]"
      ],
      "properties": {
        "contentId": "50574fac-f8d1-4395-81c7-78a463ff0c52",
        "displayName": "Azure Active Directory PowerShell accessing non-AAD resources",
        "contentKind": "AnalyticsRule",
        "mainTemplate": {
          "resources": [
            {
              "type": "Microsoft.SecurityInsights/AlertRuleTemplates",
              "name": "50574fac-f8d1-4395-81c7-78a463ff0c52",
              "apiVersion": "2022-04-01-preview",
              "kind": "Scheduled",
              "location": "[parameters('workspace-location')]",
              "properties": {
                "description": "This will alert when a user or application signs in using Azure Active Directory PowerShell to access non-Active Directory resources, such as the Azure Key Vault, which may be undesired or unauthorized behavior.\nFor capabilities and expected behavior of the Azure Active Directory PowerShell module, see: https://docs.microsoft.com/powershell/module/azuread/?view=azureadps-2.0.\nFor further information on Azure Active Directory Signin activity reports, see: https://docs.microsoft.com/azure/active-directory/reports-monitoring/concept-sign-ins.",
                "displayName": "Azure Active Directory PowerShell accessing non-AAD resources",
                "enabled": false,
                "query": "let aadFunc = (tableName:string){\ntable(tableName)\n| where AppId =~ \"1b730954-1685-4b74-9bfd-dac224a7b894\" // AppDisplayName IS Azure Active Directory PowerShell\n| where TokenIssuerType =~ \"AzureAD\"\n| where ResourceIdentity !in (\"00000002-0000-0000-c000-000000000000\", \"00000003-0000-0000-c000-000000000000\") // ResourceDisplayName IS NOT Windows Azure Active Directory OR Microsoft Graph\n| extend Status = todynamic(Status)\n| where Status.errorCode == 0 // Success\n| project-reorder IPAddress, UserAgent, ResourceDisplayName, UserDisplayName, UserId, UserPrincipalName, Type\n| order by TimeGenerated desc\n// New entity mapping\n| extend timestamp = TimeGenerated, AccountCustomEntity = UserPrincipalName, IPCustomEntity = IPAddress\n};\nlet aadSignin = aadFunc(\"SigninLogs\");\nlet aadNonInt = aadFunc(\"AADNonInteractiveUserSignInLogs\");\nunion isfuzzy=true aadSignin, aadNonInt\n",
                "queryFrequency": "PT1H",
                "queryPeriod": "PT1H",
                "severity": "Low",
                "suppressionDuration": "PT1H",
                "suppressionEnabled": false,
                "triggerOperator": "GreaterThan",
                "triggerThreshold": 0,
                "status": "Available",
                "requiredDataConnectors": [
                  {
                    "dataTypes": [
                      "SigninLogs"
                    ],
                    "connectorId": "AzureActiveDirectory"
                  },
                  {
                    "dataTypes": [
                      "AADNonInteractiveUserSignInLogs"
                    ],
                    "connectorId": "AzureActiveDirectory"
                  }
                ],
                "tactics": [
                  "InitialAccess"
                ],
                "entityMappings": [
                  {
                    "fieldMappings": [
                      {
                        "identifier": "FullName",
                        "columnName": "AccountCustomEntity"
                      }
                    ],
                    "entityType": "Account"
                  },
                  {
                    "fieldMappings": [
                      {
                        "identifier": "Address",
                        "columnName": "IPCustomEntity"
                      }
                    ],
                    "entityType": "IP"
                  }
                ]
              }
            },
            {
              "type": "Microsoft.OperationalInsights/workspaces/providers/metadata",
              "apiVersion": "2022-01-01-preview",
              "name": "[concat(parameters('workspace'),'/Microsoft.SecurityInsights/',concat('AnalyticsRule-', last(split(resourceId('Microsoft.SecurityInsights/AlertRuleTemplates', '50574fac-f8d1-4395-81c7-78a463ff0c52'),'/'))))]",
              "properties": {
                "description": "Azure Active Directory Analytics Rule 8",
                "parentId": "[resourceId('Microsoft.SecurityInsights/AlertRuleTemplates', '50574fac-f8d1-4395-81c7-78a463ff0c52')]",
                "contentId": "50574fac-f8d1-4395-81c7-78a463ff0c52",
                "kind": "AnalyticsRule",
                "version": "1.0.1",
                "source": {
                  "kind": "Solution",
                  "name": "Azure Active Directory",
                  "sourceId": "azuresentinel.azure-sentinel-solution-azureactivedirectory"
                },
                "author": {
                  "name": "Microsoft",
                  "email": "support@microsoft.com"
                },
                "support": {
                  "tier": "Microsoft",
                  "name": "Microsoft Corporation",
                  "email": "support@microsoft.com",
                  "link": "https://support.microsoft.com/"
                }
              }
            }
          ]
        }
      }
    }
  ]
}