{
  "$schema": "https://schema.management.azure.com/schemas/2019-04-01/deploymentTemplate.json#",
  "contentVersion": "1.0.2",
  "parameters": {
    "location": {
      "type": "string",
      "minLength": 1,
      "defaultValue": "[resourceGroup().location]",
      "metadata": {
        "description": "Not used, but needed to pass arm-ttk test `Location-Should-Not-Be-Hardcoded`.  We instead use the `workspace-location` which is derived from the LA workspace"
      }
    },
    "workspace": {
      "defaultValue": "",
      "type": "string",
      "metadata": {
        "description": "Workspace name for Log Analytics where Microsoft Sentinel is setup"
      }
    },
    "workspace-location": {
      "type": "string",
      "defaultValue": "",
      "metadata": {
        "description": "[concat('Region to deploy solution resources -- separate from location selection',parameters('location'))]"
      }
    }
  },
  "resources": [
    {
      "type": "Microsoft.OperationalInsights/workspaces/providers/contentTemplates",
      "name": "[concat(parameters('workspace'),'/Microsoft.SecurityInsights/',concat(concat(parameters('workspace'),'-ar-',uniquestring('7d7e20f8-3384-4b71-811c-f5e950e8306c')),'1.0.2'))]",
      "location": "[parameters('workspace-location')]",
      "apiVersion": "2022-08-01",
      "dependsOn": [
        "[extensionResourceId(resourceId('Microsoft.OperationalInsights/workspaces', parameters('workspace')), 'Microsoft.SecurityInsights/contentPackages', 'azuresentinel.azure-sentinel-solution-azureactivedirectory')]"
      ],
      "properties": {
        "contentId": "7d7e20f8-3384-4b71-811c-f5e950e8306c",
        "displayName": "PIM Elevation Request Rejected",
        "contentKind": "AnalyticsRule",
        "mainTemplate": {
          "resources": [
            {
              "type": "Microsoft.SecurityInsights/AlertRuleTemplates",
              "name": "7d7e20f8-3384-4b71-811c-f5e950e8306c",
              "apiVersion": "2022-04-01-preview",
              "kind": "Scheduled",
              "location": "[parameters('workspace-location')]",
              "properties": {
                "description": "Identifies when a user is rejected for a privileged role elevation via PIM. Monitor rejections for indicators of attacker compromise of the requesting account.\nRef : https://docs.microsoft.com/azure/active-directory/fundamentals/security-operations-privileged-identity-management",
                "displayName": "PIM Elevation Request Rejected",
                "enabled": false,
                "query": "AuditLogs\n| where ActivityDisplayName =~'Add member to role completed (PIM activation)'\n| where Result == \"failure\"\n| extend Role = tostring(TargetResources[3].displayName)\n| extend User = tostring(TargetResources[2].displayName)\n| project-reorder TimeGenerated, User, Role, OperationName, Result, ResultDescription\n| extend InitiatingUser = tostring(parse_json(tostring(InitiatedBy.user)).userPrincipalName)\n| extend AccountCustomEntity = User, IPCustomEntity = tostring(parse_json(tostring(InitiatedBy.user)).ipAddress)\n",
                "queryFrequency": "PT2H",
                "queryPeriod": "PT2H",
                "severity": "High",
                "suppressionDuration": "PT1H",
                "suppressionEnabled": false,
                "triggerOperator": "GreaterThan",
                "triggerThreshold": 0,
                "status": "Available",
                "requiredDataConnectors": [
                  {
                    "dataTypes": [
                      "AuditLogs"
                    ],
                    "connectorId": "AzureActiveDirectory"
                  }
                ],
                "tactics": [
                  "Persistence"
                ],
                "entityMappings": [
                  {
                    "fieldMappings": [
                      {
                        "identifier": "FullName",
                        "columnName": "InitiatingUser"
                      }
                    ],
                    "entityType": "Account"
                  },
                  {
                    "fieldMappings": [
                      {
                        "identifier": "FullName",
                        "columnName": "AccountCustomEntity"
                      }
                    ],
                    "entityType": "Account"
                  },
                  {
                    "fieldMappings": [
                      {
                        "identifier": "Address",
                        "columnName": "IPCustomEntity"
                      }
                    ],
                    "entityType": "IP"
                  }
                ]
              }
            },
            {
              "type": "Microsoft.OperationalInsights/workspaces/providers/metadata",
              "apiVersion": "2022-01-01-preview",
              "name": "[concat(parameters('workspace'),'/Microsoft.SecurityInsights/',concat('AnalyticsRule-', last(split(resourceId('Microsoft.SecurityInsights/AlertRuleTemplates', '7d7e20f8-3384-4b71-811c-f5e950e8306c'),'/'))))]",
              "properties": {
                "description": "Azure Active Directory Analytics Rule 33",
                "parentId": "[resourceId('Microsoft.SecurityInsights/AlertRuleTemplates', '7d7e20f8-3384-4b71-811c-f5e950e8306c')]",
                "contentId": "7d7e20f8-3384-4b71-811c-f5e950e8306c",
                "kind": "AnalyticsRule",
                "version": "1.0.2",
                "source": {
                  "kind": "Solution",
                  "name": "Azure Active Directory",
                  "sourceId": "azuresentinel.azure-sentinel-solution-azureactivedirectory"
                },
                "author": {
                  "name": "Microsoft",
                  "email": "support@microsoft.com"
                },
                "support": {
                  "tier": "Microsoft",
                  "name": "Microsoft Corporation",
                  "email": "support@microsoft.com",
                  "link": "https://support.microsoft.com/"
                }
              }
            }
          ]
        }
      }
    }
  ]
}