{
  "$schema": "https://schema.management.azure.com/schemas/2019-04-01/deploymentTemplate.json#",
  "contentVersion": "1.0.0",
  "parameters": {
    "location": {
      "type": "string",
      "minLength": 1,
      "defaultValue": "[resourceGroup().location]",
      "metadata": {
        "description": "Not used, but needed to pass arm-ttk test `Location-Should-Not-Be-Hardcoded`.  We instead use the `workspace-location` which is derived from the LA workspace"
      }
    },
    "workspace": {
      "defaultValue": "",
      "type": "string",
      "metadata": {
        "description": "Workspace name for Log Analytics where Microsoft Sentinel is setup"
      }
    },
    "workspace-location": {
      "type": "string",
      "defaultValue": "",
      "metadata": {
        "description": "[concat('Region to deploy solution resources -- separate from location selection',parameters('location'))]"
      }
    }
  },
  "resources": [
    {
      "type": "Microsoft.OperationalInsights/workspaces/providers/contentTemplates",
      "name": "[concat(parameters('workspace'),'/Microsoft.SecurityInsights/',concat(concat(parameters('workspace'),'-ar-',uniquestring('bfb1c90f-8006-4325-98be-c7fffbc254d6')),'1.0.0'))]",
      "location": "[parameters('workspace-location')]",
      "apiVersion": "2022-08-01",
      "dependsOn": [
        "[extensionResourceId(resourceId('Microsoft.OperationalInsights/workspaces', parameters('workspace')), 'Microsoft.SecurityInsights/contentPackages', 'azuresentinel.azure-sentinel-solution-azureactivedirectory')]"
      ],
      "properties": {
        "contentId": "bfb1c90f-8006-4325-98be-c7fffbc254d6",
        "displayName": "Distributed Password cracking attempts in AzureAD",
        "contentKind": "AnalyticsRule",
        "mainTemplate": {
          "resources": [
            {
              "type": "Microsoft.SecurityInsights/AlertRuleTemplates",
              "name": "bfb1c90f-8006-4325-98be-c7fffbc254d6",
              "apiVersion": "2022-04-01-preview",
              "kind": "Scheduled",
              "location": "[parameters('workspace-location')]",
              "properties": {
                "description": "Identifies distributed password cracking attempts from the Azure Active Directory SigninLogs.\nThe query looks for unusually high number of failed password attempts coming from multiple locations for a user account.\nReferences: https://docs.microsoft.com/azure/active-directory/reports-monitoring/reference-sign-ins-error-codes\n50053   Account is locked because the user tried to sign in too many times with an incorrect user ID or password.\n50055   Invalid password, entered expired password.\n50056   Invalid or null password - Password does not exist in store for this user.\n50126   Invalid username or password, or invalid on-premises username or password.",
                "displayName": "Distributed Password cracking attempts in AzureAD",
                "enabled": false,
                "query": "\nlet s_threshold = 30;\nlet l_threshold = 3;\nlet aadFunc = (tableName:string){\ntable(tableName)\n| where OperationName =~ \"Sign-in activity\"\n// Error codes that we want to look at as they are related to the use of incorrect password.\n| where ResultType in (\"50126\", \"50053\" , \"50055\", \"50056\")\n| extend DeviceDetail = todynamic(DeviceDetail), Status = todynamic(DeviceDetail), LocationDetails = todynamic(LocationDetails)\n| extend OS = DeviceDetail.operatingSystem, Browser = DeviceDetail.browser\n| extend StatusCode = tostring(Status.errorCode), StatusDetails = tostring(Status.additionalDetails)\n| extend LocationString = strcat(tostring(LocationDetails.countryOrRegion), \"/\", tostring(LocationDetails.state), \"/\", tostring(LocationDetails.city))\n| summarize StartTime = min(TimeGenerated), EndTime = max(TimeGenerated), LocationCount=dcount(LocationString), Location = make_set(LocationString), \nIPAddress = make_set(IPAddress), IPAddressCount = dcount(IPAddress), AppDisplayName = make_set(AppDisplayName), ResultDescription = make_set(ResultDescription), \nBrowser = make_set(Browser), OS = make_set(OS), SigninCount = count() by UserPrincipalName, Type                              \n// Setting a generic threshold - Can be different for different environment\n| where SigninCount > s_threshold and LocationCount >= l_threshold\n| extend tostring(Location), tostring(IPAddress), tostring(AppDisplayName), tostring(ResultDescription), tostring(Browser), tostring(OS)\n| distinct *\n| extend timestamp = StartTime, AccountCustomEntity = UserPrincipalName, IPCustomEntity = IPAddress\n};\nlet aadSignin = aadFunc(\"SigninLogs\");\nlet aadNonInt = aadFunc(\"AADNonInteractiveUserSignInLogs\");\nunion isfuzzy=true aadSignin, aadNonInt\n",
                "queryFrequency": "P1D",
                "queryPeriod": "P1D",
                "severity": "Medium",
                "suppressionDuration": "PT1H",
                "suppressionEnabled": false,
                "triggerOperator": "GreaterThan",
                "triggerThreshold": 0,
                "status": "Available",
                "requiredDataConnectors": [
                  {
                    "dataTypes": [
                      "SigninLogs"
                    ],
                    "connectorId": "AzureActiveDirectory"
                  },
                  {
                    "dataTypes": [
                      "AADNonInteractiveUserSignInLogs"
                    ],
                    "connectorId": "AzureActiveDirectory"
                  }
                ],
                "tactics": [
                  "CredentialAccess"
                ],
                "entityMappings": [
                  {
                    "fieldMappings": [
                      {
                        "identifier": "FullName",
                        "columnName": "AccountCustomEntity"
                      }
                    ],
                    "entityType": "Account"
                  },
                  {
                    "fieldMappings": [
                      {
                        "identifier": "Address",
                        "columnName": "IPCustomEntity"
                      }
                    ],
                    "entityType": "IP"
                  }
                ]
              }
            },
            {
              "type": "Microsoft.OperationalInsights/workspaces/providers/metadata",
              "apiVersion": "2022-01-01-preview",
              "name": "[concat(parameters('workspace'),'/Microsoft.SecurityInsights/',concat('AnalyticsRule-', last(split(resourceId('Microsoft.SecurityInsights/AlertRuleTemplates', 'bfb1c90f-8006-4325-98be-c7fffbc254d6'),'/'))))]",
              "properties": {
                "description": "Azure Active Directory Analytics Rule 17",
                "parentId": "[resourceId('Microsoft.SecurityInsights/AlertRuleTemplates', 'bfb1c90f-8006-4325-98be-c7fffbc254d6')]",
                "contentId": "bfb1c90f-8006-4325-98be-c7fffbc254d6",
                "kind": "AnalyticsRule",
                "version": "1.0.0",
                "source": {
                  "kind": "Solution",
                  "name": "Azure Active Directory",
                  "sourceId": "azuresentinel.azure-sentinel-solution-azureactivedirectory"
                },
                "author": {
                  "name": "Microsoft",
                  "email": "support@microsoft.com"
                },
                "support": {
                  "tier": "Microsoft",
                  "name": "Microsoft Corporation",
                  "email": "support@microsoft.com",
                  "link": "https://support.microsoft.com/"
                }
              }
            }
          ]
        }
      }
    }
  ]
}