{
  "$schema": "https://schema.management.azure.com/schemas/2019-04-01/deploymentTemplate.json#",
  "contentVersion": "1.0.2",
  "parameters": {
    "location": {
      "type": "string",
      "minLength": 1,
      "defaultValue": "[resourceGroup().location]",
      "metadata": {
        "description": "Not used, but needed to pass arm-ttk test `Location-Should-Not-Be-Hardcoded`.  We instead use the `workspace-location` which is derived from the LA workspace"
      }
    },
    "workspace": {
      "defaultValue": "",
      "type": "string",
      "metadata": {
        "description": "Workspace name for Log Analytics where Microsoft Sentinel is setup"
      }
    },
    "workspace-location": {
      "type": "string",
      "defaultValue": "",
      "metadata": {
        "description": "[concat('Region to deploy solution resources -- separate from location selection',parameters('location'))]"
      }
    }
  },
  "resources": [
    {
      "type": "Microsoft.OperationalInsights/workspaces/providers/contentTemplates",
      "name": "[concat(parameters('workspace'),'/Microsoft.SecurityInsights/',concat(concat(parameters('workspace'),'-ar-',uniquestring('6852d9da-8015-4b95-8ecf-d9572ee0395d')),'1.0.2'))]",
      "location": "[parameters('workspace-location')]",
      "apiVersion": "2022-08-01",
      "dependsOn": [
        "[extensionResourceId(resourceId('Microsoft.OperationalInsights/workspaces', parameters('workspace')), 'Microsoft.SecurityInsights/contentPackages', 'azuresentinel.azure-sentinel-solution-azureactivedirectory')]"
      ],
      "properties": {
        "contentId": "6852d9da-8015-4b95-8ecf-d9572ee0395d",
        "displayName": "Suspicious Service Principal creation activity",
        "contentKind": "AnalyticsRule",
        "mainTemplate": {
          "resources": [
            {
              "type": "Microsoft.SecurityInsights/AlertRuleTemplates",
              "name": "6852d9da-8015-4b95-8ecf-d9572ee0395d",
              "apiVersion": "2022-04-01-preview",
              "kind": "Scheduled",
              "location": "[parameters('workspace-location')]",
              "properties": {
                "description": "This alert will detect creation of an SPN, permissions granted, credentials created, activity and deletion of the SPN in a time frame (default 10 minutes)",
                "displayName": "Suspicious Service Principal creation activity",
                "enabled": false,
                "query": "let queryfrequency = 1h;\nlet wait_for_deletion = 10m;\nlet account_created =\n  AuditLogs \n  | where ActivityDisplayName == \"Add service principal\"\n  | where Result == \"success\"\n  | extend AppID = tostring(AdditionalDetails[1].value)\n  | extend creationTime = ActivityDateTime\n  | extend userPrincipalName_creator = tostring(parse_json(tostring(InitiatedBy.user)).userPrincipalName)\n  | extend ipAddress_creator = tostring(parse_json(tostring(InitiatedBy.user)).ipAddress);\nlet account_activity =\n  AADServicePrincipalSignInLogs\n  | extend Activities = pack(\"ActivityTime\", TimeGenerated ,\"IpAddress\", IPAddress, \"ResourceDisplayName\", ResourceDisplayName)\n  | extend AppID = AppId\n  | summarize make_list(Activities) by AppID;\nlet account_deleted =\n  AuditLogs \n  | where OperationName == \"Remove service principal\"\n  | where Result == \"success\"\n  | extend AppID = tostring(AdditionalDetails[1].value)\n  | extend deletionTime = ActivityDateTime\n  | extend userPrincipalName_deleter = tostring(parse_json(tostring(InitiatedBy.user)).userPrincipalName)\n  | extend ipAddress_deleter = tostring(parse_json(tostring(InitiatedBy.user)).ipAddress);\nlet account_credentials =\n  AuditLogs\n  | where OperationName has_all (\"Update application\", \"Certificates and secrets management\")\n  | where Result == \"success\"\n  | extend AppID = tostring(AdditionalDetails[1].value)\n  | extend credentialCreationTime = ActivityDateTime;\nlet roles_assigned =\n  AuditLogs\n  | where ActivityDisplayName == \"Add app role assignment to service principal\"\n  | extend AppID = tostring(TargetResources[1].displayName)\n  | extend AssignedRole =  iff(tostring(parse_json(tostring(TargetResources[0].modifiedProperties))[1].displayName)==\"AppRole.Value\", tostring(parse_json(tostring(parse_json(tostring(TargetResources[0].modifiedProperties))[1].newValue))),\"\")\n  | extend AssignedRoles = pack(\"Role\", AssignedRole)\n  | summarize make_list(AssignedRoles) by AppID;\naccount_created\n| where TimeGenerated between (ago(wait_for_deletion+queryfrequency)..ago(wait_for_deletion))\n| join kind= inner (account_activity) on AppID\n| join kind= inner (account_deleted) on AppID\n| join kind= inner (account_credentials) on AppID\n| join kind= inner (roles_assigned) on AppID\n| where deletionTime - creationTime between (time(0s)..wait_for_deletion)\n| extend AliveTime = deletionTime - creationTime\n| project AADTenantId, AppID, creationTime, deletionTime, userPrincipalName_creator, userPrincipalName_deleter, ipAddress_creator, ipAddress_deleter, list_Activities, list_AssignedRoles, AliveTime\n",
                "queryFrequency": "PT1H",
                "queryPeriod": "PT70M",
                "severity": "Low",
                "suppressionDuration": "PT1H",
                "suppressionEnabled": false,
                "triggerOperator": "GreaterThan",
                "triggerThreshold": 0,
                "status": "Available",
                "requiredDataConnectors": [
                  {
                    "dataTypes": [
                      "AuditLogs",
                      "AADServicePrincipalSignInLogs"
                    ],
                    "connectorId": "AzureActiveDirectory"
                  }
                ],
                "tactics": [
                  "CredentialAccess",
                  "PrivilegeEscalation",
                  "InitialAccess"
                ],
                "entityMappings": [
                  {
                    "fieldMappings": [
                      {
                        "identifier": "FullName",
                        "columnName": "userPrincipalName_creator"
                      }
                    ],
                    "entityType": "Account"
                  },
                  {
                    "fieldMappings": [
                      {
                        "identifier": "FullName",
                        "columnName": "userPrincipalName_deleter"
                      }
                    ],
                    "entityType": "Account"
                  },
                  {
                    "fieldMappings": [
                      {
                        "identifier": "Address",
                        "columnName": "ipAddress_creator"
                      }
                    ],
                    "entityType": "IP"
                  },
                  {
                    "fieldMappings": [
                      {
                        "identifier": "Address",
                        "columnName": "ipAddress_deleter"
                      }
                    ],
                    "entityType": "IP"
                  }
                ]
              }
            },
            {
              "type": "Microsoft.OperationalInsights/workspaces/providers/metadata",
              "apiVersion": "2022-01-01-preview",
              "name": "[concat(parameters('workspace'),'/Microsoft.SecurityInsights/',concat('AnalyticsRule-', last(split(resourceId('Microsoft.SecurityInsights/AlertRuleTemplates', '6852d9da-8015-4b95-8ecf-d9572ee0395d'),'/'))))]",
              "properties": {
                "description": "Azure Active Directory Analytics Rule 44",
                "parentId": "[resourceId('Microsoft.SecurityInsights/AlertRuleTemplates', '6852d9da-8015-4b95-8ecf-d9572ee0395d')]",
                "contentId": "6852d9da-8015-4b95-8ecf-d9572ee0395d",
                "kind": "AnalyticsRule",
                "version": "1.0.2",
                "source": {
                  "kind": "Solution",
                  "name": "Azure Active Directory",
                  "sourceId": "azuresentinel.azure-sentinel-solution-azureactivedirectory"
                },
                "author": {
                  "name": "Microsoft",
                  "email": "support@microsoft.com"
                },
                "support": {
                  "tier": "Microsoft",
                  "name": "Microsoft Corporation",
                  "email": "support@microsoft.com",
                  "link": "https://support.microsoft.com/"
                }
              }
            }
          ]
        }
      }
    }
  ]
}