{
  "$schema": "https://schema.management.azure.com/schemas/2019-04-01/deploymentTemplate.json#",
  "contentVersion": "1.0.2",
  "parameters": {
    "location": {
      "type": "string",
      "minLength": 1,
      "defaultValue": "[resourceGroup().location]",
      "metadata": {
        "description": "Not used, but needed to pass arm-ttk test `Location-Should-Not-Be-Hardcoded`.  We instead use the `workspace-location` which is derived from the LA workspace"
      }
    },
    "workspace": {
      "defaultValue": "",
      "type": "string",
      "metadata": {
        "description": "Workspace name for Log Analytics where Microsoft Sentinel is setup"
      }
    },
    "workspace-location": {
      "type": "string",
      "defaultValue": "",
      "metadata": {
        "description": "[concat('Region to deploy solution resources -- separate from location selection',parameters('location'))]"
      }
    }
  },
  "resources": [
    {
      "type": "Microsoft.OperationalInsights/workspaces/providers/contentTemplates",
      "name": "[concat(parameters('workspace'),'/Microsoft.SecurityInsights/',concat(concat(parameters('workspace'),'-ar-',uniquestring('223db5c1-1bf8-47d8-8806-bed401b356a4')),'1.0.2'))]",
      "location": "[parameters('workspace-location')]",
      "apiVersion": "2022-08-01",
      "dependsOn": [
        "[extensionResourceId(resourceId('Microsoft.OperationalInsights/workspaces', parameters('workspace')), 'Microsoft.SecurityInsights/contentPackages', 'azuresentinel.azure-sentinel-solution-azureactivedirectory')]"
      ],
      "properties": {
        "contentId": "223db5c1-1bf8-47d8-8806-bed401b356a4",
        "displayName": "Failed login attempts to Azure Portal",
        "contentKind": "AnalyticsRule",
        "mainTemplate": {
          "resources": [
            {
              "type": "Microsoft.SecurityInsights/AlertRuleTemplates",
              "name": "223db5c1-1bf8-47d8-8806-bed401b356a4",
              "apiVersion": "2022-04-01-preview",
              "kind": "Scheduled",
              "location": "[parameters('workspace-location')]",
              "properties": {
                "description": "Identifies failed login attempts in the Azure Active Directory SigninLogs to the Azure Portal.  Many failed logon \nattempts or some failed logon attempts from multiple IPs could indicate a potential brute force attack.  \nThe following are excluded due to success and non-failure results:\nReferences: https://docs.microsoft.com/azure/active-directory/reports-monitoring/reference-sign-ins-error-codes\n0 - successful logon\n50125 - Sign-in was interrupted due to a password reset or password registration entry.\n50140 - This error occurred due to 'Keep me signed in' interrupt when the user was signing-in.",
                "displayName": "Failed login attempts to Azure Portal",
                "enabled": false,
                "query": "\nlet timeRange = 1d;\nlet lookBack = 7d;\nlet threshold_Failed = 5;\nlet threshold_FailedwithSingleIP = 20;\nlet threshold_IPAddressCount = 2;\nlet isGUID = \"[0-9a-z]{8}-[0-9a-z]{4}-[0-9a-z]{4}-[0-9a-z]{4}-[0-9a-z]{12}\";\nlet aadFunc = (tableName:string){\nlet azPortalSignins = materialize(table(tableName)\n| where TimeGenerated >= ago(lookBack)\n// Azure Portal only\n| where AppDisplayName =~ \"Azure Portal\")\n;\nlet successPortalSignins = azPortalSignins\n| where TimeGenerated >= ago(timeRange)\n// Azure Portal only and exclude non-failure Result Types\n| where ResultType in (\"0\", \"50125\", \"50140\")\n// Tagging identities not resolved to friendly names\n//| extend Unresolved = iff(Identity matches regex isGUID, true, false)\n| distinct TimeGenerated, UserPrincipalName\n;\nlet failPortalSignins = azPortalSignins\n| where TimeGenerated >= ago(timeRange)\n// Azure Portal only and exclude non-failure Result Types\n| where ResultType !in (\"0\", \"50125\", \"50140\", \"70044\", \"70043\")\n// Tagging identities not resolved to friendly names\n| extend Unresolved = iff(Identity matches regex isGUID, true, false)\n;\n// Verify there is no success for the same connection attempt after the fail\nlet failnoSuccess = failPortalSignins | join kind= leftouter (\n   successPortalSignins \n) on UserPrincipalName\n| where TimeGenerated > TimeGenerated1 or isempty(TimeGenerated1)\n| project-away TimeGenerated1, UserPrincipalName1\n;\n// Lookup up resolved identities from last 7 days\nlet identityLookup = azPortalSignins\n| where TimeGenerated >= ago(lookBack)\n| where not(Identity matches regex isGUID)\n| summarize by UserId, lu_UserDisplayName = UserDisplayName, lu_UserPrincipalName = UserPrincipalName;\n// Join resolved names to unresolved list from portal signins\nlet unresolvedNames = failnoSuccess | where Unresolved == true | join kind= inner (\n   identityLookup \n) on UserId\n| extend UserDisplayName = lu_UserDisplayName, UserPrincipalName = lu_UserPrincipalName\n| project-away lu_UserDisplayName, lu_UserPrincipalName;\n// Join Signins that had resolved names with list of unresolved that now have a resolved name\nlet u_azPortalSignins = failnoSuccess | where Unresolved == false | union unresolvedNames;\nu_azPortalSignins\n| extend DeviceDetail = todynamic(DeviceDetail), Status = todynamic(DeviceDetail), LocationDetails = todynamic(LocationDetails)\n| extend Status = strcat(ResultType, \": \", ResultDescription), OS = tostring(DeviceDetail.operatingSystem), Browser = tostring(DeviceDetail.browser)\n| extend State = tostring(LocationDetails.state), City = tostring(LocationDetails.city), Region = tostring(LocationDetails.countryOrRegion)\n| extend FullLocation = strcat(Region,'|', State, '|', City)\n| summarize TimeGenerated = makelist(TimeGenerated), Status = makelist(Status), IPAddresses = makelist(IPAddress), IPAddressCount = dcount(IPAddress), FailedLogonCount = count()\nby UserPrincipalName, UserId, UserDisplayName, AppDisplayName, Browser, OS, FullLocation, Type\n| mvexpand TimeGenerated, IPAddresses, Status\n| extend TimeGenerated = todatetime(tostring(TimeGenerated)), IPAddress = tostring(IPAddresses), Status = tostring(Status)\n| project-away IPAddresses\n| summarize StartTime = min(TimeGenerated), EndTime = max(TimeGenerated) by UserPrincipalName, UserId, UserDisplayName, Status, FailedLogonCount, IPAddress, IPAddressCount, AppDisplayName, Browser, OS, FullLocation, Type\n| where (IPAddressCount >= threshold_IPAddressCount and FailedLogonCount >= threshold_Failed) or FailedLogonCount >= threshold_FailedwithSingleIP\n| extend timestamp = StartTime, AccountCustomEntity = UserPrincipalName, IPCustomEntity = IPAddress\n};\nlet aadSignin = aadFunc(\"SigninLogs\");\nlet aadNonInt = aadFunc(\"AADNonInteractiveUserSignInLogs\");\nunion isfuzzy=true aadSignin, aadNonInt\n",
                "queryFrequency": "P1D",
                "queryPeriod": "P7D",
                "severity": "Low",
                "suppressionDuration": "PT1H",
                "suppressionEnabled": false,
                "triggerOperator": "GreaterThan",
                "triggerThreshold": 0,
                "status": "Available",
                "requiredDataConnectors": [
                  {
                    "dataTypes": [
                      "SigninLogs"
                    ],
                    "connectorId": "AzureActiveDirectory"
                  },
                  {
                    "dataTypes": [
                      "AADNonInteractiveUserSignInLogs"
                    ],
                    "connectorId": "AzureActiveDirectory"
                  }
                ],
                "tactics": [
                  "CredentialAccess"
                ],
                "entityMappings": [
                  {
                    "fieldMappings": [
                      {
                        "identifier": "FullName",
                        "columnName": "AccountCustomEntity"
                      }
                    ],
                    "entityType": "Account"
                  },
                  {
                    "fieldMappings": [
                      {
                        "identifier": "Address",
                        "columnName": "IPCustomEntity"
                      }
                    ],
                    "entityType": "IP"
                  }
                ]
              }
            },
            {
              "type": "Microsoft.OperationalInsights/workspaces/providers/metadata",
              "apiVersion": "2022-01-01-preview",
              "name": "[concat(parameters('workspace'),'/Microsoft.SecurityInsights/',concat('AnalyticsRule-', last(split(resourceId('Microsoft.SecurityInsights/AlertRuleTemplates', '223db5c1-1bf8-47d8-8806-bed401b356a4'),'/'))))]",
              "properties": {
                "description": "Azure Active Directory Analytics Rule 19",
                "parentId": "[resourceId('Microsoft.SecurityInsights/AlertRuleTemplates', '223db5c1-1bf8-47d8-8806-bed401b356a4')]",
                "contentId": "223db5c1-1bf8-47d8-8806-bed401b356a4",
                "kind": "AnalyticsRule",
                "version": "1.0.2",
                "source": {
                  "kind": "Solution",
                  "name": "Azure Active Directory",
                  "sourceId": "azuresentinel.azure-sentinel-solution-azureactivedirectory"
                },
                "author": {
                  "name": "Microsoft",
                  "email": "support@microsoft.com"
                },
                "support": {
                  "tier": "Microsoft",
                  "name": "Microsoft Corporation",
                  "email": "support@microsoft.com",
                  "link": "https://support.microsoft.com/"
                }
              }
            }
          ]
        }
      }
    }
  ]
}