{
  "$schema": "https://schema.management.azure.com/schemas/2019-04-01/deploymentTemplate.json#",
  "contentVersion": "1.0.2",
  "parameters": {
    "location": {
      "type": "string",
      "minLength": 1,
      "defaultValue": "[resourceGroup().location]",
      "metadata": {
        "description": "Not used, but needed to pass arm-ttk test `Location-Should-Not-Be-Hardcoded`.  We instead use the `workspace-location` which is derived from the LA workspace"
      }
    },
    "workspace": {
      "defaultValue": "",
      "type": "string",
      "metadata": {
        "description": "Workspace name for Log Analytics where Microsoft Sentinel is setup"
      }
    },
    "workspace-location": {
      "type": "string",
      "defaultValue": "",
      "metadata": {
        "description": "[concat('Region to deploy solution resources -- separate from location selection',parameters('location'))]"
      }
    }
  },
  "resources": [
    {
      "type": "Microsoft.OperationalInsights/workspaces/providers/contentTemplates",
      "name": "[concat(parameters('workspace'),'/Microsoft.SecurityInsights/',concat(concat(parameters('workspace'),'-ar-',uniquestring('218f60de-c269-457a-b882-9966632b9dc6')),'1.0.2'))]",
      "location": "[parameters('workspace-location')]",
      "apiVersion": "2022-08-01",
      "dependsOn": [
        "[extensionResourceId(resourceId('Microsoft.OperationalInsights/workspaces', parameters('workspace')), 'Microsoft.SecurityInsights/contentPackages', 'azuresentinel.azure-sentinel-solution-azureactivedirectory')]"
      ],
      "properties": {
        "contentId": "218f60de-c269-457a-b882-9966632b9dc6",
        "displayName": "Bulk Changes to Privileged Account Permissions",
        "contentKind": "AnalyticsRule",
        "mainTemplate": {
          "resources": [
            {
              "type": "Microsoft.SecurityInsights/AlertRuleTemplates",
              "name": "218f60de-c269-457a-b882-9966632b9dc6",
              "apiVersion": "2022-04-01-preview",
              "kind": "Scheduled",
              "location": "[parameters('workspace-location')]",
              "properties": {
                "description": "Identifies when changes to multiple users permissions are changed at once. Investigate immediately if not a planned change. This setting could enable an attacker access to Azure subscriptions in your environment.\nRef : https://docs.microsoft.com/azure/active-directory/fundamentals/security-operations-privileged-identity-management",
                "displayName": "Bulk Changes to Privileged Account Permissions",
                "enabled": false,
                "query": "AuditLogs\n| where Category =~ \"RoleManagement\"\n| where ActivityDisplayName has_any (\"Add eligible member to role\", \"Add member to role\")\n| mv-expand TargetResources\n| mv-expand TargetResources.modifiedProperties\n| extend displayName_ = tostring(TargetResources_modifiedProperties.displayName)\n| where displayName_ =~ \"Role.DisplayName\"\n| extend RoleName = tostring(parse_json(tostring(TargetResources_modifiedProperties.newValue)))\n| where RoleName contains \"Admin\"\n| extend Target = tostring(TargetResources.userPrincipalName)\n| summarize dcount(Target) by bin(TimeGenerated, 1h)\n| where dcount_Target > 9\n| join kind=rightsemi  (AuditLogs\n| where Category =~ \"RoleManagement\"\n| where ActivityDisplayName has_any (\"Add eligible member to role\", \"Add member to role\")\n| mv-expand TargetResources\n| mv-expand TargetResources.modifiedProperties\n| extend displayName_ = tostring(TargetResources_modifiedProperties.displayName)\n| where displayName_ =~ \"Role.DisplayName\"\n| extend RoleName = tostring(parse_json(tostring(TargetResources_modifiedProperties.newValue)))\n| where RoleName contains \"Admin\"\n| extend Target = tostring(TargetResources.userPrincipalName)\n| extend TimeWindow = bin(TimeGenerated, 1h)) on $left.TimeGenerated == $right.TimeWindow\n| extend AccountCustomEntity = Target\n",
                "queryFrequency": "PT2H",
                "queryPeriod": "PT2H",
                "severity": "High",
                "suppressionDuration": "PT1H",
                "suppressionEnabled": false,
                "triggerOperator": "GreaterThan",
                "triggerThreshold": 0,
                "status": "Available",
                "requiredDataConnectors": [
                  {
                    "dataTypes": [
                      "AuditLogs"
                    ],
                    "connectorId": "AzureActiveDirectory"
                  }
                ],
                "tactics": [
                  "PrivilegeEscalation"
                ],
                "entityMappings": [
                  {
                    "fieldMappings": [
                      {
                        "identifier": "FullName",
                        "columnName": "AccountCustomEntity"
                      }
                    ],
                    "entityType": "Account"
                  }
                ]
              }
            },
            {
              "type": "Microsoft.OperationalInsights/workspaces/providers/metadata",
              "apiVersion": "2022-01-01-preview",
              "name": "[concat(parameters('workspace'),'/Microsoft.SecurityInsights/',concat('AnalyticsRule-', last(split(resourceId('Microsoft.SecurityInsights/AlertRuleTemplates', '218f60de-c269-457a-b882-9966632b9dc6'),'/'))))]",
              "properties": {
                "description": "Azure Active Directory Analytics Rule 13",
                "parentId": "[resourceId('Microsoft.SecurityInsights/AlertRuleTemplates', '218f60de-c269-457a-b882-9966632b9dc6')]",
                "contentId": "218f60de-c269-457a-b882-9966632b9dc6",
                "kind": "AnalyticsRule",
                "version": "1.0.2",
                "source": {
                  "kind": "Solution",
                  "name": "Azure Active Directory",
                  "sourceId": "azuresentinel.azure-sentinel-solution-azureactivedirectory"
                },
                "author": {
                  "name": "Microsoft",
                  "email": "support@microsoft.com"
                },
                "support": {
                  "tier": "Microsoft",
                  "name": "Microsoft Corporation",
                  "email": "support@microsoft.com",
                  "link": "https://support.microsoft.com/"
                }
              }
            }
          ]
        }
      }
    }
  ]
}