{
  "$schema": "https://schema.management.azure.com/schemas/2019-04-01/deploymentTemplate.json#",
  "contentVersion": "1.0.0",
  "parameters": {
    "location": {
      "type": "string",
      "minLength": 1,
      "defaultValue": "[resourceGroup().location]",
      "metadata": {
        "description": "Not used, but needed to pass arm-ttk test `Location-Should-Not-Be-Hardcoded`.  We instead use the `workspace-location` which is derived from the LA workspace"
      }
    },
    "workspace": {
      "defaultValue": "",
      "type": "string",
      "metadata": {
        "description": "Workspace name for Log Analytics where Microsoft Sentinel is setup"
      }
    },
    "workspace-location": {
      "type": "string",
      "defaultValue": "",
      "metadata": {
        "description": "[concat('Region to deploy solution resources -- separate from location selection',parameters('location'))]"
      }
    }
  },
  "resources": [
    {
      "type": "Microsoft.OperationalInsights/workspaces/providers/contentTemplates",
      "name": "[concat(parameters('workspace'),'/Microsoft.SecurityInsights/',concat(concat(parameters('workspace'),'-ar-',uniquestring('5170c3c4-b8c9-485c-910d-a21d965ee181')),'1.0.0'))]",
      "location": "[parameters('workspace-location')]",
      "apiVersion": "2022-08-01",
      "dependsOn": [
        "[extensionResourceId(resourceId('Microsoft.OperationalInsights/workspaces', parameters('workspace')), 'Microsoft.SecurityInsights/contentPackages', 'azuresentinel.azure-sentinel-solution-azureactivedirectory')]"
      ],
      "properties": {
        "contentId": "5170c3c4-b8c9-485c-910d-a21d965ee181",
        "displayName": "Password spray attack against ADFSSignInLogs",
        "contentKind": "AnalyticsRule",
        "mainTemplate": {
          "resources": [
            {
              "type": "Microsoft.SecurityInsights/AlertRuleTemplates",
              "name": "5170c3c4-b8c9-485c-910d-a21d965ee181",
              "apiVersion": "2022-04-01-preview",
              "kind": "Scheduled",
              "location": "[parameters('workspace-location')]",
              "properties": {
                "description": "Identifies evidence of password spray activity against Connect Health for AD FS sign-in events by looking for failures from multiple accounts from the same IP address within a time window.\nReference: https://adfshelp.microsoft.com/References/ConnectHealthErrorCodeReference",
                "displayName": "Password spray attack against ADFSSignInLogs",
                "enabled": false,
                "query": "let queryfrequency = 30m;\nlet accountthreshold = 10;\nlet successCodes = dynamic([0, 50144]);\nADFSSignInLogs\n| extend IngestionTime = ingestion_time()\n| where IngestionTime > ago(queryfrequency)\n| where not(todynamic(AuthenticationDetails)[0].authenticationMethod == \"Integrated Windows Authentication\")\n| summarize\n    DistinctFailureCount = dcountif(UserPrincipalName, ResultType !in (successCodes)),\n    DistinctSuccessCount = dcountif(UserPrincipalName, ResultType in (successCodes)),\n    SuccessAccounts = make_set_if(UserPrincipalName, ResultType in (successCodes), 250),\n    arg_min(TimeGenerated, *)\n    by IPAddress\n| where DistinctFailureCount > DistinctSuccessCount and DistinctFailureCount >= accountthreshold\n//| extend SuccessAccounts = iff(array_length(SuccessAccounts) != 0, SuccessAccounts, dynamic([\"null\"]))\n//| mv-expand SuccessAccounts\n| project TimeGenerated, Category, OperationName, IPAddress, DistinctFailureCount, DistinctSuccessCount, SuccessAccounts, AuthenticationRequirement, ConditionalAccessStatus, IsInteractive, UserAgent, NetworkLocationDetails, DeviceDetail, TokenIssuerType, TokenIssuerName, ResourceIdentity\n",
                "queryFrequency": "PT30M",
                "queryPeriod": "PT1H",
                "severity": "Medium",
                "suppressionDuration": "PT1H",
                "suppressionEnabled": false,
                "triggerOperator": "GreaterThan",
                "triggerThreshold": 0,
                "status": "Available",
                "requiredDataConnectors": [
                  {
                    "dataTypes": [
                      "ADFSSignInLogs"
                    ],
                    "connectorId": "AzureActiveDirectory"
                  }
                ],
                "tactics": [
                  "CredentialAccess"
                ],
                "entityMappings": [
                  {
                    "fieldMappings": [
                      {
                        "identifier": "Address",
                        "columnName": "IPAddress"
                      }
                    ],
                    "entityType": "IP"
                  }
                ]
              }
            },
            {
              "type": "Microsoft.OperationalInsights/workspaces/providers/metadata",
              "apiVersion": "2022-01-01-preview",
              "name": "[concat(parameters('workspace'),'/Microsoft.SecurityInsights/',concat('AnalyticsRule-', last(split(resourceId('Microsoft.SecurityInsights/AlertRuleTemplates', '5170c3c4-b8c9-485c-910d-a21d965ee181'),'/'))))]",
              "properties": {
                "description": "Azure Active Directory Analytics Rule 4",
                "parentId": "[resourceId('Microsoft.SecurityInsights/AlertRuleTemplates', '5170c3c4-b8c9-485c-910d-a21d965ee181')]",
                "contentId": "5170c3c4-b8c9-485c-910d-a21d965ee181",
                "kind": "AnalyticsRule",
                "version": "1.0.0",
                "source": {
                  "kind": "Solution",
                  "name": "Azure Active Directory",
                  "sourceId": "azuresentinel.azure-sentinel-solution-azureactivedirectory"
                },
                "author": {
                  "name": "Microsoft",
                  "email": "support@microsoft.com"
                },
                "support": {
                  "tier": "Microsoft",
                  "name": "Microsoft Corporation",
                  "email": "support@microsoft.com",
                  "link": "https://support.microsoft.com/"
                }
              }
            }
          ]
        }
      }
    }
  ]
}