{
  "$schema": "https://schema.management.azure.com/schemas/2019-04-01/deploymentTemplate.json#",
  "contentVersion": "1.0.0",
  "parameters": {
    "location": {
      "type": "string",
      "minLength": 1,
      "defaultValue": "[resourceGroup().location]",
      "metadata": {
        "description": "Not used, but needed to pass arm-ttk test `Location-Should-Not-Be-Hardcoded`.  We instead use the `workspace-location` which is derived from the LA workspace"
      }
    },
    "workspace": {
      "defaultValue": "",
      "type": "string",
      "metadata": {
        "description": "Workspace name for Log Analytics where Microsoft Sentinel is setup"
      }
    },
    "workspace-location": {
      "type": "string",
      "defaultValue": "",
      "metadata": {
        "description": "[concat('Region to deploy solution resources -- separate from location selection',parameters('location'))]"
      }
    }
  },
  "resources": [
    {
      "type": "Microsoft.OperationalInsights/workspaces/providers/contentTemplates",
      "name": "[concat(parameters('workspace'),'/Microsoft.SecurityInsights/',concat(concat(parameters('workspace'),'-ar-',uniquestring('97ad74c4-fdd9-4a3f-b6bf-5e28f4f71e06')),'1.0.0'))]",
      "location": "[parameters('workspace-location')]",
      "apiVersion": "2022-08-01",
      "dependsOn": [
        "[extensionResourceId(resourceId('Microsoft.OperationalInsights/workspaces', parameters('workspace')), 'Microsoft.SecurityInsights/contentPackages', 'azuresentinel.azure-sentinel-solution-azureactivedirectory')]"
      ],
      "properties": {
        "contentId": "97ad74c4-fdd9-4a3f-b6bf-5e28f4f71e06",
        "displayName": "Brute Force Attack against GitHub Account",
        "contentKind": "AnalyticsRule",
        "mainTemplate": {
          "resources": [
            {
              "type": "Microsoft.SecurityInsights/AlertRuleTemplates",
              "name": "97ad74c4-fdd9-4a3f-b6bf-5e28f4f71e06",
              "apiVersion": "2022-04-01-preview",
              "kind": "Scheduled",
              "location": "[parameters('workspace-location')]",
              "properties": {
                "description": "Attackers who are trying to guess your users' passwords or use brute-force methods to get in. If your organization is using SSO with Azure Active Directory, authentication logs to GitHub.com will be generated. Using the following query can help you identify a sudden increase in failed logon attempt of users.",
                "displayName": "Brute Force Attack against GitHub Account",
                "enabled": false,
                "query": "let LearningPeriod = 7d; \nlet BinTime = 1h; \nlet RunTime = 1h; \nlet StartTime = 1h; \nlet NumberOfStds = 3; \nlet MinThreshold = 10.0; \nlet EndRunTime = StartTime - RunTime; \nlet EndLearningTime = StartTime + LearningPeriod;\nlet aadFunc = (tableName:string){\nlet GitHubFailedSSOLogins = (table(tableName)  \n| where AppDisplayName == \"GitHub.com\" \n| where ResultType != 0); \nGitHubFailedSSOLogins \n| where TimeGenerated between (ago(EndLearningTime) .. ago(StartTime)) \n| summarize FailedLoginsCountInBinTime = count() by  UserPrincipalName, bin(TimeGenerated, BinTime), Type\n| summarize AvgOfFailedLoginsInLearning = avg(FailedLoginsCountInBinTime), StdOfFailedLoginsInLearning = stdev(FailedLoginsCountInBinTime) by UserPrincipalName, Type\n| extend LearningThreshold = max_of(AvgOfFailedLoginsInLearning + StdOfFailedLoginsInLearning * NumberOfStds, MinThreshold)  \n| join kind=innerunique ( \n  GitHubFailedSSOLogins \n  | where TimeGenerated between (ago(StartTime) .. ago(EndRunTime)) \n  | summarize FailedLoginsCountInRunTime = count() by User = Identity, UserPrincipalName, bin(TimeGenerated, BinTime), Type\n) on UserPrincipalName \n| where FailedLoginsCountInRunTime > LearningThreshold\n| extend AccountCustomEntity = UserPrincipalName , timestamp = TimeGenerated\n};\nlet aadSignin = aadFunc(\"SigninLogs\");\nlet aadNonInt = aadFunc(\"AADNonInteractiveUserSignInLogs\");\nunion isfuzzy=true aadSignin, aadNonInt\n",
                "queryFrequency": "P1D",
                "queryPeriod": "P1D",
                "severity": "Medium",
                "suppressionDuration": "PT1H",
                "suppressionEnabled": false,
                "triggerOperator": "GreaterThan",
                "triggerThreshold": 0,
                "status": "Available",
                "requiredDataConnectors": [
                  {
                    "dataTypes": [
                      "SigninLogs"
                    ],
                    "connectorId": "AzureActiveDirectory"
                  },
                  {
                    "dataTypes": [
                      "AADNonInteractiveUserSignInLogs"
                    ],
                    "connectorId": "AzureActiveDirectory"
                  }
                ],
                "tactics": [
                  "CredentialAccess"
                ],
                "entityMappings": [
                  {
                    "fieldMappings": [
                      {
                        "identifier": "FullName",
                        "columnName": "AccountCustomEntity"
                      }
                    ],
                    "entityType": "Account"
                  }
                ]
              }
            },
            {
              "type": "Microsoft.OperationalInsights/workspaces/providers/metadata",
              "apiVersion": "2022-01-01-preview",
              "name": "[concat(parameters('workspace'),'/Microsoft.SecurityInsights/',concat('AnalyticsRule-', last(split(resourceId('Microsoft.SecurityInsights/AlertRuleTemplates', '97ad74c4-fdd9-4a3f-b6bf-5e28f4f71e06'),'/'))))]",
              "properties": {
                "description": "Azure Active Directory Analytics Rule 11",
                "parentId": "[resourceId('Microsoft.SecurityInsights/AlertRuleTemplates', '97ad74c4-fdd9-4a3f-b6bf-5e28f4f71e06')]",
                "contentId": "97ad74c4-fdd9-4a3f-b6bf-5e28f4f71e06",
                "kind": "AnalyticsRule",
                "version": "1.0.0",
                "source": {
                  "kind": "Solution",
                  "name": "Azure Active Directory",
                  "sourceId": "azuresentinel.azure-sentinel-solution-azureactivedirectory"
                },
                "author": {
                  "name": "Microsoft",
                  "email": "support@microsoft.com"
                },
                "support": {
                  "tier": "Microsoft",
                  "name": "Microsoft Corporation",
                  "email": "support@microsoft.com",
                  "link": "https://support.microsoft.com/"
                }
              }
            }
          ]
        }
      }
    }
  ]
}