{
  "$schema": "https://schema.management.azure.com/schemas/2019-04-01/deploymentTemplate.json#",
  "contentVersion": "1.0.6",
  "parameters": {
    "location": {
      "type": "string",
      "minLength": 1,
      "defaultValue": "[resourceGroup().location]",
      "metadata": {
        "description": "Not used, but needed to pass arm-ttk test `Location-Should-Not-Be-Hardcoded`.  We instead use the `workspace-location` which is derived from the LA workspace"
      }
    },
    "workspace": {
      "defaultValue": "",
      "type": "string",
      "metadata": {
        "description": "Workspace name for Log Analytics where Microsoft Sentinel is setup"
      }
    },
    "workspace-location": {
      "type": "string",
      "defaultValue": "",
      "metadata": {
        "description": "[concat('Region to deploy solution resources -- separate from location selection',parameters('location'))]"
      }
    }
  },
  "resources": [
    {
      "type": "Microsoft.OperationalInsights/workspaces/providers/contentTemplates",
      "name": "[concat(parameters('workspace'),'/Microsoft.SecurityInsights/',concat(concat(parameters('workspace'),'-ar-',uniquestring('acc4c247-aaf7-494b-b5da-17f18863878a')),'1.0.6'))]",
      "location": "[parameters('workspace-location')]",
      "apiVersion": "2022-08-01",
      "dependsOn": [
        "[extensionResourceId(resourceId('Microsoft.OperationalInsights/workspaces', parameters('workspace')), 'Microsoft.SecurityInsights/contentPackages', 'azuresentinel.azure-sentinel-solution-azureactivedirectory')]"
      ],
      "properties": {
        "contentId": "acc4c247-aaf7-494b-b5da-17f18863878a",
        "displayName": "External guest invitation followed by Azure AD PowerShell signin",
        "contentKind": "AnalyticsRule",
        "mainTemplate": {
          "resources": [
            {
              "type": "Microsoft.SecurityInsights/AlertRuleTemplates",
              "name": "acc4c247-aaf7-494b-b5da-17f18863878a",
              "apiVersion": "2022-04-01-preview",
              "kind": "Scheduled",
              "location": "[parameters('workspace-location')]",
              "properties": {
                "description": "By default guests have capability to invite more external guest users, guests also can do suspicious Azure AD enumeration. This detection look at guests\nusers, who have been invited or have invited recently, who also are logging via various PowerShell CLI.\nRef : 'https://danielchronlund.com/2021/11/18/scary-azure-ad-tenant-enumeration-using-regular-b2b-guest-accounts/",
                "displayName": "External guest invitation followed by Azure AD PowerShell signin",
                "enabled": false,
                "query": "let queryfrequency = 1h;\nlet queryperiod = 1d;\nAuditLogs\n| where TimeGenerated > ago(queryperiod)\n| where OperationName in (\"Invite external user\", \"Bulk invite users - started (bulk)\", \"Invite external user with reset invitation status\")\n| extend InitiatedBy = iff(isnotempty(InitiatedBy.user.userPrincipalName), InitiatedBy.user.userPrincipalName, InitiatedBy.app.displayName)\n// Uncomment the following line to filter events where the inviting user was a guest user\n//| where InitiatedBy has_any (\"live.com#\", \"#EXT#\")\n| extend InvitedUser = TargetResources[0].userPrincipalName\n| mv-expand UserToCompare = pack_array(InitiatedBy, InvitedUser) to typeof(string)\n| where UserToCompare has_any (\"live.com#\", \"#EXT#\")\n| extend\n    parsedUser = replace_string(tolower(iff(UserToCompare startswith \"live.com#\", tostring(split(UserToCompare, \"#\")[1]), tostring(split(UserToCompare, \"#EXT#\")[0]))), \"@\", \"_\"),\n    InvitationTime = TimeGenerated\n| join (\n    (union isfuzzy=true SigninLogs, AADNonInteractiveUserSignInLogs)\n    | where TimeGenerated > ago(queryfrequency)\n    | where UserType != \"Member\"\n    | where AppId has_any                       // This web may contain a list of these apps: https://msshells.net/\n        (\"1b730954-1685-4b74-9bfd-dac224a7b894\",// Azure Active Directory PowerShell\n         \"04b07795-8ddb-461a-bbee-02f9e1bf7b46\",// Microsoft Azure CLI\n         \"1950a258-227b-4e31-a9cf-717495945fc2\",// Microsoft Azure PowerShell\n         \"a0c73c16-a7e3-4564-9a95-2bdf47383716\",// Microsoft Exchange Online Remote PowerShell\n         \"fb78d390-0c51-40cd-8e17-fdbfab77341b\",// Microsoft Exchange REST API Based Powershell\n         \"d1ddf0e4-d672-4dae-b554-9d5bdfd93547\",// Microsoft Intune PowerShell\n         \"9bc3ab49-b65d-410a-85ad-de819febfddc\",// Microsoft SharePoint Online Management Shell\n         \"12128f48-ec9e-42f0-b203-ea49fb6af367\",// MS Teams Powershell Cmdlets\n         \"23d8f6bd-1eb0-4cc2-a08c-7bf525c67bcd\",// Power BI PowerShell\n         \"31359c7f-bd7e-475c-86db-fdb8c937548e\",// PnP Management Shell\n         \"90f610bf-206d-4950-b61d-37fa6fd1b224\",// Aadrm Admin Powershell\n         \"14d82eec-204b-4c2f-b7e8-296a70dab67e\" // Microsoft Graph PowerShell\n        )\n    | summarize arg_min(TimeGenerated, *) by UserPrincipalName\n    | extend\n        parsedUser = replace_string(UserPrincipalName, \"@\", \"_\"),\n        SigninTime = TimeGenerated\n    )\n    on parsedUser\n| project InvitationTime, InitiatedBy, OperationName, InvitedUser, SigninTime, SigninCategory = Category1, SigninUserPrincipalName = UserPrincipalName, IPAddress, AppDisplayName, ResourceDisplayName, UserAgent, InvitationAdditionalDetails = AdditionalDetails, InvitationTargetResources = TargetResources\n",
                "queryFrequency": "PT1H",
                "queryPeriod": "P1D",
                "severity": "Medium",
                "suppressionDuration": "PT1H",
                "suppressionEnabled": false,
                "triggerOperator": "GreaterThan",
                "triggerThreshold": 0,
                "status": "Available",
                "requiredDataConnectors": [
                  {
                    "dataTypes": [
                      "AuditLogs"
                    ],
                    "connectorId": "AzureActiveDirectory"
                  },
                  {
                    "dataTypes": [
                      "SigninLogs"
                    ],
                    "connectorId": "AzureActiveDirectory"
                  }
                ],
                "tactics": [
                  "InitialAccess",
                  "Persistence",
                  "Discovery"
                ],
                "entityMappings": [
                  {
                    "fieldMappings": [
                      {
                        "identifier": "FullName",
                        "columnName": "InvitedUser"
                      }
                    ],
                    "entityType": "Account"
                  },
                  {
                    "fieldMappings": [
                      {
                        "identifier": "FullName",
                        "columnName": "InitiatedBy"
                      }
                    ],
                    "entityType": "Account"
                  },
                  {
                    "fieldMappings": [
                      {
                        "identifier": "Address",
                        "columnName": "IPAddress"
                      }
                    ],
                    "entityType": "IP"
                  }
                ]
              }
            },
            {
              "type": "Microsoft.OperationalInsights/workspaces/providers/metadata",
              "apiVersion": "2022-01-01-preview",
              "name": "[concat(parameters('workspace'),'/Microsoft.SecurityInsights/',concat('AnalyticsRule-', last(split(resourceId('Microsoft.SecurityInsights/AlertRuleTemplates', 'acc4c247-aaf7-494b-b5da-17f18863878a'),'/'))))]",
              "properties": {
                "description": "Azure Active Directory Analytics Rule 45",
                "parentId": "[resourceId('Microsoft.SecurityInsights/AlertRuleTemplates', 'acc4c247-aaf7-494b-b5da-17f18863878a')]",
                "contentId": "acc4c247-aaf7-494b-b5da-17f18863878a",
                "kind": "AnalyticsRule",
                "version": "1.0.6",
                "source": {
                  "kind": "Solution",
                  "name": "Azure Active Directory",
                  "sourceId": "azuresentinel.azure-sentinel-solution-azureactivedirectory"
                },
                "author": {
                  "name": "Microsoft",
                  "email": "support@microsoft.com"
                },
                "support": {
                  "tier": "Microsoft",
                  "name": "Microsoft Corporation",
                  "email": "support@microsoft.com",
                  "link": "https://support.microsoft.com/"
                }
              }
            }
          ]
        }
      }
    }
  ]
}