{
  "$schema": "https://schema.management.azure.com/schemas/2019-04-01/deploymentTemplate.json#",
  "contentVersion": "1.0.2",
  "parameters": {
    "location": {
      "type": "string",
      "minLength": 1,
      "defaultValue": "[resourceGroup().location]",
      "metadata": {
        "description": "Not used, but needed to pass arm-ttk test `Location-Should-Not-Be-Hardcoded`.  We instead use the `workspace-location` which is derived from the LA workspace"
      }
    },
    "workspace": {
      "defaultValue": "",
      "type": "string",
      "metadata": {
        "description": "Workspace name for Log Analytics where Microsoft Sentinel is setup"
      }
    },
    "workspace-location": {
      "type": "string",
      "defaultValue": "",
      "metadata": {
        "description": "[concat('Region to deploy solution resources -- separate from location selection',parameters('location'))]"
      }
    }
  },
  "resources": [
    {
      "type": "Microsoft.OperationalInsights/workspaces/providers/contentTemplates",
      "name": "[concat(parameters('workspace'),'/Microsoft.SecurityInsights/',concat(concat(parameters('workspace'),'-ar-',uniquestring('f80d951a-eddc-4171-b9d0-d616bb83efdc')),'1.0.2'))]",
      "location": "[parameters('workspace-location')]",
      "apiVersion": "2022-08-01",
      "dependsOn": [
        "[extensionResourceId(resourceId('Microsoft.OperationalInsights/workspaces', parameters('workspace')), 'Microsoft.SecurityInsights/contentPackages', 'azuresentinel.azure-sentinel-solution-azureactivedirectory')]"
      ],
      "properties": {
        "contentId": "f80d951a-eddc-4171-b9d0-d616bb83efdc",
        "displayName": "Admin promotion after Role Management Application Permission Grant",
        "contentKind": "AnalyticsRule",
        "mainTemplate": {
          "resources": [
            {
              "type": "Microsoft.SecurityInsights/AlertRuleTemplates",
              "name": "f80d951a-eddc-4171-b9d0-d616bb83efdc",
              "apiVersion": "2022-04-01-preview",
              "kind": "Scheduled",
              "location": "[parameters('workspace-location')]",
              "properties": {
                "description": "This rule looks for a service principal being granted the Microsoft Graph RoleManagement.ReadWrite.Directory (application) permission before being used to add an Azure AD object or user account to an Admin directory role (i.e. Global Administrators).\nThis is a known attack path that is usually abused when a service principal already has the AppRoleAssignment.ReadWrite.All permission granted. This permission Allows an app to manage permission grants for application permissions to any API.\nA service principal can promote itself or other service principals to admin roles (i.e. Global Administrators). This would be considered a privilege escalation technique.\nRef : https://docs.microsoft.com/graph/permissions-reference#role-management-permissions, https://docs.microsoft.com/graph/api/directoryrole-post-members?view=graph-rest-1.0&tabs=http",
                "displayName": "Admin promotion after Role Management Application Permission Grant",
                "enabled": false,
                "query": "AuditLogs\n| where LoggedByService =~ \"Core Directory\"\n| where Category =~ \"ApplicationManagement\"\n| where AADOperationType =~ \"Assign\"\n| where ActivityDisplayName =~ \"Add app role assignment to service principal\"\n| mv-expand TargetResources\n| mv-expand TargetResources.modifiedProperties\n| extend displayName_ = tostring(TargetResources_modifiedProperties.displayName)\n| where displayName_ =~ \"AppRole.Value\"\n| extend AppRole = tostring(parse_json(tostring(TargetResources_modifiedProperties.newValue)))\n| where AppRole has \"RoleManagement.ReadWrite.Directory\"\n| extend InitiatingApp = tostring(parse_json(tostring(InitiatedBy.app)).displayName)\n| extend Initiator = iif(isnotempty(InitiatingApp), InitiatingApp, tostring(parse_json(tostring(InitiatedBy.user)).userPrincipalName))\n| extend Target = tostring(parse_json(tostring(TargetResources.modifiedProperties[4].newValue)))\n| extend TargetId = tostring(parse_json(tostring(TargetResources.modifiedProperties[3].newValue)))\n| project TimeGenerated, OperationName, Initiator, Target, TargetId, Result\n| join kind=innerunique (\n  AuditLogs\n  | where LoggedByService =~ \"Core Directory\"\n  | where Category =~ \"RoleManagement\"\n  | where AADOperationType in (\"Assign\", \"AssignEligibleRole\")\n  | where ActivityDisplayName has_any (\"Add eligible member to role\", \"Add member to role\")\n  | mv-expand TargetResources\n  | mv-expand TargetResources.modifiedProperties\n  | extend displayName_ = tostring(TargetResources_modifiedProperties.displayName)\n  | where displayName_ =~ \"Role.DisplayName\"\n  | extend RoleName = tostring(parse_json(tostring(TargetResources_modifiedProperties.newValue)))\n  | where RoleName contains \"Admin\"\n  | extend Initiator = tostring(parse_json(tostring(InitiatedBy.app)).displayName)\n  | extend InitiatorId = tostring(parse_json(tostring(InitiatedBy.app)).servicePrincipalId)\n  | extend TargetUser = tostring(TargetResources.userPrincipalName)\n  | extend Target = iif(isnotempty(TargetUser), TargetUser, tostring(TargetResources.displayName))\n  | extend TargetType = tostring(TargetResources.type)\n  | extend TargetId = tostring(TargetResources.id)\n  | project TimeGenerated, OperationName,  RoleName, Initiator, InitiatorId, Target, TargetId, TargetType, Result\n) on $left.TargetId == $right.InitiatorId\n| extend TimeRoleMgGrant = TimeGenerated, TimeAdminPromo = TimeGenerated1, ServicePrincipal = Initiator1, ServicePrincipalId = InitiatorId,\n  TargetObject = Target1, TargetObjectId = TargetId1, TargetObjectType = TargetType\n| where TimeRoleMgGrant < TimeAdminPromo\n| project TimeRoleMgGrant, TimeAdminPromo, RoleName, ServicePrincipal, ServicePrincipalId, TargetObject, TargetObjectId, TargetObjectType\n",
                "queryFrequency": "PT2H",
                "queryPeriod": "PT2H",
                "severity": "High",
                "suppressionDuration": "PT1H",
                "suppressionEnabled": false,
                "triggerOperator": "GreaterThan",
                "triggerThreshold": 0,
                "status": "Available",
                "requiredDataConnectors": [
                  {
                    "dataTypes": [
                      "AuditLogs"
                    ],
                    "connectorId": "AzureActiveDirectory"
                  }
                ],
                "tactics": [
                  "PrivilegeEscalation",
                  "Persistence"
                ],
                "entityMappings": [
                  {
                    "fieldMappings": [
                      {
                        "identifier": "FullName",
                        "columnName": "ServicePrincipal"
                      }
                    ],
                    "entityType": "Account"
                  },
                  {
                    "fieldMappings": [
                      {
                        "identifier": "FullName",
                        "columnName": "TargetObject"
                      }
                    ],
                    "entityType": "Account"
                  }
                ]
              }
            },
            {
              "type": "Microsoft.OperationalInsights/workspaces/providers/metadata",
              "apiVersion": "2022-01-01-preview",
              "name": "[concat(parameters('workspace'),'/Microsoft.SecurityInsights/',concat('AnalyticsRule-', last(split(resourceId('Microsoft.SecurityInsights/AlertRuleTemplates', 'f80d951a-eddc-4171-b9d0-d616bb83efdc'),'/'))))]",
              "properties": {
                "description": "Azure Active Directory Analytics Rule 5",
                "parentId": "[resourceId('Microsoft.SecurityInsights/AlertRuleTemplates', 'f80d951a-eddc-4171-b9d0-d616bb83efdc')]",
                "contentId": "f80d951a-eddc-4171-b9d0-d616bb83efdc",
                "kind": "AnalyticsRule",
                "version": "1.0.2",
                "source": {
                  "kind": "Solution",
                  "name": "Azure Active Directory",
                  "sourceId": "azuresentinel.azure-sentinel-solution-azureactivedirectory"
                },
                "author": {
                  "name": "Microsoft",
                  "email": "support@microsoft.com"
                },
                "support": {
                  "tier": "Microsoft",
                  "name": "Microsoft Corporation",
                  "email": "support@microsoft.com",
                  "link": "https://support.microsoft.com/"
                }
              }
            }
          ]
        }
      }
    }
  ]
}