{
  "$schema": "https://schema.management.azure.com/schemas/2019-04-01/deploymentTemplate.json#",
  "contentVersion": "1.0.1",
  "parameters": {
    "location": {
      "type": "string",
      "minLength": 1,
      "defaultValue": "[resourceGroup().location]",
      "metadata": {
        "description": "Not used, but needed to pass arm-ttk test `Location-Should-Not-Be-Hardcoded`.  We instead use the `workspace-location` which is derived from the LA workspace"
      }
    },
    "workspace": {
      "defaultValue": "",
      "type": "string",
      "metadata": {
        "description": "Workspace name for Log Analytics where Microsoft Sentinel is setup"
      }
    },
    "workspace-location": {
      "type": "string",
      "defaultValue": "",
      "metadata": {
        "description": "[concat('Region to deploy solution resources -- separate from location selection',parameters('location'))]"
      }
    }
  },
  "resources": [
    {
      "type": "Microsoft.OperationalInsights/workspaces/providers/contentTemplates",
      "name": "[concat(parameters('workspace'),'/Microsoft.SecurityInsights/',concat(concat(parameters('workspace'),'-ar-',uniquestring('3fbc20a4-04c4-464e-8fcb-6667f53e4987')),'1.0.1'))]",
      "location": "[parameters('workspace-location')]",
      "apiVersion": "2022-08-01",
      "dependsOn": [
        "[extensionResourceId(resourceId('Microsoft.OperationalInsights/workspaces', parameters('workspace')), 'Microsoft.SecurityInsights/contentPackages', 'azuresentinel.azure-sentinel-solution-azureactivedirectory')]"
      ],
      "properties": {
        "contentId": "3fbc20a4-04c4-464e-8fcb-6667f53e4987",
        "displayName": "Brute force attack against a Cloud PC",
        "contentKind": "AnalyticsRule",
        "mainTemplate": {
          "resources": [
            {
              "type": "Microsoft.SecurityInsights/AlertRuleTemplates",
              "name": "3fbc20a4-04c4-464e-8fcb-6667f53e4987",
              "apiVersion": "2022-04-01-preview",
              "kind": "Scheduled",
              "location": "[parameters('workspace-location')]",
              "properties": {
                "description": "Identifies evidence of brute force activity against a Windows 365 Cloud PC by highlighting multiple authentication failures and by a successful authentication within a given time window.",
                "displayName": "Brute force attack against a Cloud PC",
                "enabled": false,
                "query": "let failureCountThreshold = 5;\nlet successCountThreshold = 1;\nlet authenticationWindow = 20m;\nSigninLogs\n| extend OS = DeviceDetail.operatingSystem, Browser = DeviceDetail.browser\n| extend StatusCode = tostring(Status.errorCode), StatusDetails = tostring(Status.additionalDetails)\n| extend State = tostring(LocationDetails.state), City = tostring(LocationDetails.city)\n| where AppDisplayName =~ \"Windows Sign In\"\n// Split out failure versus non-failure types\n| extend FailureOrSuccess = iff(ResultType in (\"0\", \"50125\", \"50140\", \"70043\", \"70044\"), \"Success\", \"Failure\")\n| summarize StartTime = min(TimeGenerated), EndTime = max(TimeGenerated), IPAddress = makeset(IPAddress), makeset(OS), makeset(Browser), makeset(City), \nmakeset(ResultType), FailureCount = countif(FailureOrSuccess==\"Failure\"), SuccessCount = countif(FailureOrSuccess==\"Success\") \nby bin(TimeGenerated, authenticationWindow), UserDisplayName, UserPrincipalName, AppDisplayName\n| where FailureCount >= failureCountThreshold and SuccessCount >= successCountThreshold\n| mvexpand IPAddress\n| extend IPAddress = tostring(IPAddress)\n| extend timestamp = StartTime, AccountCustomEntity = UserPrincipalName, IPCustomEntity = IPAddress\n",
                "queryFrequency": "P1D",
                "queryPeriod": "P1D",
                "severity": "Medium",
                "suppressionDuration": "PT1H",
                "suppressionEnabled": false,
                "triggerOperator": "GreaterThan",
                "triggerThreshold": 0,
                "status": "Available",
                "requiredDataConnectors": [
                  {
                    "dataTypes": [
                      "SigninLogs"
                    ],
                    "connectorId": "AzureActiveDirectory"
                  }
                ],
                "tactics": [
                  "CredentialAccess"
                ],
                "entityMappings": [
                  {
                    "fieldMappings": [
                      {
                        "identifier": "FullName",
                        "columnName": "AccountCustomEntity"
                      }
                    ],
                    "entityType": "Account"
                  },
                  {
                    "fieldMappings": [
                      {
                        "identifier": "Address",
                        "columnName": "IPCustomEntity"
                      }
                    ],
                    "entityType": "IP"
                  }
                ]
              }
            },
            {
              "type": "Microsoft.OperationalInsights/workspaces/providers/metadata",
              "apiVersion": "2022-01-01-preview",
              "name": "[concat(parameters('workspace'),'/Microsoft.SecurityInsights/',concat('AnalyticsRule-', last(split(resourceId('Microsoft.SecurityInsights/AlertRuleTemplates', '3fbc20a4-04c4-464e-8fcb-6667f53e4987'),'/'))))]",
              "properties": {
                "description": "Azure Active Directory Analytics Rule 12",
                "parentId": "[resourceId('Microsoft.SecurityInsights/AlertRuleTemplates', '3fbc20a4-04c4-464e-8fcb-6667f53e4987')]",
                "contentId": "3fbc20a4-04c4-464e-8fcb-6667f53e4987",
                "kind": "AnalyticsRule",
                "version": "1.0.1",
                "source": {
                  "kind": "Solution",
                  "name": "Azure Active Directory",
                  "sourceId": "azuresentinel.azure-sentinel-solution-azureactivedirectory"
                },
                "author": {
                  "name": "Microsoft",
                  "email": "support@microsoft.com"
                },
                "support": {
                  "tier": "Microsoft",
                  "name": "Microsoft Corporation",
                  "email": "support@microsoft.com",
                  "link": "https://support.microsoft.com/"
                }
              }
            }
          ]
        }
      }
    }
  ]
}