{
  "$schema": "https://schema.management.azure.com/schemas/2019-04-01/deploymentTemplate.json#",
  "contentVersion": "1.0.6",
  "parameters": {
    "location": {
      "type": "string",
      "minLength": 1,
      "defaultValue": "[resourceGroup().location]",
      "metadata": {
        "description": "Not used, but needed to pass arm-ttk test `Location-Should-Not-Be-Hardcoded`.  We instead use the `workspace-location` which is derived from the LA workspace"
      }
    },
    "workspace": {
      "defaultValue": "",
      "type": "string",
      "metadata": {
        "description": "Workspace name for Log Analytics where Microsoft Sentinel is setup"
      }
    },
    "workspace-location": {
      "type": "string",
      "defaultValue": "",
      "metadata": {
        "description": "[concat('Region to deploy solution resources -- separate from location selection',parameters('location'))]"
      }
    }
  },
  "resources": [
    {
      "type": "Microsoft.OperationalInsights/workspaces/providers/contentTemplates",
      "name": "[concat(parameters('workspace'),'/Microsoft.SecurityInsights/',concat(concat(parameters('workspace'),'-ar-',uniquestring('694c91ee-d606-4ba9-928e-405a2dd0ff0f')),'1.0.6'))]",
      "location": "[parameters('workspace-location')]",
      "apiVersion": "2022-08-01",
      "dependsOn": [
        "[extensionResourceId(resourceId('Microsoft.OperationalInsights/workspaces', parameters('workspace')), 'Microsoft.SecurityInsights/contentPackages', 'azuresentinel.azure-sentinel-solution-azureactivedirectory')]"
      ],
      "properties": {
        "contentId": "694c91ee-d606-4ba9-928e-405a2dd0ff0f",
        "displayName": "Authentication Methods Changed for Privileged Account",
        "contentKind": "AnalyticsRule",
        "mainTemplate": {
          "resources": [
            {
              "type": "Microsoft.SecurityInsights/AlertRuleTemplates",
              "name": "694c91ee-d606-4ba9-928e-405a2dd0ff0f",
              "apiVersion": "2022-04-01-preview",
              "kind": "Scheduled",
              "location": "[parameters('workspace-location')]",
              "properties": {
                "description": "Identifies authentication methods being changed for a privileged account. This could be an indication of an attacker adding an auth method to the account so they can have continued access.\nRef : https://docs.microsoft.com/azure/active-directory/fundamentals/security-operations-privileged-accounts#things-to-monitor-1",
                "displayName": "Authentication Methods Changed for Privileged Account",
                "enabled": false,
                "query": "let queryperiod = 14d;\nlet queryfrequency = 2h;\nlet security_info_actions = dynamic([\"User registered security info\", \"User changed default security info\", \"User deleted security info\", \"Admin updated security info\", \"User reviewed security info\", \"Admin deleted security info\", \"Admin registered security info\"]);\nlet VIPUsers = (\n    IdentityInfo\n    | where TimeGenerated > ago(queryperiod)\n    | mv-expand AssignedRoles\n    | where AssignedRoles matches regex 'Admin'\n    | summarize by tolower(AccountUPN));\nAuditLogs\n| where TimeGenerated > ago(queryfrequency)\n| where Category =~ \"UserManagement\"\n| where ActivityDisplayName in (security_info_actions)\n| extend Initiator = tostring(InitiatedBy.user.userPrincipalName)\n| extend IP = tostring(InitiatedBy.user.ipAddress)\n| extend Target = tolower(tostring(TargetResources[0].userPrincipalName))\n| where Target in (VIPUsers)\n// Uncomment the line below if you are experiencing high volumes of Target entities. If this is uncommented, the Target column will not be mapped to an entity.\n//| summarize Start=min(TimeGenerated), End=max(TimeGenerated), Actions = make_set(ResultReason, MaxSize=8), Targets=make_set(Target, MaxSize=256) by Initiator, IP, Result\n// Comment out this line below, if line above is used.\n| summarize Start=min(TimeGenerated), End=max(TimeGenerated), Actions = make_set(ResultReason, MaxSize=8) by Initiator, IP, Result, Targets = Target\n",
                "queryFrequency": "PT2H",
                "queryPeriod": "P14D",
                "severity": "High",
                "suppressionDuration": "PT1H",
                "suppressionEnabled": false,
                "triggerOperator": "GreaterThan",
                "triggerThreshold": 0,
                "status": "Available",
                "requiredDataConnectors": [
                  {
                    "dataTypes": [
                      "AuditLogs"
                    ],
                    "connectorId": "AzureActiveDirectory"
                  }
                ],
                "tactics": [
                  "Persistence"
                ],
                "entityMappings": [
                  {
                    "fieldMappings": [
                      {
                        "identifier": "FullName",
                        "columnName": "Targets"
                      }
                    ],
                    "entityType": "Account"
                  },
                  {
                    "fieldMappings": [
                      {
                        "identifier": "FullName",
                        "columnName": "Initiator"
                      }
                    ],
                    "entityType": "Account"
                  },
                  {
                    "fieldMappings": [
                      {
                        "identifier": "Address",
                        "columnName": "IP"
                      }
                    ],
                    "entityType": "IP"
                  }
                ]
              }
            },
            {
              "type": "Microsoft.OperationalInsights/workspaces/providers/metadata",
              "apiVersion": "2022-01-01-preview",
              "name": "[concat(parameters('workspace'),'/Microsoft.SecurityInsights/',concat('AnalyticsRule-', last(split(resourceId('Microsoft.SecurityInsights/AlertRuleTemplates', '694c91ee-d606-4ba9-928e-405a2dd0ff0f'),'/'))))]",
              "properties": {
                "description": "Azure Active Directory Analytics Rule 7",
                "parentId": "[resourceId('Microsoft.SecurityInsights/AlertRuleTemplates', '694c91ee-d606-4ba9-928e-405a2dd0ff0f')]",
                "contentId": "694c91ee-d606-4ba9-928e-405a2dd0ff0f",
                "kind": "AnalyticsRule",
                "version": "1.0.6",
                "source": {
                  "kind": "Solution",
                  "name": "Azure Active Directory",
                  "sourceId": "azuresentinel.azure-sentinel-solution-azureactivedirectory"
                },
                "author": {
                  "name": "Microsoft",
                  "email": "support@microsoft.com"
                },
                "support": {
                  "tier": "Microsoft",
                  "name": "Microsoft Corporation",
                  "email": "support@microsoft.com",
                  "link": "https://support.microsoft.com/"
                }
              }
            }
          ]
        }
      }
    }
  ]
}