{
  "$schema": "https://schema.management.azure.com/schemas/2019-04-01/deploymentTemplate.json#",
  "contentVersion": "1.1.0",
  "parameters": {
    "location": {
      "type": "string",
      "minLength": 1,
      "defaultValue": "[resourceGroup().location]",
      "metadata": {
        "description": "Not used, but needed to pass arm-ttk test `Location-Should-Not-Be-Hardcoded`.  We instead use the `workspace-location` which is derived from the LA workspace"
      }
    },
    "workspace": {
      "defaultValue": "",
      "type": "string",
      "metadata": {
        "description": "Workspace name for Log Analytics where Microsoft Sentinel is setup"
      }
    },
    "workspace-location": {
      "type": "string",
      "defaultValue": "",
      "metadata": {
        "description": "[concat('Region to deploy solution resources -- separate from location selection',parameters('location'))]"
      }
    }
  },
  "resources": [
    {
      "type": "Microsoft.OperationalInsights/workspaces/providers/contentTemplates",
      "name": "[concat(parameters('workspace'),'/Microsoft.SecurityInsights/',concat(concat(parameters('workspace'),'-ar-',uniquestring('02ef8d7e-fc3a-4d86-a457-650fa571d8d2')),'1.1.0'))]",
      "location": "[parameters('workspace-location')]",
      "apiVersion": "2022-08-01",
      "dependsOn": [
        "[extensionResourceId(resourceId('Microsoft.OperationalInsights/workspaces', parameters('workspace')), 'Microsoft.SecurityInsights/contentPackages', 'azuresentinel.azure-sentinel-solution-azureactivedirectory')]"
      ],
      "properties": {
        "contentId": "02ef8d7e-fc3a-4d86-a457-650fa571d8d2",
        "displayName": "Successful logon from IP and failure from a different IP",
        "contentKind": "AnalyticsRule",
        "mainTemplate": {
          "resources": [
            {
              "type": "Microsoft.SecurityInsights/AlertRuleTemplates",
              "name": "02ef8d7e-fc3a-4d86-a457-650fa571d8d2",
              "apiVersion": "2022-04-01-preview",
              "kind": "Scheduled",
              "location": "[parameters('workspace-location')]",
              "properties": {
                "description": "Identifies when a user account successfully logs onto an Azure App from one IP and within 10 mins failed to logon to the same App via a different IP.\nThis may indicate a malicious attempt at password guessing based on knowledge of the users account.",
                "displayName": "Successful logon from IP and failure from a different IP",
                "enabled": false,
                "query": "\nlet logonDiff = 10m;\nlet aadFunc = (tableName:string){\ntable(tableName) \n| where ResultType == \"0\" \n| where AppDisplayName !in (\"Office 365 Exchange Online\", \"Skype for Business Online\")\n| project SuccessLogonTime = TimeGenerated, UserPrincipalName, SuccessIPAddress = IPAddress, AppDisplayName, SuccessIPBlock = strcat(split(IPAddress, \".\")[0], \".\", split(IPAddress, \".\")[1]), Type\n| join kind= inner (\n    table(tableName)\n    | where ResultType !in (\"0\", \"50140\") \n    | where ResultDescription !~ \"Other\"  \n    | where AppDisplayName !in (\"Office 365 Exchange Online\", \"Skype for Business Online\")\n    | project FailedLogonTime = TimeGenerated, UserPrincipalName, FailedIPAddress = IPAddress, AppDisplayName, ResultType, ResultDescription, Type\n) on UserPrincipalName, AppDisplayName \n| where SuccessLogonTime < FailedLogonTime and FailedLogonTime - SuccessLogonTime <= logonDiff and FailedIPAddress !startswith SuccessIPBlock\n| summarize FailedLogonTime = max(FailedLogonTime), SuccessLogonTime = max(SuccessLogonTime) by UserPrincipalName, SuccessIPAddress, AppDisplayName, FailedIPAddress, ResultType, ResultDescription, Type\n| extend timestamp = SuccessLogonTime\n};\nlet aadSignin = aadFunc(\"SigninLogs\");\nlet aadNonInt = aadFunc(\"AADNonInteractiveUserSignInLogs\");\nunion isfuzzy=true aadSignin, aadNonInt\n",
                "queryFrequency": "P1D",
                "queryPeriod": "P1D",
                "severity": "Medium",
                "suppressionDuration": "PT1H",
                "suppressionEnabled": false,
                "triggerOperator": "GreaterThan",
                "triggerThreshold": 0,
                "status": "Available",
                "requiredDataConnectors": [
                  {
                    "dataTypes": [
                      "SigninLogs"
                    ],
                    "connectorId": "AzureActiveDirectory"
                  },
                  {
                    "dataTypes": [
                      "AADNonInteractiveUserSignInLogs"
                    ],
                    "connectorId": "AzureActiveDirectory"
                  }
                ],
                "tactics": [
                  "CredentialAccess",
                  "InitialAccess"
                ],
                "entityMappings": [
                  {
                    "fieldMappings": [
                      {
                        "identifier": "FullName",
                        "columnName": "UserPrincipalName"
                      }
                    ],
                    "entityType": "Account"
                  },
                  {
                    "fieldMappings": [
                      {
                        "identifier": "Address",
                        "columnName": "SuccessIPAddress"
                      }
                    ],
                    "entityType": "IP"
                  },
                  {
                    "fieldMappings": [
                      {
                        "identifier": "Address",
                        "columnName": "FailedIPAddress"
                      }
                    ],
                    "entityType": "IP"
                  }
                ]
              }
            },
            {
              "type": "Microsoft.OperationalInsights/workspaces/providers/metadata",
              "apiVersion": "2022-01-01-preview",
              "name": "[concat(parameters('workspace'),'/Microsoft.SecurityInsights/',concat('AnalyticsRule-', last(split(resourceId('Microsoft.SecurityInsights/AlertRuleTemplates', '02ef8d7e-fc3a-4d86-a457-650fa571d8d2'),'/'))))]",
              "properties": {
                "description": "Azure Active Directory Analytics Rule 42",
                "parentId": "[resourceId('Microsoft.SecurityInsights/AlertRuleTemplates', '02ef8d7e-fc3a-4d86-a457-650fa571d8d2')]",
                "contentId": "02ef8d7e-fc3a-4d86-a457-650fa571d8d2",
                "kind": "AnalyticsRule",
                "version": "1.1.0",
                "source": {
                  "kind": "Solution",
                  "name": "Azure Active Directory",
                  "sourceId": "azuresentinel.azure-sentinel-solution-azureactivedirectory"
                },
                "author": {
                  "name": "Microsoft",
                  "email": "support@microsoft.com"
                },
                "support": {
                  "tier": "Microsoft",
                  "name": "Microsoft Corporation",
                  "email": "support@microsoft.com",
                  "link": "https://support.microsoft.com/"
                }
              }
            }
          ]
        }
      }
    }
  ]
}