{
  "$schema": "https://schema.management.azure.com/schemas/2019-04-01/deploymentTemplate.json#",
  "contentVersion": "1.0.2",
  "parameters": {
    "location": {
      "type": "string",
      "minLength": 1,
      "defaultValue": "[resourceGroup().location]",
      "metadata": {
        "description": "Not used, but needed to pass arm-ttk test `Location-Should-Not-Be-Hardcoded`.  We instead use the `workspace-location` which is derived from the LA workspace"
      }
    },
    "workspace": {
      "defaultValue": "",
      "type": "string",
      "metadata": {
        "description": "Workspace name for Log Analytics where Microsoft Sentinel is setup"
      }
    },
    "workspace-location": {
      "type": "string",
      "defaultValue": "",
      "metadata": {
        "description": "[concat('Region to deploy solution resources -- separate from location selection',parameters('location'))]"
      }
    }
  },
  "resources": [
    {
      "type": "Microsoft.OperationalInsights/workspaces/providers/contentTemplates",
      "name": "[concat(parameters('workspace'),'/Microsoft.SecurityInsights/',concat(concat(parameters('workspace'),'-ar-',uniquestring('1ff56009-db01-4615-8211-d4fda21da02d')),'1.0.2'))]",
      "location": "[parameters('workspace-location')]",
      "apiVersion": "2022-08-01",
      "dependsOn": [
        "[extensionResourceId(resourceId('Microsoft.OperationalInsights/workspaces', parameters('workspace')), 'Microsoft.SecurityInsights/contentPackages', 'azuresentinel.azure-sentinel-solution-azureactivedirectory')]"
      ],
      "properties": {
        "contentId": "1ff56009-db01-4615-8211-d4fda21da02d",
        "displayName": "Azure AD Role Management Permission Grant",
        "contentKind": "AnalyticsRule",
        "mainTemplate": {
          "resources": [
            {
              "type": "Microsoft.SecurityInsights/AlertRuleTemplates",
              "name": "1ff56009-db01-4615-8211-d4fda21da02d",
              "apiVersion": "2022-04-01-preview",
              "kind": "Scheduled",
              "location": "[parameters('workspace-location')]",
              "properties": {
                "description": "Identifies when the Microsoft Graph RoleManagement.ReadWrite.Directory (Delegated or Application) permission is granted to a service principal.\nThis permission allows an application to read and manage the role-based access control (RBAC) settings for your company's directory.\nAn adversary could use this permission to add an Azure AD object to an Admin directory role and escalate privileges.\nRef : https://docs.microsoft.com/graph/permissions-reference#role-management-permissions\nRef : https://docs.microsoft.com/graph/api/directoryrole-post-members?view=graph-rest-1.0&tabs=http",
                "displayName": "Azure AD Role Management Permission Grant",
                "enabled": false,
                "query": "AuditLogs\n| where LoggedByService =~ \"Core Directory\"\n| where Category =~ \"ApplicationManagement\"\n| where AADOperationType =~ \"Assign\"\n| where ActivityDisplayName has_any (\"Add delegated permission grant\",\"Add app role assignment to service principal\")\n| mv-expand TargetResources\n| mv-expand TargetResources.modifiedProperties\n| extend displayName_ = tostring(TargetResources_modifiedProperties.displayName)\n| where displayName_ has_any (\"AppRole.Value\",\"DelegatedPermissionGrant.Scope\")\n| extend Permission = tostring(parse_json(tostring(TargetResources_modifiedProperties.newValue)))\n| where Permission has \"RoleManagement.ReadWrite.Directory\"\n| extend InitiatingApp = tostring(parse_json(tostring(InitiatedBy.app)).displayName)\n| extend Initiator = iif(isnotempty(InitiatingApp), InitiatingApp, tostring(parse_json(tostring(InitiatedBy.user)).userPrincipalName))\n| extend Target = tostring(parse_json(tostring(TargetResources.modifiedProperties[4].newValue)))\n| extend TargetId = iif(displayName_ =~ 'DelegatedPermissionGrant.Scope',\n  tostring(parse_json(tostring(TargetResources.modifiedProperties[2].newValue))),\n  tostring(parse_json(tostring(TargetResources.modifiedProperties[3].newValue))))\n| summarize by bin(TimeGenerated, 1h), OperationName, Initiator, Target, TargetId, Result\n",
                "queryFrequency": "PT2H",
                "queryPeriod": "PT2H",
                "severity": "High",
                "suppressionDuration": "PT1H",
                "suppressionEnabled": false,
                "triggerOperator": "GreaterThan",
                "triggerThreshold": 0,
                "status": "Available",
                "requiredDataConnectors": [
                  {
                    "dataTypes": [
                      "AuditLogs"
                    ],
                    "connectorId": "AzureActiveDirectory"
                  }
                ],
                "tactics": [
                  "Persistence",
                  "Impact"
                ],
                "entityMappings": [
                  {
                    "fieldMappings": [
                      {
                        "identifier": "FullName",
                        "columnName": "Initiator"
                      }
                    ],
                    "entityType": "Account"
                  },
                  {
                    "fieldMappings": [
                      {
                        "identifier": "FullName",
                        "columnName": "Target"
                      }
                    ],
                    "entityType": "Account"
                  }
                ]
              }
            },
            {
              "type": "Microsoft.OperationalInsights/workspaces/providers/metadata",
              "apiVersion": "2022-01-01-preview",
              "name": "[concat(parameters('workspace'),'/Microsoft.SecurityInsights/',concat('AnalyticsRule-', last(split(resourceId('Microsoft.SecurityInsights/AlertRuleTemplates', '1ff56009-db01-4615-8211-d4fda21da02d'),'/'))))]",
              "properties": {
                "description": "Azure Active Directory Analytics Rule 9",
                "parentId": "[resourceId('Microsoft.SecurityInsights/AlertRuleTemplates', '1ff56009-db01-4615-8211-d4fda21da02d')]",
                "contentId": "1ff56009-db01-4615-8211-d4fda21da02d",
                "kind": "AnalyticsRule",
                "version": "1.0.2",
                "source": {
                  "kind": "Solution",
                  "name": "Azure Active Directory",
                  "sourceId": "azuresentinel.azure-sentinel-solution-azureactivedirectory"
                },
                "author": {
                  "name": "Microsoft",
                  "email": "support@microsoft.com"
                },
                "support": {
                  "tier": "Microsoft",
                  "name": "Microsoft Corporation",
                  "email": "support@microsoft.com",
                  "link": "https://support.microsoft.com/"
                }
              }
            }
          ]
        }
      }
    }
  ]
}