{
  "$schema": "https://schema.management.azure.com/schemas/2019-04-01/deploymentTemplate.json#",
  "contentVersion": "1.0.1",
  "parameters": {
    "location": {
      "type": "string",
      "minLength": 1,
      "defaultValue": "[resourceGroup().location]",
      "metadata": {
        "description": "Not used, but needed to pass arm-ttk test `Location-Should-Not-Be-Hardcoded`.  We instead use the `workspace-location` which is derived from the LA workspace"
      }
    },
    "workspace": {
      "defaultValue": "",
      "type": "string",
      "metadata": {
        "description": "Workspace name for Log Analytics where Microsoft Sentinel is setup"
      }
    },
    "workspace-location": {
      "type": "string",
      "defaultValue": "",
      "metadata": {
        "description": "[concat('Region to deploy solution resources -- separate from location selection',parameters('location'))]"
      }
    }
  },
  "resources": [
    {
      "type": "Microsoft.OperationalInsights/workspaces/providers/contentTemplates",
      "name": "[concat(parameters('workspace'),'/Microsoft.SecurityInsights/',concat(concat(parameters('workspace'),'-ar-',uniquestring('3af9285d-bb98-4a35-ad29-5ea39ba0c628')),'1.0.1'))]",
      "location": "[parameters('workspace-location')]",
      "apiVersion": "2022-08-01",
      "dependsOn": [
        "[extensionResourceId(resourceId('Microsoft.OperationalInsights/workspaces', parameters('workspace')), 'Microsoft.SecurityInsights/contentPackages', 'azuresentinel.azure-sentinel-solution-azureactivedirectory')]"
      ],
      "properties": {
        "contentId": "3af9285d-bb98-4a35-ad29-5ea39ba0c628",
        "displayName": "Attempt to bypass conditional access rule in Azure AD",
        "contentKind": "AnalyticsRule",
        "mainTemplate": {
          "resources": [
            {
              "type": "Microsoft.SecurityInsights/AlertRuleTemplates",
              "name": "3af9285d-bb98-4a35-ad29-5ea39ba0c628",
              "apiVersion": "2022-04-01-preview",
              "kind": "Scheduled",
              "location": "[parameters('workspace-location')]",
              "properties": {
                "description": "Identifies an attempt to Bypass conditional access rule(s) in Azure Active Directory.\nThe ConditionalAccessStatus column value details if there was an attempt to bypass Conditional Access\nor if the Conditional access rule was not satisfied (ConditionalAccessStatus == 1).\nReferences: \nhttps://docs.microsoft.com/azure/active-directory/conditional-access/overview\nhttps://docs.microsoft.com/azure/active-directory/reports-monitoring/concept-sign-ins\nhttps://docs.microsoft.com/azure/active-directory/reports-monitoring/reference-sign-ins-error-codes\nConditionalAccessStatus == 0 // Success\nConditionalAccessStatus == 1 // Failure\nConditionalAccessStatus == 2 // Not Applied\nConditionalAccessStatus == 3 // unknown",
                "displayName": "Attempt to bypass conditional access rule in Azure AD",
                "enabled": false,
                "query": "\nlet threshold = 1;\nlet aadFunc = (tableName:string){\ntable(tableName)\n| where ConditionalAccessStatus == 1 or ConditionalAccessStatus =~ \"failure\"\n| extend DeviceDetail = todynamic(DeviceDetail), Status = todynamic(Status), LocationDetails = todynamic(LocationDetails)\n| extend OS = DeviceDetail.operatingSystem, Browser = DeviceDetail.browser\n| extend State = tostring(LocationDetails.state), City = tostring(LocationDetails.city), Region = tostring(LocationDetails.countryOrRegion) \n| extend StatusCode = tostring(Status.errorCode), StatusDetails = tostring(Status.additionalDetails)\n| extend ConditionalAccessPolicies = todynamic(ConditionalAccessPolicies)\n| extend ConditionalAccessPol0Name = tostring(ConditionalAccessPolicies[0].displayName)\n| extend ConditionalAccessPol1Name = tostring(ConditionalAccessPolicies[1].displayName)\n| extend ConditionalAccessPol2Name = tostring(ConditionalAccessPolicies[2].displayName)\n| extend Status = strcat(StatusCode, \": \", ResultDescription) \n| summarize StartTime = min(TimeGenerated), EndTime = max(TimeGenerated), Status = make_list(Status), StatusDetails = make_list(StatusDetails), IPAddresses = make_list(IPAddress), IPAddressCount = dcount(IPAddress), CorrelationIds = make_list(CorrelationId) \nby UserPrincipalName, AppDisplayName, tostring(Browser), tostring(OS), City, State, Region, ConditionalAccessPol0Name, ConditionalAccessPol1Name, ConditionalAccessPol2Name, Type\n| where IPAddressCount > threshold and StatusDetails !has \"MFA successfully completed\"\n| mvexpand IPAddresses, Status, StatusDetails, CorrelationIds\n| extend Status = strcat(Status, \" \", StatusDetails)\n| summarize IPAddresses = make_set(IPAddresses), Status = make_set(Status), CorrelationIds = make_set(CorrelationIds) \nby StartTime, EndTime, UserPrincipalName, AppDisplayName, tostring(Browser), tostring(OS), City, State, Region, ConditionalAccessPol0Name, ConditionalAccessPol1Name, ConditionalAccessPol2Name, IPAddressCount, Type\n| extend timestamp = StartTime, AccountCustomEntity = UserPrincipalName, IPCustomEntity = tostring(IPAddresses)\n};\nlet aadSignin = aadFunc(\"SigninLogs\");\nlet aadNonInt = aadFunc(\"AADNonInteractiveUserSignInLogs\");\nunion isfuzzy=true aadSignin, aadNonInt\n",
                "queryFrequency": "P1D",
                "queryPeriod": "P1D",
                "severity": "Low",
                "suppressionDuration": "PT1H",
                "suppressionEnabled": false,
                "triggerOperator": "GreaterThan",
                "triggerThreshold": 0,
                "status": "Available",
                "requiredDataConnectors": [
                  {
                    "dataTypes": [
                      "SigninLogs"
                    ],
                    "connectorId": "AzureActiveDirectory"
                  },
                  {
                    "dataTypes": [
                      "AADNonInteractiveUserSignInLogs"
                    ],
                    "connectorId": "AzureActiveDirectory"
                  }
                ],
                "tactics": [
                  "InitialAccess",
                  "Persistence"
                ],
                "entityMappings": [
                  {
                    "fieldMappings": [
                      {
                        "identifier": "FullName",
                        "columnName": "AccountCustomEntity"
                      }
                    ],
                    "entityType": "Account"
                  },
                  {
                    "fieldMappings": [
                      {
                        "identifier": "Address",
                        "columnName": "IPCustomEntity"
                      }
                    ],
                    "entityType": "IP"
                  }
                ]
              }
            },
            {
              "type": "Microsoft.OperationalInsights/workspaces/providers/metadata",
              "apiVersion": "2022-01-01-preview",
              "name": "[concat(parameters('workspace'),'/Microsoft.SecurityInsights/',concat('AnalyticsRule-', last(split(resourceId('Microsoft.SecurityInsights/AlertRuleTemplates', '3af9285d-bb98-4a35-ad29-5ea39ba0c628'),'/'))))]",
              "properties": {
                "description": "Azure Active Directory Analytics Rule 14",
                "parentId": "[resourceId('Microsoft.SecurityInsights/AlertRuleTemplates', '3af9285d-bb98-4a35-ad29-5ea39ba0c628')]",
                "contentId": "3af9285d-bb98-4a35-ad29-5ea39ba0c628",
                "kind": "AnalyticsRule",
                "version": "1.0.1",
                "source": {
                  "kind": "Solution",
                  "name": "Azure Active Directory",
                  "sourceId": "azuresentinel.azure-sentinel-solution-azureactivedirectory"
                },
                "author": {
                  "name": "Microsoft",
                  "email": "support@microsoft.com"
                },
                "support": {
                  "tier": "Microsoft",
                  "name": "Microsoft Corporation",
                  "email": "support@microsoft.com",
                  "link": "https://support.microsoft.com/"
                }
              }
            }
          ]
        }
      }
    }
  ]
}