{
  "$schema": "https://schema.management.azure.com/schemas/2019-04-01/deploymentTemplate.json#",
  "contentVersion": "1.0.1",
  "parameters": {
    "location": {
      "type": "string",
      "minLength": 1,
      "defaultValue": "[resourceGroup().location]",
      "metadata": {
        "description": "Not used, but needed to pass arm-ttk test `Location-Should-Not-Be-Hardcoded`.  We instead use the `workspace-location` which is derived from the LA workspace"
      }
    },
    "workspace": {
      "defaultValue": "",
      "type": "string",
      "metadata": {
        "description": "Workspace name for Log Analytics where Microsoft Sentinel is setup"
      }
    },
    "workspace-location": {
      "type": "string",
      "defaultValue": "",
      "metadata": {
        "description": "[concat('Region to deploy solution resources -- separate from location selection',parameters('location'))]"
      }
    }
  },
  "resources": [
    {
      "type": "Microsoft.OperationalInsights/workspaces/providers/contentTemplates",
      "name": "[concat(parameters('workspace'),'/Microsoft.SecurityInsights/',concat(concat(parameters('workspace'),'-ar-',uniquestring('70fc7201-f28e-4ba7-b9ea-c04b96701f13')),'1.0.1'))]",
      "location": "[parameters('workspace-location')]",
      "apiVersion": "2022-08-01",
      "dependsOn": [
        "[extensionResourceId(resourceId('Microsoft.OperationalInsights/workspaces', parameters('workspace')), 'Microsoft.SecurityInsights/contentPackages', 'azuresentinel.azure-sentinel-solution-azureactivedirectory')]"
      ],
      "properties": {
        "contentId": "70fc7201-f28e-4ba7-b9ea-c04b96701f13",
        "displayName": "NRT User added to Azure Active Directory Privileged Groups",
        "contentKind": "AnalyticsRule",
        "mainTemplate": {
          "resources": [
            {
              "type": "Microsoft.SecurityInsights/AlertRuleTemplates",
              "name": "70fc7201-f28e-4ba7-b9ea-c04b96701f13",
              "apiVersion": "2022-04-01-preview",
              "kind": "NRT",
              "location": "[parameters('workspace-location')]",
              "properties": {
                "description": "This will alert when a user is added to any of the Privileged Groups.\nFor further information on AuditLogs please see https://docs.microsoft.com/azure/active-directory/reports-monitoring/reference-audit-activities.\nFor Administrator role permissions in Azure Active Directory please see https://docs.microsoft.com/azure/active-directory/users-groups-roles/directory-assign-admin-roles",
                "displayName": "NRT User added to Azure Active Directory Privileged Groups",
                "enabled": false,
                "query": "let OperationList = dynamic([\"Add member to role\",\"Add member to role in PIM requested (permanent)\"]);\nlet PrivilegedGroups = dynamic([\"UserAccountAdmins\",\"PrivilegedRoleAdmins\",\"TenantAdmins\"]);\nAuditLogs\n//| where LoggedByService =~ \"Core Directory\"\n| where Category =~ \"RoleManagement\"\n| where OperationName in~ (OperationList)\n| mv-expand TargetResources\n| extend modProps = parse_json(TargetResources).modifiedProperties\n| mv-expand bagexpansion=array modProps\n| evaluate bag_unpack(modProps)\n| extend displayName = column_ifexists(\"displayName\", \"NotAvailable\"), newValue = column_ifexists(\"newValue\", \"NotAvailable\")\n| where displayName =~ \"Role.WellKnownObjectName\"\n| extend DisplayName = displayName, GroupName = replace('\"','',newValue)\n| extend initByApp = parse_json(InitiatedBy).app, initByUser = parse_json(InitiatedBy).user\n| extend AppId = initByApp.appId,\nInitiatedByDisplayName = case(isnotempty(initByApp.displayName), initByApp.displayName, isnotempty(initByUser.displayName), initByUser.displayName, \"not available\"),\nServicePrincipalId = tostring(initByApp.servicePrincipalId),\nServicePrincipalName = tostring(initByApp.servicePrincipalName),\nUserId = initByUser.id,\nUserIPAddress = initByUser.ipAddress,\nUserRoles = initByUser.roles,\nUserPrincipalName = tostring(initByUser.userPrincipalName),\nTargetUserPrincipalName = tostring(TargetResources.userPrincipalName)\n| where GroupName in~ (PrivilegedGroups)\n// If you don't want to alert for operations from PIM, remove below filtering for MS-PIM.\n//| where InitiatedByDisplayName != \"MS-PIM\"\n| project TimeGenerated, AADOperationType, Category, OperationName, AADTenantId, AppId, InitiatedByDisplayName, ServicePrincipalId, ServicePrincipalName, DisplayName, GroupName, UserId, UserIPAddress, UserRoles, UserPrincipalName, TargetUserPrincipalName\n| extend AccountCustomEntity = case(isnotempty(ServicePrincipalName), ServicePrincipalName, isnotempty(ServicePrincipalId), ServicePrincipalId, isnotempty(UserPrincipalName), UserPrincipalName, \"not available\")\n",
                "severity": "Medium",
                "suppressionDuration": "PT1H",
                "suppressionEnabled": false,
                "status": "Available",
                "requiredDataConnectors": [
                  {
                    "dataTypes": [
                      "AuditLogs"
                    ],
                    "connectorId": "AzureActiveDirectory"
                  }
                ],
                "tactics": [
                  "Persistence",
                  "PrivilegeEscalation"
                ],
                "entityMappings": [
                  {
                    "fieldMappings": [
                      {
                        "identifier": "FullName",
                        "columnName": "AccountCustomEntity"
                      }
                    ],
                    "entityType": "Account"
                  },
                  {
                    "fieldMappings": [
                      {
                        "identifier": "FullName",
                        "columnName": "TargetUserPrincipalName"
                      }
                    ],
                    "entityType": "Account"
                  }
                ]
              }
            },
            {
              "type": "Microsoft.OperationalInsights/workspaces/providers/metadata",
              "apiVersion": "2022-01-01-preview",
              "name": "[concat(parameters('workspace'),'/Microsoft.SecurityInsights/',concat('AnalyticsRule-', last(split(resourceId('Microsoft.SecurityInsights/AlertRuleTemplates', '70fc7201-f28e-4ba7-b9ea-c04b96701f13'),'/'))))]",
              "properties": {
                "description": "Azure Active Directory Analytics Rule 32",
                "parentId": "[resourceId('Microsoft.SecurityInsights/AlertRuleTemplates', '70fc7201-f28e-4ba7-b9ea-c04b96701f13')]",
                "contentId": "70fc7201-f28e-4ba7-b9ea-c04b96701f13",
                "kind": "AnalyticsRule",
                "version": "1.0.1",
                "source": {
                  "kind": "Solution",
                  "name": "Azure Active Directory",
                  "sourceId": "azuresentinel.azure-sentinel-solution-azureactivedirectory"
                },
                "author": {
                  "name": "Microsoft",
                  "email": "support@microsoft.com"
                },
                "support": {
                  "tier": "Microsoft",
                  "name": "Microsoft Corporation",
                  "email": "support@microsoft.com",
                  "link": "https://support.microsoft.com/"
                }
              }
            }
          ]
        }
      }
    }
  ]
}