{
  "$schema": "https://schema.management.azure.com/schemas/2019-04-01/deploymentTemplate.json#",
  "contentVersion": "1.0.0",
  "parameters": {
    "location": {
      "type": "string",
      "minLength": 1,
      "defaultValue": "[resourceGroup().location]",
      "metadata": {
        "description": "Not used, but needed to pass arm-ttk test `Location-Should-Not-Be-Hardcoded`.  We instead use the `workspace-location` which is derived from the LA workspace"
      }
    },
    "workspace": {
      "defaultValue": "",
      "type": "string",
      "metadata": {
        "description": "Workspace name for Log Analytics where Microsoft Sentinel is setup"
      }
    },
    "workspace-location": {
      "type": "string",
      "defaultValue": "",
      "metadata": {
        "description": "[concat('Region to deploy solution resources -- separate from location selection',parameters('location'))]"
      }
    }
  },
  "resources": [
    {
      "type": "Microsoft.OperationalInsights/workspaces/providers/contentTemplates",
      "name": "[concat(parameters('workspace'),'/Microsoft.SecurityInsights/',concat(concat(parameters('workspace'),'-ar-',uniquestring('cda5928c-2c1e-4575-9dfa-07568bc27a4f')),'1.0.0'))]",
      "location": "[parameters('workspace-location')]",
      "apiVersion": "2022-08-01",
      "dependsOn": [
        "[extensionResourceId(resourceId('Microsoft.OperationalInsights/workspaces', parameters('workspace')), 'Microsoft.SecurityInsights/contentPackages', 'azuresentinel.azure-sentinel-solution-azureactivedirectory')]"
      ],
      "properties": {
        "contentId": "cda5928c-2c1e-4575-9dfa-07568bc27a4f",
        "displayName": "Multiple admin membership removals from newly created admin.",
        "contentKind": "AnalyticsRule",
        "mainTemplate": {
          "resources": [
            {
              "type": "Microsoft.SecurityInsights/AlertRuleTemplates",
              "name": "cda5928c-2c1e-4575-9dfa-07568bc27a4f",
              "apiVersion": "2022-04-01-preview",
              "kind": "Scheduled",
              "location": "[parameters('workspace-location')]",
              "properties": {
                "description": "This query detects when newly created Global admin removes multiple existing global admins which can be an attempt by adversaries to lock down organization and retain sole access. \n Investigate reasoning and intention of multiple membership removal by new Global admins and take necessary actions accordingly.",
                "displayName": "Multiple admin membership removals from newly created admin.",
                "enabled": false,
                "query": "let lookback = 7d; \nlet timeframe = 1h; \nlet GlobalAdminsRemoved = AuditLogs \n| where TimeGenerated > ago(timeframe) \n| where Category =~ \"RoleManagement\" \n| where AADOperationType in (\"Unassign\", \"RemoveEligibleRole\") \n| where ActivityDisplayName has_any (\"Remove member from role\", \"Remove eligible member from role\") \n| mv-expand TargetResources \n| mv-expand TargetResources.modifiedProperties \n| extend displayName_ = tostring(TargetResources_modifiedProperties.displayName) \n| where displayName_ =~ \"Role.DisplayName\" \n| extend RoleName = tostring(parse_json(tostring(TargetResources_modifiedProperties.oldValue))) \n| where RoleName == \"Global Administrator\" // Add other Privileged role if applicable \n| extend InitiatingApp = tostring(parse_json(tostring(InitiatedBy.app)).displayName) \n| extend Initiator = iif(isnotempty(InitiatingApp), InitiatingApp, tostring(parse_json(tostring(InitiatedBy.user)).userPrincipalName)) \n| where Initiator != \"MS-PIM\"  // Filtering PIM events \n| extend Target = tostring(TargetResources.userPrincipalName) \n| summarize RemovedGlobalAdminTime = max(TimeGenerated), TargetAdmins = make_set(Target) by OperationName,  RoleName, Initiator, Result; \nlet GlobalAdminsAdded = AuditLogs \n| where TimeGenerated > ago(lookback) \n| where Category =~ \"RoleManagement\" \n| where AADOperationType in (\"Assign\", \"AssignEligibleRole\") \n| where ActivityDisplayName has_any (\"Add eligible member to role\", \"Add member to role\") and Result == \"success\" \n| mv-expand TargetResources \n| mv-expand TargetResources.modifiedProperties \n| extend displayName_ = tostring(TargetResources_modifiedProperties.displayName) \n| where displayName_ =~ \"Role.DisplayName\" \n| extend RoleName = tostring(parse_json(tostring(TargetResources_modifiedProperties.newValue))) \n| where RoleName == \"Global Administrator\" // Add other Privileged role if applicable \n| extend InitiatingApp = tostring(parse_json(tostring(InitiatedBy.app)).displayName) \n| extend Initiator = iif(isnotempty(InitiatingApp), InitiatingApp, tostring(parse_json(tostring(InitiatedBy.user)).userPrincipalName)) \n| where Initiator != \"MS-PIM\"  // Filtering PIM events \n| extend Target = tostring(TargetResources.userPrincipalName) \n| summarize AddedGlobalAdminTime = max(TimeGenerated) by OperationName,  RoleName, Target, Initiator, Result \n| extend AccountCustomEntity = Target; \nGlobalAdminsAdded \n| join kind= inner GlobalAdminsRemoved on $left.Target == $right.Initiator \n| where AddedGlobalAdminTime < RemovedGlobalAdminTime \n| extend NoofAdminsRemoved = array_length(TargetAdmins) \n| where NoofAdminsRemoved > 1\n| project AddedGlobalAdminTime, Initiator, Target, AccountCustomEntity, RemovedGlobalAdminTime, TargetAdmins, NoofAdminsRemoved\n",
                "queryFrequency": "PT1H",
                "queryPeriod": "P7D",
                "severity": "Medium",
                "suppressionDuration": "PT1H",
                "suppressionEnabled": false,
                "triggerOperator": "GreaterThan",
                "triggerThreshold": 0,
                "status": "Available",
                "requiredDataConnectors": [
                  {
                    "dataTypes": [
                      "AuditLogs"
                    ],
                    "connectorId": "AzureActiveDirectory"
                  }
                ],
                "tactics": [
                  "Impact"
                ],
                "entityMappings": [
                  {
                    "fieldMappings": [
                      {
                        "identifier": "FullName",
                        "columnName": "AccountCustomEntity"
                      }
                    ],
                    "entityType": "Account"
                  }
                ]
              }
            },
            {
              "type": "Microsoft.OperationalInsights/workspaces/providers/metadata",
              "apiVersion": "2022-01-01-preview",
              "name": "[concat(parameters('workspace'),'/Microsoft.SecurityInsights/',concat('AnalyticsRule-', last(split(resourceId('Microsoft.SecurityInsights/AlertRuleTemplates', 'cda5928c-2c1e-4575-9dfa-07568bc27a4f'),'/'))))]",
              "properties": {
                "description": "Azure Active Directory Analytics Rule 25",
                "parentId": "[resourceId('Microsoft.SecurityInsights/AlertRuleTemplates', 'cda5928c-2c1e-4575-9dfa-07568bc27a4f')]",
                "contentId": "cda5928c-2c1e-4575-9dfa-07568bc27a4f",
                "kind": "AnalyticsRule",
                "version": "1.0.0",
                "source": {
                  "kind": "Solution",
                  "name": "Azure Active Directory",
                  "sourceId": "azuresentinel.azure-sentinel-solution-azureactivedirectory"
                },
                "author": {
                  "name": "Microsoft",
                  "email": "support@microsoft.com"
                },
                "support": {
                  "tier": "Microsoft",
                  "name": "Microsoft Corporation",
                  "email": "support@microsoft.com",
                  "link": "https://support.microsoft.com/"
                }
              }
            }
          ]
        }
      }
    }
  ]
}