{
  "$schema": "https://schema.management.azure.com/schemas/2019-04-01/deploymentTemplate.json#",
  "contentVersion": "1.0.0",
  "parameters": {
    "location": {
      "type": "string",
      "minLength": 1,
      "defaultValue": "[resourceGroup().location]",
      "metadata": {
        "description": "Not used, but needed to pass arm-ttk test `Location-Should-Not-Be-Hardcoded`.  We instead use the `workspace-location` which is derived from the LA workspace"
      }
    },
    "workspace": {
      "defaultValue": "",
      "type": "string",
      "metadata": {
        "description": "Workspace name for Log Analytics where Microsoft Sentinel is setup"
      }
    },
    "workspace-location": {
      "type": "string",
      "defaultValue": "",
      "metadata": {
        "description": "[concat('Region to deploy solution resources -- separate from location selection',parameters('location'))]"
      }
    }
  },
  "resources": [
    {
      "type": "Microsoft.OperationalInsights/workspaces/providers/contentTemplates",
      "name": "[concat(parameters('workspace'),'/Microsoft.SecurityInsights/',concat(concat(parameters('workspace'),'-ar-',uniquestring('fb7ca1c9-e14c-40a3-856e-28f3c14ea1ba')),'1.0.0'))]",
      "location": "[parameters('workspace-location')]",
      "apiVersion": "2022-08-01",
      "dependsOn": [
        "[extensionResourceId(resourceId('Microsoft.OperationalInsights/workspaces', parameters('workspace')), 'Microsoft.SecurityInsights/contentPackages', 'azuresentinel.azure-sentinel-solution-azureactivedirectory')]"
      ],
      "properties": {
        "contentId": "fb7ca1c9-e14c-40a3-856e-28f3c14ea1ba",
        "displayName": "Password spray attack against Azure AD Seamless SSO",
        "contentKind": "AnalyticsRule",
        "mainTemplate": {
          "resources": [
            {
              "type": "Microsoft.SecurityInsights/AlertRuleTemplates",
              "name": "fb7ca1c9-e14c-40a3-856e-28f3c14ea1ba",
              "apiVersion": "2022-04-01-preview",
              "kind": "Scheduled",
              "location": "[parameters('workspace-location')]",
              "properties": {
                "description": "This query detects when there is a spike in Azure AD Seamless SSO errors. They may not be caused by a Password Spray attack, but the cause of the errors might need to be investigated.\nAzure AD only logs the requests that matched existing accounts, thus there might have been unlogged requests for non-existing accounts.",
                "displayName": "Password spray attack against Azure AD Seamless SSO",
                "enabled": false,
                "query": "\nlet account_threshold = 5;\nAADNonInteractiveUserSignInLogs\n//| where ResultType == \"81016\"\n| where ResultType startswith \"81\"\n| summarize DistinctAccounts = dcount(UserPrincipalName), DistinctAddresses = make_set(IPAddress) by ResultType\n| where DistinctAccounts > account_threshold\n| mv-expand IPAddress = DistinctAddresses\n| extend IPAddress = tostring(IPAddress)\n| join kind=leftouter (union isfuzzy=true SigninLogs, AADNonInteractiveUserSignInLogs) on IPAddress\n| summarize\n    StartTime = min(TimeGenerated),\n    EndTime = max(TimeGenerated),\n    UserPrincipalName = make_set(UserPrincipalName),\n    UserAgent = make_set(UserAgent),\n    ResultDescription = take_any(ResultDescription),\n    ResultSignature = take_any(ResultSignature)\n    by IPAddress, Type, ResultType\n| project Type, StartTime, EndTime, IPAddress, ResultType, ResultDescription, ResultSignature, UserPrincipalName, UserAgent = iff(array_length(UserAgent) == 1, UserAgent[0], UserAgent)\n",
                "queryFrequency": "PT1H",
                "queryPeriod": "PT1H",
                "severity": "Medium",
                "suppressionDuration": "PT1H",
                "suppressionEnabled": false,
                "triggerOperator": "GreaterThan",
                "triggerThreshold": 0,
                "status": "Available",
                "requiredDataConnectors": [
                  {
                    "dataTypes": [
                      "AADNonInteractiveUserSignInLogs"
                    ],
                    "connectorId": "AzureActiveDirectory"
                  }
                ],
                "tactics": [
                  "CredentialAccess"
                ],
                "entityMappings": [
                  {
                    "fieldMappings": [
                      {
                        "identifier": "Address",
                        "columnName": "IPAddress"
                      }
                    ],
                    "entityType": "IP"
                  }
                ]
              }
            },
            {
              "type": "Microsoft.OperationalInsights/workspaces/providers/metadata",
              "apiVersion": "2022-01-01-preview",
              "name": "[concat(parameters('workspace'),'/Microsoft.SecurityInsights/',concat('AnalyticsRule-', last(split(resourceId('Microsoft.SecurityInsights/AlertRuleTemplates', 'fb7ca1c9-e14c-40a3-856e-28f3c14ea1ba'),'/'))))]",
              "properties": {
                "description": "Azure Active Directory Analytics Rule 37",
                "parentId": "[resourceId('Microsoft.SecurityInsights/AlertRuleTemplates', 'fb7ca1c9-e14c-40a3-856e-28f3c14ea1ba')]",
                "contentId": "fb7ca1c9-e14c-40a3-856e-28f3c14ea1ba",
                "kind": "AnalyticsRule",
                "version": "1.0.0",
                "source": {
                  "kind": "Solution",
                  "name": "Azure Active Directory",
                  "sourceId": "azuresentinel.azure-sentinel-solution-azureactivedirectory"
                },
                "author": {
                  "name": "Microsoft",
                  "email": "support@microsoft.com"
                },
                "support": {
                  "tier": "Microsoft",
                  "name": "Microsoft Corporation",
                  "email": "support@microsoft.com",
                  "link": "https://support.microsoft.com/"
                }
              }
            }
          ]
        }
      }
    }
  ]
}