{
  "$schema": "https://schema.management.azure.com/schemas/2019-04-01/deploymentTemplate.json#",
  "contentVersion": "1.0.0",
  "parameters": {
    "location": {
      "type": "string",
      "minLength": 1,
      "defaultValue": "[resourceGroup().location]",
      "metadata": {
        "description": "Not used, but needed to pass arm-ttk test `Location-Should-Not-Be-Hardcoded`.  We instead use the `workspace-location` which is derived from the LA workspace"
      }
    },
    "workspace": {
      "defaultValue": "",
      "type": "string",
      "metadata": {
        "description": "Workspace name for Log Analytics where Microsoft Sentinel is setup"
      }
    }
  },
  "resources": [
    {
      "type": "Microsoft.OperationalInsights/workspaces/providers/contentTemplates",
      "name": "[concat(parameters('workspace'),'/Microsoft.SecurityInsights/',concat(concat(parameters('workspace'),'-dc-',uniquestring('AzureActiveDirectory')),'1.0.0'))]",
      "location": "[parameters('workspace-location')]",
      "apiVersion": "2022-08-01",
      "dependsOn": [
        "[extensionResourceId(resourceId('Microsoft.OperationalInsights/workspaces', parameters('workspace')), 'Microsoft.SecurityInsights/contentPackages', 'azuresentinel.azure-sentinel-solution-azureactivedirectory')]"
      ],
      "properties": {
        "contentId": "AzureActiveDirectory",
        "displayName": "Azure Active Directory",
        "contentKind": "DataConnector",
        "mainTemplate": {
          "resources": [
            {
              "name": "[concat(parameters('workspace'),'/Microsoft.SecurityInsights/','AzureActiveDirectory')]",
              "apiVersion": "2021-03-01-preview",
              "type": "Microsoft.OperationalInsights/workspaces/providers/dataConnectors",
              "location": "[parameters('workspace-location')]",
              "kind": "StaticUI",
              "properties": {
                "connectorUiConfig": {
                  "id": "AzureActiveDirectory",
                  "title": "Azure Active Directory",
                  "publisher": "Microsoft",
                  "descriptionMarkdown": "Gain insights into Azure Active Directory by connecting Audit and Sign-in logs to Microsoft Sentinel to gather insights around Azure Active Directory scenarios. You can learn about app usage, conditional access policies, legacy auth relate details using our Sign-in logs. You can get information on your Self Service Password Reset (SSPR) usage, Azure Active Directory Management activities like user, group, role, app management using our Audit logs table. For more information, see the [Microsoft Sentinel documentation >](https://go.microsoft.com/fwlink/?linkid=2219715&wt.mc_id=sentinel_dataconnectordocs_content_cnl_csasci).",
                  "graphQueries": [
                    {
                      "metricName": "Total data received",
                      "legend": "SigninLogs",
                      "baseQuery": "SigninLogs"
                    },
                    {
                      "metricName": "Total data received",
                      "legend": "AuditLogs",
                      "baseQuery": "AuditLogs"
                    },
                    {
                      "metricName": "Total data received",
                      "legend": "AADNonInteractiveUserSignInLogs",
                      "baseQuery": "AADNonInteractiveUserSignInLogs"
                    },
                    {
                      "metricName": "Total data received",
                      "legend": "AADServicePrincipalSignInLogs",
                      "baseQuery": "AADServicePrincipalSignInLogs"
                    },
                    {
                      "metricName": "Total data received",
                      "legend": "AADManagedIdentitySignInLogs",
                      "baseQuery": "AADManagedIdentitySignInLogs"
                    },
                    {
                      "metricName": "Total data received",
                      "legend": "AADProvisioningLogs",
                      "baseQuery": "AADProvisioningLogs"
                    },
                    {
                      "metricName": "Total data received",
                      "legend": "ADFSSignInLogs",
                      "baseQuery": "ADFSSignInLogs"
                    },
                    {
                      "metricName": "Total data received",
                      "legend": "AADUserRiskEvents",
                      "baseQuery": "AADUserRiskEvents"
                    },
                    {
                      "metricName": "Total data received",
                      "legend": "AADRiskyUsers",
                      "baseQuery": "AADRiskyUsers"
                    },
                    {
                      "metricName": "Total data received",
                      "legend": "NetworkAccessTraffic",
                      "baseQuery": "NetworkAccessTraffic"
                    },
                    {
                      "metricName": "Total data received",
                      "legend": "AADRiskyServicePrincipals",
                      "baseQuery": "AADRiskyServicePrincipals"
                    },
                    {
                      "metricName": "Total data received",
                      "legend": "AADServicePrincipalRiskEvents",
                      "baseQuery": "AADServicePrincipalRiskEvents"
                    }
                  ],
                  "connectivityCriterias": [
                    {
                      "type": "IsConnectedQuery",
                      "value": [
                        "SigninLogs\n            | summarize LastLogReceived = max(TimeGenerated)\n            | project IsConnected = LastLogReceived > ago(7d)",
                        "AuditLogs\n            | summarize LastLogReceived = max(TimeGenerated)\n            | project IsConnected = LastLogReceived > ago(7d)",
                        "AADNonInteractiveUserSignInLogs\n            | summarize LastLogReceived = max(TimeGenerated)\n            | project IsConnected = LastLogReceived > ago(7d)",
                        "AADServicePrincipalSignInLogs\n            | summarize LastLogReceived = max(TimeGenerated)\n            | project IsConnected = LastLogReceived > ago(7d)",
                        "AADManagedIdentitySignInLogs\n            | summarize LastLogReceived = max(TimeGenerated)\n            | project IsConnected = LastLogReceived > ago(7d)",
                        "AADProvisioningLogs\n            | summarize LastLogReceived = max(TimeGenerated)\n            | project IsConnected = LastLogReceived > ago(7d)",
                        "ADFSSignInLogs\n            | summarize LastLogReceived = max(TimeGenerated)\n            | project IsConnected = LastLogReceived > ago(7d)",
                        "AADUserRiskEvents\n            | summarize LastLogReceived = max(TimeGenerated)\n            | project IsConnected = LastLogReceived > ago(7d)",
                        "AADRiskyUsers\n            | summarize LastLogReceived = max(TimeGenerated)\n            | project IsConnected = LastLogReceived > ago(7d)",
                        "NetworkAccessTraffic\n            | summarize LastLogReceived = max(TimeGenerated)\n            | project IsConnected = LastLogReceived > ago(7d)",
                        "AADRiskyServicePrincipals\n            | summarize LastLogReceived = max(TimeGenerated)\n            | project IsConnected = LastLogReceived > ago(7d)",
                        "AADServicePrincipalRiskEvents\n            | summarize LastLogReceived = max(TimeGenerated)\n            | project IsConnected = LastLogReceived > ago(7d)"
                      ]
                    }
                  ],
                  "dataTypes": [
                    {
                      "name": "SigninLogs",
                      "lastDataReceivedQuery": "SigninLogs\n            | summarize Time = max(TimeGenerated)\n            | where isnotempty(Time)"
                    },
                    {
                      "name": "AuditLogs",
                      "lastDataReceivedQuery": "AuditLogs\n            | summarize Time = max(TimeGenerated)\n            | where isnotempty(Time)"
                    },
                    {
                      "name": "AADNonInteractiveUserSignInLogs",
                      "lastDataReceivedQuery": "AADNonInteractiveUserSignInLogs\n            | summarize Time = max(TimeGenerated)\n            | where isnotempty(Time)"
                    },
                    {
                      "name": "AADServicePrincipalSignInLogs",
                      "lastDataReceivedQuery": "AADServicePrincipalSignInLogs\n            | summarize Time = max(TimeGenerated)\n            | where isnotempty(Time)"
                    },
                    {
                      "name": "AADManagedIdentitySignInLogs",
                      "lastDataReceivedQuery": "AADManagedIdentitySignInLogs\n            | summarize Time = max(TimeGenerated)\n            | where isnotempty(Time)"
                    },
                    {
                      "name": "AADProvisioningLogs",
                      "lastDataReceivedQuery": "AADProvisioningLogs\n            | summarize Time = max(TimeGenerated)\n            | where isnotempty(Time)"
                    },
                    {
                      "name": "ADFSSignInLogs",
                      "lastDataReceivedQuery": "ADFSSignInLogs\n            | summarize Time = max(TimeGenerated)\n            | where isnotempty(Time)"
                    },
                    {
                      "name": "AADUserRiskEvents",
                      "lastDataReceivedQuery": "AADUserRiskEvents\n            | summarize Time = max(TimeGenerated)\n            | where isnotempty(Time)"
                    },
                    {
                      "name": "AADRiskyUsers",
                      "lastDataReceivedQuery": "AADRiskyUsers\n            | summarize Time = max(TimeGenerated)\n            | where isnotempty(Time)"
                    },
                    {
                      "name": "NetworkAccessTraffic",
                      "lastDataReceivedQuery": "NetworkAccessTraffic\n            | summarize Time = max(TimeGenerated)\n            | where isnotempty(Time)"
                    },
                    {
                      "name": "AADRiskyServicePrincipals",
                      "lastDataReceivedQuery": "AADRiskyServicePrincipals\n            | summarize Time = max(TimeGenerated)\n            | where isnotempty(Time)"
                    },
                    {
                      "name": "AADServicePrincipalRiskEvents",
                      "lastDataReceivedQuery": "AADServicePrincipalRiskEvents\n            | summarize Time = max(TimeGenerated)\n            | where isnotempty(Time)"
                    }
                  ]
                }
              }
            },
            {
              "type": "Microsoft.OperationalInsights/workspaces/providers/metadata",
              "apiVersion": "2022-01-01-preview",
              "name": "[concat(parameters('workspace'),'/Microsoft.SecurityInsights/',concat('DataConnector-', last(split(extensionResourceId(resourceId('Microsoft.OperationalInsights/workspaces', parameters('workspace')), 'Microsoft.SecurityInsights/dataConnectors', 'AzureActiveDirectory'),'/'))))]",
              "properties": {
                "parentId": "[extensionResourceId(resourceId('Microsoft.OperationalInsights/workspaces', parameters('workspace')), 'Microsoft.SecurityInsights/dataConnectors', 'AzureActiveDirectory')]",
                "contentId": "AzureActiveDirectory",
                "kind": "DataConnector",
                "version": "1.0.0",
                "source": {
                  "kind": "Solution",
                  "name": "Azure Active Directory",
                  "sourceId": "azuresentinel.azure-sentinel-solution-azureactivedirectory"
                },
                "author": {
                  "name": "Microsoft",
                  "email": "support@microsoft.com"
                },
                "support": {
                  "tier": "Microsoft",
                  "name": "Microsoft Corporation",
                  "email": "support@microsoft.com",
                  "link": "https://support.microsoft.com/"
                }
              }
            }
          ]
        }
      }
    }
  ]
}