{
  "$schema": "https://schema.management.azure.com/schemas/2019-04-01/deploymentTemplate.json#",
  "contentVersion": "1.1",
  "parameters": {
    "location": {
      "type": "string",
      "minLength": 1,
      "defaultValue": "[resourceGroup().location]",
      "metadata": {
        "description": "Not used, but needed to pass arm-ttk test `Location-Should-Not-Be-Hardcoded`.  We instead use the `workspace-location` which is derived from the LA workspace"
      }
    },
    "workspace": {
      "defaultValue": "",
      "type": "string",
      "metadata": {
        "description": "Workspace name for Log Analytics where Microsoft Sentinel is setup"
      }
    },
    "workspace-location": {
      "type": "string",
      "defaultValue": "",
      "metadata": {
        "description": "[concat('Region to deploy solution resources -- separate from location selection',parameters('location'))]"
      }
    }
  },
  "resources": [
    {
      "type": "Microsoft.OperationalInsights/workspaces/providers/contentTemplates",
      "name": "[concat(parameters('workspace'),'/Microsoft.SecurityInsights/',concat(concat(parameters('workspace'),'-pl-',uniquestring('Prompt-User-alert-trigger')),'1.1'))]",
      "location": "[parameters('workspace-location')]",
      "apiVersion": "2022-08-01",
      "dependsOn": [
        "[extensionResourceId(resourceId('Microsoft.OperationalInsights/workspaces', parameters('workspace')), 'Microsoft.SecurityInsights/contentPackages', 'azuresentinel.azure-sentinel-solution-azureactivedirectory')]"
      ],
      "properties": {
        "contentId": "Prompt-User-alert-trigger",
        "displayName": "Prompt User - Alert",
        "contentKind": "Playbook",
        "mainTemplate": {
          "resources": [
            {
              "type": "Microsoft.Web/connections",
              "apiVersion": "2016-06-01",
              "name": "[variables('AzureADConnectionName')]",
              "location": "[variables('workspace-location-inline')]",
              "properties": {
                "displayName": "[variables('AzureADConnectionName')]",
                "api": {
                  "id": "[variables('_connection-1')]"
                }
              }
            },
            {
              "type": "Microsoft.Web/connections",
              "apiVersion": "2016-06-01",
              "name": "[variables('AzureSentinelConnectionName')]",
              "location": "[variables('workspace-location-inline')]",
              "kind": "V1",
              "properties": {
                "displayName": "[variables('AzureSentinelConnectionName')]",
                "parameterValueType": "Alternative",
                "api": {
                  "id": "[variables('_connection-2')]"
                }
              }
            },
            {
              "type": "Microsoft.Web/connections",
              "apiVersion": "2016-06-01",
              "name": "[variables('Office365ConnectionName')]",
              "location": "[variables('workspace-location-inline')]",
              "properties": {
                "displayName": "[variables('Office365ConnectionName')]",
                "api": {
                  "id": "[variables('_connection-3')]"
                }
              }
            },
            {
              "type": "Microsoft.Web/connections",
              "apiVersion": "2016-06-01",
              "name": "[variables('TeamsConnectionName')]",
              "location": "[variables('workspace-location-inline')]",
              "properties": {
                "displayName": "[variables('TeamsConnectionName')]",
                "api": {
                  "id": "[variables('_connection-4')]"
                }
              }
            },
            {
              "type": "Microsoft.Logic/workflows",
              "apiVersion": "2017-07-01",
              "name": "[parameters('PlaybookName')]",
              "location": "[variables('workspace-location-inline')]",
              "tags": {
                "LogicAppsCategory": "security",
                "hidden-SentinelTemplateName": "Prompt-User_alert",
                "hidden-SentinelTemplateVersion": "1.1",
                "hidden-SentinelWorkspaceId": "[resourceId('microsoft.OperationalInsights/Workspaces', parameters('workspace'))]"
              },
              "identity": {
                "type": "SystemAssigned"
              },
              "dependsOn": [
                "[resourceId('Microsoft.Web/connections', variables('AzureADConnectionName'))]",
                "[resourceId('Microsoft.Web/connections', variables('AzureSentinelConnectionName'))]",
                "[resourceId('Microsoft.Web/connections', variables('Office365ConnectionName'))]",
                "[resourceId('Microsoft.Web/connections', variables('TeamsConnectionName'))]"
              ],
              "properties": {
                "state": "Enabled",
                "definition": {
                  "$schema": "https://schema.management.azure.com/providers/Microsoft.Logic/schemas/2016-06-01/workflowdefinition.json#",
                  "actions": {
                    "Alert_-_Get_incident": {
                      "inputs": {
                        "host": {
                          "connection": {
                            "name": "@parameters('$connections')['azuresentinel']['connectionId']"
                          }
                        },
                        "method": "get",
                        "path": "/Incidents/subscriptions/@{encodeURIComponent(triggerBody()?['WorkspaceSubscriptionId'])}/resourceGroups/@{encodeURIComponent(triggerBody()?['WorkspaceResourceGroup'])}/workspaces/@{encodeURIComponent(triggerBody()?['WorkspaceId'])}/alerts/@{encodeURIComponent(triggerBody()?['SystemAlertId'])}"
                      },
                      "type": "ApiConnection"
                    },
                    "Entities_-_Get_Accounts": {
                      "inputs": {
                        "body": "@triggerBody()?['Entities']",
                        "host": {
                          "connection": {
                            "name": "@parameters('$connections')['azuresentinel']['connectionId']"
                          }
                        },
                        "method": "post",
                        "path": "/entities/account"
                      },
                      "runAfter": {
                        "Alert_-_Get_incident": [
                          "Succeeded"
                        ]
                      },
                      "type": "ApiConnection"
                    },
                    "For_each": {
                      "actions": {
                        "Condition_2": {
                          "actions": {
                            "Add_comment_to_incident_(V3)": {
                              "inputs": {
                                "body": {
                                  "incidentArmId": "@body('Alert_-_Get_incident')?['id']",
                                  "message": "<p>@{body('Get_user')?['displayName']} confirms they completed the action that triggered the alert. &nbsp;Closing the incident.</p>"
                                },
                                "host": {
                                  "connection": {
                                    "name": "@parameters('$connections')['azuresentinel']['connectionId']"
                                  }
                                },
                                "method": "post",
                                "path": "/Incidents/Comment"
                              },
                              "type": "ApiConnection"
                            },
                            "Update_incident": {
                              "inputs": {
                                "body": {
                                  "classification": {
                                    "ClassificationAndReason": "BenignPositive - SuspiciousButExpected",
                                    "ClassificationReasonText": "User Confirmed it was them"
                                  },
                                  "incidentArmId": "@body('Alert_-_Get_incident')?['id']",
                                  "status": "Closed"
                                },
                                "host": {
                                  "connection": {
                                    "name": "@parameters('$connections')['azuresentinel']['connectionId']"
                                  }
                                },
                                "method": "put",
                                "path": "/Incidents"
                              },
                              "runAfter": {
                                "Add_comment_to_incident_(V3)": [
                                  "Succeeded"
                                ]
                              },
                              "type": "ApiConnection"
                            }
                          },
                          "else": {
                            "actions": {
                              "Add_comment_to_incident_(V3)_2": {
                                "inputs": {
                                  "body": {
                                    "incidentArmId": "@body('Alert_-_Get_incident')?['id']",
                                    "message": "<p>@{body('Get_user')?['displayName']} confirms they did not complete the action. Further investigation is needed.</p>"
                                  },
                                  "host": {
                                    "connection": {
                                      "name": "@parameters('$connections')['azuresentinel']['connectionId']"
                                    }
                                  },
                                  "method": "post",
                                  "path": "/Incidents/Comment"
                                },
                                "type": "ApiConnection"
                              },
                              "Post_message_in_a_chat_or_channel": {
                                "inputs": {
                                  "body": {
                                    "messageBody": "<p>New alert from Microsoft Sentinel.<br>\nPlease investigate ASAP.<br>\nSeverity : @{body('Alert_-_Get_incident')?['properties']?['severity']}<br>\nDescription: @{body('Alert_-_Get_incident')?['properties']?['description']}<br>\n<br>\n@{body('Get_user')?['displayName']} user confirmed they did not complete the action.</p>",
                                    "recipient": {
                                      "channelId": "[parameters('TeamsChannelId')]",
                                      "groupId": "[parameters('TeamsId')]"
                                    },
                                    "subject": "Incident @{body('Alert_-_Get_incident')?['properties']?['incidentNumber']} - @{body('Alert_-_Get_incident')?['properties']?['title']}"
                                  },
                                  "host": {
                                    "connection": {
                                      "name": "@parameters('$connections')['teams']['connectionId']"
                                    }
                                  },
                                  "method": "post",
                                  "path": "/beta/teams/conversation/message/poster/@{encodeURIComponent('User')}/location/@{encodeURIComponent('Channel')}"
                                },
                                "runAfter": {
                                  "Add_comment_to_incident_(V3)_2": [
                                    "Succeeded"
                                  ]
                                },
                                "type": "ApiConnection"
                              }
                            }
                          },
                          "expression": {
                            "and": [
                              {
                                "equals": [
                                  "",
                                  "This was me"
                                ]
                              }
                            ]
                          },
                          "runAfter": {
                            "Send_approval_email": [
                              "Succeeded"
                            ]
                          },
                          "type": "If"
                        },
                        "Get_user": {
                          "inputs": {
                            "host": {
                              "connection": {
                                "name": "@parameters('$connections')['azuread']['connectionId']"
                              }
                            },
                            "method": "get",
                            "path": "/v1.0/users/@{encodeURIComponent(concat(items('For_each')?['Name'], '@' ,items('For_each')?['UPNSuffix']))}"
                          },
                          "type": "ApiConnection"
                        },
                        "Send_approval_email": {
                          "inputs": {
                            "body": {
                              "Message": {
                                "Body": "New Alert from Microsoft Sentinel.\nPlease respond ASAP.\nSeverity: @{triggerBody()?['Severity']}\nName: @{triggerBody()?['AlertDisplayName']}\nDescription: @{triggerBody()?['Description']}",
                                "HideHTMLMessage": false,
                                "Importance": "High",
                                "Options": "This was me, This was not me",
                                "ShowHTMLConfirmationDialog": false,
                                "Subject": "Security Alert: @{body('Alert_-_Get_incident')?['properties']?['title']}",
                                "To": "@body('Get_user')?['mail']"
                              },
                              "NotificationUrl": "@{listCallbackUrl()}"
                            },
                            "host": {
                              "connection": {
                                "name": "@parameters('$connections')['office365']['connectionId']"
                              }
                            },
                            "path": "/approvalmail/$subscriptions"
                          },
                          "runAfter": {
                            "Get_user": [
                              "Succeeded"
                            ]
                          },
                          "type": "ApiConnectionWebhook"
                        }
                      },
                      "foreach": "@body('Entities_-_Get_Accounts')?['Accounts']",
                      "runAfter": {
                        "Entities_-_Get_Accounts": [
                          "Succeeded"
                        ]
                      },
                      "type": "Foreach"
                    }
                  },
                  "contentVersion": "1.0.0.0",
                  "parameters": {
                    "$connections": {
                      "type": "Object"
                    }
                  },
                  "triggers": {
                    "Microsoft_Sentinel_alert": {
                      "inputs": {
                        "body": {
                          "callback_url": "@{listCallbackUrl()}"
                        },
                        "host": {
                          "connection": {
                            "name": "@parameters('$connections')['azuresentinel']['connectionId']"
                          }
                        },
                        "path": "/subscribe"
                      },
                      "type": "ApiConnectionWebhook"
                    }
                  }
                },
                "parameters": {
                  "$connections": {
                    "value": {
                      "azuread": {
                        "connectionId": "[resourceId('Microsoft.Web/connections', variables('AzureADConnectionName'))]",
                        "connectionName": "[variables('AzureADConnectionName')]",
                        "id": "[concat('/subscriptions/', subscription().subscriptionId, '/providers/Microsoft.Web/locations/', variables('workspace-location-inline'), '/managedApis/azuread')]"
                      },
                      "azuresentinel": {
                        "connectionId": "[resourceId('Microsoft.Web/connections', variables('AzureSentinelConnectionName'))]",
                        "connectionName": "[variables('AzureSentinelConnectionName')]",
                        "id": "[concat('/subscriptions/', subscription().subscriptionId, '/providers/Microsoft.Web/locations/', variables('workspace-location-inline'), '/managedApis/azuresentinel')]",
                        "connectionProperties": {
                          "authentication": {
                            "type": "ManagedServiceIdentity"
                          }
                        }
                      },
                      "office365": {
                        "connectionId": "[resourceId('Microsoft.Web/connections', variables('Office365ConnectionName'))]",
                        "connectionName": "[variables('Office365ConnectionName')]",
                        "id": "[concat('/subscriptions/', subscription().subscriptionId, '/providers/Microsoft.Web/locations/', variables('workspace-location-inline'), '/managedApis/office365')]"
                      },
                      "teams": {
                        "connectionId": "[resourceId('Microsoft.Web/connections', variables('TeamsConnectionName'))]",
                        "connectionName": "[variables('TeamsConnectionName')]",
                        "id": "[concat('/subscriptions/', subscription().subscriptionId, '/providers/Microsoft.Web/locations/', variables('workspace-location-inline'), '/managedApis/teams')]"
                      }
                    }
                  }
                }
              }
            },
            {
              "type": "Microsoft.OperationalInsights/workspaces/providers/metadata",
              "apiVersion": "2022-01-01-preview",
              "name": "[concat(parameters('workspace'),'/Microsoft.SecurityInsights/',concat('Playbook-', last(split(resourceId('Microsoft.Logic/workflows', 'Prompt-User-alert-trigger'),'/'))))]",
              "properties": {
                "parentId": "[resourceId('Microsoft.Logic/workflows', 'Prompt-User-alert-trigger')]",
                "contentId": "Prompt-User-alert-trigger",
                "kind": "Playbook",
                "version": "1.1",
                "source": {
                  "kind": "Solution",
                  "name": "Azure Active Directory",
                  "sourceId": "azuresentinel.azure-sentinel-solution-azureactivedirectory"
                },
                "author": {
                  "name": "Microsoft",
                  "email": "support@microsoft.com"
                },
                "support": {
                  "tier": "Microsoft",
                  "name": "Microsoft Corporation",
                  "email": "support@microsoft.com",
                  "link": "https://support.microsoft.com/"
                }
              }
            }
          ]
        }
      }
    }
  ]
}