{
  "$schema": "https://schema.management.azure.com/schemas/2019-04-01/deploymentTemplate.json#",
  "contentVersion": "1.1",
  "parameters": {
    "location": {
      "type": "string",
      "minLength": 1,
      "defaultValue": "[resourceGroup().location]",
      "metadata": {
        "description": "Not used, but needed to pass arm-ttk test `Location-Should-Not-Be-Hardcoded`.  We instead use the `workspace-location` which is derived from the LA workspace"
      }
    },
    "workspace": {
      "defaultValue": "",
      "type": "string",
      "metadata": {
        "description": "Workspace name for Log Analytics where Microsoft Sentinel is setup"
      }
    },
    "workspace-location": {
      "type": "string",
      "defaultValue": "",
      "metadata": {
        "description": "[concat('Region to deploy solution resources -- separate from location selection',parameters('location'))]"
      }
    }
  },
  "resources": [
    {
      "type": "Microsoft.OperationalInsights/workspaces/providers/contentTemplates",
      "name": "[concat(parameters('workspace'),'/Microsoft.SecurityInsights/',concat(concat(parameters('workspace'),'-pl-',uniquestring('Block-AADUser-alert-trigger')),'1.1'))]",
      "location": "[parameters('workspace-location')]",
      "apiVersion": "2022-08-01",
      "dependsOn": [
        "[extensionResourceId(resourceId('Microsoft.OperationalInsights/workspaces', parameters('workspace')), 'Microsoft.SecurityInsights/contentPackages', 'azuresentinel.azure-sentinel-solution-azureactivedirectory')]"
      ],
      "properties": {
        "contentId": "Block-AADUser-alert-trigger",
        "displayName": "Block AAD user - Alert",
        "contentKind": "Playbook",
        "mainTemplate": {
          "resources": [
            {
              "type": "Microsoft.Web/connections",
              "apiVersion": "2016-06-01",
              "name": "[variables('AzureADConnectionName')]",
              "location": "[variables('workspace-location-inline')]",
              "properties": {
                "displayName": "[variables('AzureADConnectionName')]",
                "api": {
                  "id": "[variables('_connection-1')]"
                }
              }
            },
            {
              "type": "Microsoft.Web/connections",
              "apiVersion": "2016-06-01",
              "name": "[variables('MicrosoftSentinelConnectionName')]",
              "location": "[variables('workspace-location-inline')]",
              "kind": "V1",
              "properties": {
                "displayName": "[variables('MicrosoftSentinelConnectionName')]",
                "parameterValueType": "Alternative",
                "api": {
                  "id": "[variables('_connection-2')]"
                }
              }
            },
            {
              "type": "Microsoft.Web/connections",
              "apiVersion": "2016-06-01",
              "name": "[variables('Office365ConnectionName')]",
              "location": "[variables('workspace-location-inline')]",
              "properties": {
                "displayName": "[variables('Office365ConnectionName')]",
                "api": {
                  "id": "[variables('_connection-3')]"
                }
              }
            },
            {
              "type": "Microsoft.Logic/workflows",
              "apiVersion": "2017-07-01",
              "name": "[parameters('PlaybookName')]",
              "location": "[variables('workspace-location-inline')]",
              "tags": {
                "LogicAppsCategory": "security",
                "hidden-SentinelTemplateName": "Block-AADUser_alert",
                "hidden-SentinelTemplateVersion": "1.1",
                "hidden-SentinelWorkspaceId": "[resourceId('microsoft.OperationalInsights/Workspaces', parameters('workspace'))]"
              },
              "identity": {
                "type": "SystemAssigned"
              },
              "dependsOn": [
                "[resourceId('Microsoft.Web/connections', variables('AzureADConnectionName'))]",
                "[resourceId('Microsoft.Web/connections', variables('MicrosoftSentinelConnectionName'))]",
                "[resourceId('Microsoft.Web/connections', variables('Office365ConnectionName'))]"
              ],
              "properties": {
                "state": "Enabled",
                "definition": {
                  "$schema": "https://schema.management.azure.com/providers/Microsoft.Logic/schemas/2016-06-01/workflowdefinition.json#",
                  "contentVersion": "1.0.0.0",
                  "parameters": {
                    "$connections": {
                      "type": "Object"
                    }
                  },
                  "triggers": {
                    "Microsoft_Sentinel_alert": {
                      "type": "ApiConnectionWebhook",
                      "inputs": {
                        "body": {
                          "callback_url": "@{listCallbackUrl()}"
                        },
                        "host": {
                          "connection": {
                            "name": "@parameters('$connections')['microsoftsentinel']['connectionId']"
                          }
                        },
                        "path": "/subscribe"
                      }
                    }
                  },
                  "actions": {
                    "Alert_-_Get_incident": {
                      "type": "ApiConnection",
                      "inputs": {
                        "host": {
                          "connection": {
                            "name": "@parameters('$connections')['microsoftsentinel']['connectionId']"
                          }
                        },
                        "method": "get",
                        "path": "/Incidents/subscriptions/@{encodeURIComponent(triggerBody()?['WorkspaceSubscriptionId'])}/resourceGroups/@{encodeURIComponent(triggerBody()?['WorkspaceResourceGroup'])}/workspaces/@{encodeURIComponent(triggerBody()?['WorkspaceId'])}/alerts/@{encodeURIComponent(triggerBody()?['SystemAlertId'])}"
                      }
                    },
                    "Entities_-_Get_Accounts": {
                      "runAfter": {
                        "Alert_-_Get_incident": [
                          "Succeeded"
                        ]
                      },
                      "type": "ApiConnection",
                      "inputs": {
                        "body": "@triggerBody()?['Entities']",
                        "host": {
                          "connection": {
                            "name": "@parameters('$connections')['microsoftsentinel']['connectionId']"
                          }
                        },
                        "method": "post",
                        "path": "/entities/account"
                      }
                    },
                    "For_each": {
                      "foreach": "@body('Entities_-_Get_Accounts')?['Accounts']",
                      "actions": {
                        "Condition": {
                          "actions": {
                            "Condition_-_if_user_have_manager": {
                              "actions": {
                                "Add_comment_to_incident_-_with_manager_-_no_admin": {
                                  "runAfter": {
                                    "Get_user_-_details": [
                                      "Succeeded"
                                    ]
                                  },
                                  "type": "ApiConnection",
                                  "inputs": {
                                    "body": {
                                      "incidentArmId": "@body('Alert_-_Get_incident')?['id']",
                                      "message": "<p>User @{items('For_each')?['Name']} (UPN - @{concat(items('For_each')?['Name'], '@', items('for_each')?['UPNSuffix'])}) was disabled in AAD via playbook Block-AADUser. Manager (@{body('Parse_JSON_-_get_user_manager')?['userPrincipalName']}) is notified.</p>"
                                    },
                                    "host": {
                                      "connection": {
                                        "name": "@parameters('$connections')['microsoftsentinel']['connectionId']"
                                      }
                                    },
                                    "method": "post",
                                    "path": "/Incidents/Comment"
                                  }
                                },
                                "Get_user_-_details": {
                                  "type": "ApiConnection",
                                  "inputs": {
                                    "host": {
                                      "connection": {
                                        "name": "@parameters('$connections')['azuread']['connectionId']"
                                      }
                                    },
                                    "method": "get",
                                    "path": "/v1.0/users/@{encodeURIComponent(concat(items('For_each')?['Name'], '@', items('for_each')?['UPNSuffix']))}"
                                  }
                                },
                                "Send_an_email_-_to_manager_-_no_admin": {
                                  "runAfter": {
                                    "Add_comment_to_incident_-_with_manager_-_no_admin": [
                                      "Succeeded"
                                    ]
                                  },
                                  "type": "ApiConnection",
                                  "inputs": {
                                    "body": {
                                      "Body": "<p>Security notification! This is automated email sent by Microsoft Sentinel Automation!<br>\n<br>\nYour direct report @{items('For_each')?['Name']} has been disabled in Azure AD due to the security incident. Can you please notify the user and work with him to reach&nbsp;our support.<br>\n<br>\nDirect report details:<br>\nFirst name: @{body('Get_user_-_details')?['displayName']}<br>\nSurname: @{body('Get_user_-_details')?['surname']}<br>\nJob title: @{body('Get_user_-_details')?['jobTitle']}<br>\nOffice location: @{body('Get_user_-_details')?['officeLocation']}<br>\nBusiness phone: @{body('Get_user_-_details')?['businessPhones']}<br>\nMobile phone: @{body('Get_user_-_details')?['mobilePhone']}<br>\nMail: @{body('Get_user_-_details')?['mail']}<br>\n<br>\nThank you!</p>",
                                      "Importance": "High",
                                      "Subject": "@{items('For_each')?['Name']} has been disabled in Azure AD due to the security risk!",
                                      "To": "@body('Parse_JSON_-_get_user_manager')?['userPrincipalName']"
                                    },
                                    "host": {
                                      "connection": {
                                        "name": "@parameters('$connections')['office365']['connectionId']"
                                      }
                                    },
                                    "method": "post",
                                    "path": "/v2/Mail"
                                  }
                                }
                              },
                              "runAfter": {
                                "Parse_JSON_-_get_user_manager": [
                                  "Succeeded"
                                ]
                              },
                              "else": {
                                "actions": {
                                  "Add_comment_to_incident_-_no_manager_-_no_admin": {
                                    "type": "ApiConnection",
                                    "inputs": {
                                      "body": {
                                        "incidentArmId": "@body('Alert_-_Get_incident')?['id']",
                                        "message": "<p>User @{items('For_each')?['Name']} (UPN - @{concat(items('For_each')?['Name'], '@', items('for_each')?['UPNSuffix'])}) was disabled in AAD via playbook Block-AADUser. Manager has not been notified, since it is not found for this user!</p>"
                                      },
                                      "host": {
                                        "connection": {
                                          "name": "@parameters('$connections')['microsoftsentinel']['connectionId']"
                                        }
                                      },
                                      "method": "post",
                                      "path": "/Incidents/Comment"
                                    }
                                  }
                                }
                              },
                              "expression": {
                                "and": [
                                  {
                                    "not": {
                                      "equals": [
                                        "@body('Parse_JSON_-_get_user_manager')?['userPrincipalName']",
                                        "@null"
                                      ]
                                    }
                                  }
                                ]
                              },
                              "type": "If"
                            },
                            "HTTP_-_get_user_manager": {
                              "type": "Http",
                              "inputs": {
                                "authentication": {
                                  "audience": "https://graph.microsoft.com/",
                                  "type": "ManagedServiceIdentity"
                                },
                                "method": "GET",
                                "uri": "https://graph.microsoft.com/v1.0/users/@{concat(items('For_each')?['Name'], '@', items('for_each')?['UPNSuffix'])}/manager"
                              }
                            },
                            "Parse_JSON_-_get_user_manager": {
                              "runAfter": {
                                "HTTP_-_get_user_manager": [
                                  "Succeeded",
                                  "Failed"
                                ]
                              },
                              "type": "ParseJson",
                              "inputs": {
                                "content": "@body('HTTP_-_get_user_manager')",
                                "schema": {
                                  "properties": {
                                    "userPrincipalName": {
                                      "type": "string"
                                    }
                                  },
                                  "type": "object"
                                }
                              }
                            }
                          },
                          "runAfter": {
                            "Update_user_-_disable_user": [
                              "Succeeded",
                              "Failed"
                            ]
                          },
                          "else": {
                            "actions": {
                              "Add_comment_to_incident_-_error_details": {
                                "type": "ApiConnection",
                                "inputs": {
                                  "body": {
                                    "incidentArmId": "@body('Alert_-_Get_incident')?['id']",
                                    "message": "<p>Block-AADUser playbook could not disable user @{items('For_each')?['Name']}.<br>\nError message: @{body('Update_user_-_disable_user')['error']['message']}<br>\nNote: If user is admin, this playbook don't have privilages to block admin users!</p>"
                                  },
                                  "host": {
                                    "connection": {
                                      "name": "@parameters('$connections')['microsoftsentinel']['connectionId']"
                                    }
                                  },
                                  "method": "post",
                                  "path": "/Incidents/Comment"
                                }
                              }
                            }
                          },
                          "expression": {
                            "and": [
                              {
                                "equals": [
                                  "@body('Update_user_-_disable_user')",
                                  "@null"
                                ]
                              }
                            ]
                          },
                          "type": "If"
                        },
                        "Update_user_-_disable_user": {
                          "type": "ApiConnection",
                          "inputs": {
                            "body": {
                              "accountEnabled": false
                            },
                            "host": {
                              "connection": {
                                "name": "@parameters('$connections')['azuread']['connectionId']"
                              }
                            },
                            "method": "patch",
                            "path": "/v1.0/users/@{encodeURIComponent(concat(items('For_each')?['Name'], '@', items('for_each')?['UPNSuffix']))}"
                          }
                        }
                      },
                      "runAfter": {
                        "Entities_-_Get_Accounts": [
                          "Succeeded"
                        ]
                      },
                      "type": "Foreach"
                    }
                  }
                },
                "parameters": {
                  "$connections": {
                    "value": {
                      "azuread": {
                        "connectionId": "[resourceId('Microsoft.Web/connections', variables('AzureADConnectionName'))]",
                        "connectionName": "[variables('AzureADConnectionName')]",
                        "id": "[concat('/subscriptions/', subscription().subscriptionId, '/providers/Microsoft.Web/locations/', variables('workspace-location-inline'), '/managedApis/azuread')]"
                      },
                      "microsoftsentinel": {
                        "connectionId": "[resourceId('Microsoft.Web/connections', variables('MicrosoftSentinelConnectionName'))]",
                        "connectionName": "[variables('MicrosoftSentinelConnectionName')]",
                        "id": "[concat('/subscriptions/', subscription().subscriptionId, '/providers/Microsoft.Web/locations/', variables('workspace-location-inline'), '/managedApis/azuresentinel')]",
                        "connectionProperties": {
                          "authentication": {
                            "type": "ManagedServiceIdentity"
                          }
                        }
                      },
                      "office365": {
                        "connectionId": "[resourceId('Microsoft.Web/connections', variables('Office365ConnectionName'))]",
                        "connectionName": "[variables('Office365ConnectionName')]",
                        "id": "[concat('/subscriptions/', subscription().subscriptionId, '/providers/Microsoft.Web/locations/', variables('workspace-location-inline'), '/managedApis/office365')]"
                      }
                    }
                  }
                }
              }
            },
            {
              "type": "Microsoft.OperationalInsights/workspaces/providers/metadata",
              "apiVersion": "2022-01-01-preview",
              "name": "[concat(parameters('workspace'),'/Microsoft.SecurityInsights/',concat('Playbook-', last(split(resourceId('Microsoft.Logic/workflows', 'Block-AADUser-alert-trigger'),'/'))))]",
              "properties": {
                "parentId": "[resourceId('Microsoft.Logic/workflows', 'Block-AADUser-alert-trigger')]",
                "contentId": "Block-AADUser-alert-trigger",
                "kind": "Playbook",
                "version": "1.1",
                "source": {
                  "kind": "Solution",
                  "name": "Azure Active Directory",
                  "sourceId": "azuresentinel.azure-sentinel-solution-azureactivedirectory"
                },
                "author": {
                  "name": "Microsoft",
                  "email": "support@microsoft.com"
                },
                "support": {
                  "tier": "Microsoft",
                  "name": "Microsoft Corporation",
                  "email": "support@microsoft.com",
                  "link": "https://support.microsoft.com/"
                }
              }
            }
          ]
        }
      }
    }
  ]
}