{
  "$schema": "https://schema.management.azure.com/schemas/2019-04-01/deploymentTemplate.json#",
  "contentVersion": "1.0.1",
  "parameters": {
    "location": {
      "type": "string",
      "minLength": 1,
      "defaultValue": "[resourceGroup().location]",
      "metadata": {
        "description": "Not used, but needed to pass arm-ttk test `Location-Should-Not-Be-Hardcoded`.  We instead use the `workspace-location` which is derived from the LA workspace"
      }
    },
    "workspace": {
      "defaultValue": "",
      "type": "string",
      "metadata": {
        "description": "Workspace name for Log Analytics where Microsoft Sentinel is setup"
      }
    },
    "workspace-location": {
      "type": "string",
      "defaultValue": "",
      "metadata": {
        "description": "[concat('Region to deploy solution resources -- separate from location selection',parameters('location'))]"
      }
    }
  },
  "resources": [
    {
      "type": "Microsoft.OperationalInsights/workspaces/providers/contentTemplates",
      "name": "[concat(parameters('workspace'),'/Microsoft.SecurityInsights/',concat(concat(parameters('workspace'),'-ar-',uniquestring('610d3850-c26f-4f20-8d86-f10fdf2425f5')),'1.0.1'))]",
      "location": "[parameters('workspace-location')]",
      "apiVersion": "2022-08-01",
      "dependsOn": [
        "[extensionResourceId(resourceId('Microsoft.OperationalInsights/workspaces', parameters('workspace')), 'Microsoft.SecurityInsights/contentPackages', 'azuresentinel.azure-sentinel-solution-amazonwebservices')]"
      ],
      "properties": {
        "contentId": "610d3850-c26f-4f20-8d86-f10fdf2425f5",
        "displayName": "Changes made to AWS CloudTrail logs",
        "contentKind": "AnalyticsRule",
        "mainTemplate": {
          "resources": [
            {
              "type": "Microsoft.SecurityInsights/AlertRuleTemplates",
              "name": "610d3850-c26f-4f20-8d86-f10fdf2425f5",
              "apiVersion": "2022-04-01-preview",
              "kind": "Scheduled",
              "location": "[parameters('workspace-location')]",
              "properties": {
                "description": "Attackers often try to hide their steps by deleting or stopping the collection of logs that could show their activity.\nThis alert identifies any manipulation of AWS CloudTrail, Cloudwatch/EventBridge or VPC Flow logs.\nMore Information: AWS CloudTrail API: https://docs.aws.amazon.com/awscloudtrail/latest/APIReference/API_Operations.html\nAWS Cloudwatch/Eventbridge API: https://docs.aws.amazon.com/eventbridge/latest/APIReference/API_Operations.html\nAWS DelteteFlowLogs API : https://docs.aws.amazon.com/AWSEC2/latest/APIReference/API_DeleteFlowLogs.html ",
                "displayName": "Changes made to AWS CloudTrail logs",
                "enabled": false,
                "query": "let EventNameList = dynamic([\"UpdateTrail\",\"DeleteTrail\",\"StopLogging\",\"DeleteFlowLogs\",\"DeleteEventBus\"]);\nAWSCloudTrail\n| where EventName in~ (EventNameList)\n| summarize StartTimeUtc = min(TimeGenerated), EndTimeUtc = max(TimeGenerated) by EventName, EventTypeName, UserIdentityAccountId, UserIdentityPrincipalid, UserAgent,\nUserIdentityUserName, SessionMfaAuthenticated, SourceIpAddress, AWSRegion, EventSource\n| extend timestamp = StartTimeUtc, AccountCustomEntity = UserIdentityUserName, IPCustomEntity = SourceIpAddress\n",
                "queryFrequency": "P1D",
                "queryPeriod": "P1D",
                "severity": "Low",
                "suppressionDuration": "PT1H",
                "suppressionEnabled": false,
                "triggerOperator": "GreaterThan",
                "triggerThreshold": 0,
                "status": "Available",
                "requiredDataConnectors": [
                  {
                    "connectorId": "AWS",
                    "dataTypes": [
                      "AWSCloudTrail"
                    ]
                  },
                  {
                    "connectorId": "AWSS3",
                    "dataTypes": [
                      "AWSCloudTrail"
                    ]
                  }
                ],
                "tactics": [
                  "DefenseEvasion"
                ],
                "entityMappings": [
                  {
                    "entityType": "Account",
                    "fieldMappings": [
                      {
                        "identifier": "FullName",
                        "columnName": "AccountCustomEntity"
                      }
                    ]
                  },
                  {
                    "entityType": "IP",
                    "fieldMappings": [
                      {
                        "identifier": "Address",
                        "columnName": "IPCustomEntity"
                      }
                    ]
                  }
                ]
              }
            },
            {
              "type": "Microsoft.OperationalInsights/workspaces/providers/metadata",
              "apiVersion": "2022-01-01-preview",
              "name": "[concat(parameters('workspace'),'/Microsoft.SecurityInsights/',concat('AnalyticsRule-', last(split(resourceId('Microsoft.SecurityInsights/AlertRuleTemplates', '610d3850-c26f-4f20-8d86-f10fdf2425f5'),'/'))))]",
              "properties": {
                "description": "Amazon Web Services Analytics Rule 3",
                "parentId": "[resourceId('Microsoft.SecurityInsights/AlertRuleTemplates', '610d3850-c26f-4f20-8d86-f10fdf2425f5')]",
                "contentId": "610d3850-c26f-4f20-8d86-f10fdf2425f5",
                "kind": "AnalyticsRule",
                "version": "1.0.1",
                "source": {
                  "kind": "Solution",
                  "name": "Amazon Web Services",
                  "sourceId": "azuresentinel.azure-sentinel-solution-amazonwebservices"
                },
                "author": {
                  "name": "Microsoft"
                },
                "support": {
                  "name": "Microsoft Corporation",
                  "email": "support@microsoft.com",
                  "tier": "Microsoft",
                  "link": "https://support.microsoft.com"
                }
              }
            }
          ]
        }
      }
    }
  ]
}