{
  "$schema": "https://schema.management.azure.com/schemas/2019-04-01/deploymentTemplate.json#",
  "contentVersion": "1.0.0",
  "parameters": {
    "location": {
      "type": "string",
      "minLength": 1,
      "defaultValue": "[resourceGroup().location]",
      "metadata": {
        "description": "Not used, but needed to pass arm-ttk test `Location-Should-Not-Be-Hardcoded`.  We instead use the `workspace-location` which is derived from the LA workspace"
      }
    },
    "workspace": {
      "defaultValue": "",
      "type": "string",
      "metadata": {
        "description": "Workspace name for Log Analytics where Microsoft Sentinel is setup"
      }
    },
    "workspace-location": {
      "type": "string",
      "defaultValue": "",
      "metadata": {
        "description": "[concat('Region to deploy solution resources -- separate from location selection',parameters('location'))]"
      }
    }
  },
  "resources": [
    {
      "type": "Microsoft.OperationalInsights/workspaces/providers/contentTemplates",
      "name": "[concat(parameters('workspace'),'/Microsoft.SecurityInsights/',concat(concat(parameters('workspace'),'-hq-',uniquestring('e0d57543-acbd-428b-bb96-24a67506f84d')),'1.0.0'))]",
      "location": "[parameters('workspace-location')]",
      "apiVersion": "2022-08-01",
      "dependsOn": [
        "[extensionResourceId(resourceId('Microsoft.OperationalInsights/workspaces', parameters('workspace')), 'Microsoft.SecurityInsights/contentPackages', 'azuresentinel.azure-sentinel-solution-amazonwebservices')]"
      ],
      "properties": {
        "contentId": "e0d57543-acbd-428b-bb96-24a67506f84d",
        "displayName": "",
        "contentKind": "HuntingQuery",
        "mainTemplate": {
          "resources": [
            {
              "type": "Microsoft.OperationalInsights/savedSearches",
              "apiVersion": "2020-08-01",
              "name": "Amazon_Web_Services_Hunting_Query_5",
              "location": "[parameters('workspace-location')]",
              "properties": {
                "eTag": "*",
                "displayName": "Unused or Unsupported Cloud Regions",
                "category": "Hunting Queries",
                "query": "\nlet starttime = todatetime('{{StartTimeISO}}');\nlet endtime = todatetime('{{EndTimeISO}}');\nlet lookback = starttime - 14d;\n// Generating historical table of all events per AccountId and Region\nlet EventInfo_CurrentDay =  materialize (AWSCloudTrail | where TimeGenerated between(starttime..endtime));\nlet EventInfo_historical = AWSCloudTrail  | where TimeGenerated  between (lookback..starttime) | summarize max(TimeGenerated) by AWSRegion, UserIdentityAccountId;\n// Doing Leftanti join to find new regions historically not seen for the same account.\nlet EventInfo_Unseen = materialize (\nEventInfo_CurrentDay\n| summarize max(TimeGenerated) by AWSRegion, UserIdentityAccountId\n| join kind= leftanti\n(\n  EventInfo_historical\n) on AWSRegion, UserIdentityAccountId\n);\nEventInfo_Unseen\n// Join Ununsed region seen with current data to gather context about API events seen\n| join kind= inner (\n   EventInfo_CurrentDay\n) on AWSRegion, UserIdentityAccountId\n| extend UnusedRegion = AWSRegion\n| extend UserIdentityUserName = iff(isnotempty(UserIdentityUserName), UserIdentityUserName, tostring(split(UserIdentityArn,'/')[-1]))\n| summarize EventCount = count(), StartTime = min(TimeGenerated), EndTime = max(TimeGenerated), EventNameList=make_set(EventName), IPList=make_set(SourceIpAddress) by UserIdentityAccountId, UnusedRegion, UserIdentityUserName\n| extend timestamp = StartTime , AccountCustomEntity = UserIdentityUserName\n",
                "version": 2,
                "tags": [
                  {
                    "name": "description",
                    "value": "Adversaries may create cloud instances in unused geographic service regions in order to evade detection.\nAccess is usually obtained through compromising accounts used to manage cloud infrastructure.\nRefer: https://attack.mitre.org/techniques/T1535/"
                  },
                  {
                    "name": "tactics",
                    "value": "DefenseEvasion"
                  },
                  {
                    "name": "techniques",
                    "value": "T1535"
                  }
                ]
              }
            },
            {
              "type": "Microsoft.OperationalInsights/workspaces/providers/metadata",
              "apiVersion": "2022-01-01-preview",
              "name": "[concat(parameters('workspace'),'/Microsoft.SecurityInsights/',concat('HuntingQuery-', last(split(resourceId('Microsoft.OperationalInsights/savedSearches', 'e0d57543-acbd-428b-bb96-24a67506f84d'),'/'))))]",
              "properties": {
                "description": "Amazon Web Services Hunting Query 5",
                "parentId": "[resourceId('Microsoft.OperationalInsights/savedSearches', 'e0d57543-acbd-428b-bb96-24a67506f84d')]",
                "contentId": "e0d57543-acbd-428b-bb96-24a67506f84d",
                "kind": "HuntingQuery",
                "version": "1.0.0",
                "source": {
                  "kind": "Solution",
                  "name": "Amazon Web Services",
                  "sourceId": "azuresentinel.azure-sentinel-solution-amazonwebservices"
                },
                "author": {
                  "name": "Microsoft"
                },
                "support": {
                  "name": "Microsoft Corporation",
                  "email": "support@microsoft.com",
                  "tier": "Microsoft",
                  "link": "https://support.microsoft.com"
                }
              }
            }
          ]
        }
      }
    }
  ]
}