{
  "$schema": "https://schema.management.azure.com/schemas/2019-04-01/deploymentTemplate.json#",
  "contentVersion": "1.0.0.0",
  "parameters": {
    "location": {
      "type": "string",
      "minLength": 1,
      "defaultValue": "[resourceGroup().location]",
      "metadata": {
        "description": "Not used, but needed to pass arm-ttk test `Location-Should-Not-Be-Hardcoded`.  We instead use the `workspace-location` which is derived from the LA workspace"
      }
    },
    "workspace-location": {
      "type": "string",
      "defaultValue": "",
      "metadata": {
        "description": "[concat('Region to deploy solution resources -- separate from location selection',parameters('location'))]"
      }
    },
    "workspace": {
      "defaultValue": "",
      "type": "string",
      "metadata": {
        "description": "Workspace name for Log Analytics where Microsoft Sentinel is setup"
      }
    }
  },
  "variables": {},
  "resources": [
    {
      "type": "Microsoft.OperationalInsights/workspaces/providers/packages",
      "location": "[parameters('workspace-location')]",
      "apiVersion": "2022-08-01",
      "properties": {
        "packageKind": "Standalone",
        "packageItems": {
          "resources": [
            {
              "type": "Microsoft.OperationalInsights/workspaces/providers/contentTemplates",
              "name": "[concat(parameters('workspace'),'/Microsoft.SecurityInsights/', '572f3951-5fa3-4e42-9640-fe194d859419')]",
              "location": "[parameters('workspace-location')]",
              "apiVersion": "2022-08-01",
              "properties": {
                "contentId": "572f3951-5fa3-4e42-9640-fe194d859419",
                "displayName": "New Office User Agent in Dynamics 365",
                "contentKind": "AnalyticsRule",
                "mainTemplate": {
                  "$schema": "https://schema.management.azure.com/schemas/2019-04-01/deploymentTemplate.json#",
                  "contentVersion": "1.0.1",
                  "resources": [
                    {
                      "type": "Microsoft.OperationalInsights/workspaces/providers/alertRules",
                      "apiVersion": "2022-04-01-preview",
                      "name": "572f3951-5fa3-4e42-9640-fe194d859419",
                      "kind": "Scheduled",
                      "location": "[parameters('workspace-location')]",
                      "properties": {
                        "description": "Detects users accessing Dynamics from a User Agent that has not been seen in any Office 365 workloads in the last 7 days. Has configurable filter for known good user agents such as PowerApps.",
                        "displayName": "New Office User Agent in Dynamics 365",
                        "enabled": false,
                        "query": "let timeframe = 1h;\nlet lookback = 7d;\nlet known_useragents = dynamic([]);\nDynamics365Activity\n| where TimeGenerated > ago(timeframe)\n| extend Message = tostring(split(OriginalObjectId, ' ')[0])\n| where Message =~ \"UserSignIn\"\n| extend IPAddress = tostring(split(ClientIP, \":\")[0])\n| where isnotempty(UserAgent)\n// Exclude user agents with a render agent to reduce noise\n| where UserAgent has_any (\"Gecko\", \"WebKit\", \"Presto\", \"Trident\", \"EdgeHTML\", \"Blink\")\n| join kind=leftanti(\nOfficeActivity\n| where TimeGenerated > ago(lookback)\n| where UserAgent !in~ (known_useragents))\non UserAgent\n| summarize MostRecentActivity=max(TimeGenerated), IPs=make_set(IPAddress), Users=make_set(UserId), Actions=make_set(OriginalObjectId) by UserAgent\n| extend timestamp = MostRecentActivity\n",
                        "queryFrequency": "P1D",
                        "queryPeriod": "P7D",
                        "severity": "Low",
                        "status": "Available",
                        "suppressionDuration": "PT1H",
                        "suppressionEnabled": false,
                        "triggerOperator": "GreaterThan",
                        "triggerThreshold": 0,
                        "tactics": [
                          "InitialAccess"
                        ],
                        "techniques": [
                          "T1078"
                        ],
                        "requiredDataConnectors": [
                          {
                            "connectorId": "Dynamics365",
                            "dataTypes": [
                              "Dynamics365Activity"
                            ]
                          }
                        ]
                      }
                    },
                    {
                      "type": "Microsoft.OperationalInsights/workspaces/providers/metadata",
                      "apiVersion": "2021-03-01-preview",
                      "properties": {
                        "description": "Detects users accessing Dynamics from a User Agent that has not been seen in any Office 365 workloads in the last 7 days. Has configurable filter for known good user agents such as PowerApps.",
                        "version": "1.0.1",
                        "author": {
                          "name": "Microsoft"
                        },
                        "support": {
                          "tier": "Microsoft",
                          "name": "Microsoft",
                          "email": "support@microsoft.com",
                          "link": "https://support.microsoft.com"
                        },
                        "source": {
                          "kind": "Community",
                          "name": "Standalone"
                        },
                        "threatAnalysisTactics": [
                          "InitialAccess"
                        ],
                        "threatAnalyticsTechniques": [
                          "T1078"
                        ],
                        "contentId": "572f3951-5fa3-4e42-9640-fe194d859419",
                        "parentId": "572f3951-5fa3-4e42-9640-fe194d859419",
                        "kind": "AnalyticsRule",
                        "dependencies": {
                          "operator": "AND",
                          "criteria": [
                            {
                              "contentId": "Dynamics365Activity",
                              "kind": "DataType"
                            }
                          ]
                        }
                      }
                    }
                  ]
                }
              }
            }
          ]
        },
        "author": {
          "name": "Microsoft"
        },
        "categories": {
          "domains": [
            "Cloud Provider",
            "IT Operations",
            "Storage"
          ]
        },
        "dependencies": {
          "operator": "AND",
          "criteria": [
            {
              "contentId": "572f3951-5fa3-4e42-9640-fe194d859419",
              "kind": "AnalyticsRule"
            }
          ]
        },
        "description": "Detects users accessing Dynamics from a User Agent that has not been seen in any Office 365 workloads in the last 7 days. Has configurable filter for known good user agents such as PowerApps.",
        "displayName": "New Office User Agent in Dynamics 365",
        "packageId": "572f3951-5fa3-4e42-9640-fe194d859419",
        "source": {
          "kind": "Community",
          "name": "Standalone"
        },
        "support": {
          "tier": "Microsoft",
          "name": "Microsoft",
          "email": "support@microsoft.com",
          "link": "https://support.microsoft.com"
        },
        "threatAnalysisTactics": [
          "InitialAccess"
        ],
        "threatAnalyticsTechniques": [
          "T1078"
        ],
        "version": "1.0.1"
      },
      "name": "[concat(parameters('workspace'),'/Microsoft.SecurityInsights/', '572f3951-5fa3-4e42-9640-fe194d859419')]"
    }
  ]
}