{
  "$schema": "https://schema.management.azure.com/schemas/2019-04-01/deploymentTemplate.json#",
  "contentVersion": "1.0.0.0",
  "parameters": {
    "location": {
      "type": "string",
      "minLength": 1,
      "defaultValue": "[resourceGroup().location]",
      "metadata": {
        "description": "Not used, but needed to pass arm-ttk test `Location-Should-Not-Be-Hardcoded`.  We instead use the `workspace-location` which is derived from the LA workspace"
      }
    },
    "workspace-location": {
      "type": "string",
      "defaultValue": "",
      "metadata": {
        "description": "[concat('Region to deploy solution resources -- separate from location selection',parameters('location'))]"
      }
    },
    "workspace": {
      "defaultValue": "",
      "type": "string",
      "metadata": {
        "description": "Workspace name for Log Analytics where Microsoft Sentinel is setup"
      }
    }
  },
  "variables": {},
  "resources": [
    {
      "type": "Microsoft.OperationalInsights/workspaces/providers/packages",
      "location": "[parameters('workspace-location')]",
      "apiVersion": "2022-08-01",
      "properties": {
        "packageKind": "Standalone",
        "packageItems": {
          "resources": [
            {
              "type": "Microsoft.OperationalInsights/workspaces/providers/contentTemplates",
              "name": "[concat(parameters('workspace'),'/Microsoft.SecurityInsights/', '2b6a3882-d601-4298-983b-880f6dc7acdb')]",
              "location": "[parameters('workspace-location')]",
              "kind": "shared",
              "apiVersion": "2022-08-01",
              "properties": {
                "contentId": "2b6a3882-d601-4298-983b-880f6dc7acdb",
                "displayName": "User Granted Access and Grants others Access",
                "contentKind": "HuntingQuery",
                "mainTemplate": {
                  "$schema": "https://schema.management.azure.com/schemas/2019-04-01/deploymentTemplate.json#",
                  "contentVersion": "1.0.0",
                  "resources": [
                    {
                      "type": "Microsoft.OperationalInsights/savedSearches",
                      "apiVersion": "2020-08-01",
                      "name": "2b6a3882-d601-4298-983b-880f6dc7acdb",
                      "location": "[parameters('workspace-location')]",
                      "properties": {
                        "eTag": "*",
                        "displayName": "User Granted Access and Grants others Access",
                        "category": "Hunting Queries",
                        "query": "let starttime = todatetime('{{StartTimeISO}}');\nlet endtime = todatetime('{{EndTimeISO}}');\nlet auditLookback = starttime - 14d;\nlet opName = dynamic([\"Add user\", \"Invite external user\"]);\n// Helper function to extract relevant fields from AuditLog events\nlet auditLogEvents = view (startTimeSpan:timespan, operation:dynamic)  {\n    AuditLogs | where TimeGenerated >= auditLookback\n    | where OperationName in~ (operation)\n    | extend ModProps = iff(TargetResources.[0].modifiedProperties != \"[]\", TargetResources.[0].modifiedProperties, todynamic(\"NoValues\"))\n    | extend IpAddress = iff(isnotempty(tostring(parse_json(tostring(InitiatedBy.user)).ipAddress)), \n    tostring(parse_json(tostring(InitiatedBy.user)).ipAddress), tostring(parse_json(tostring(InitiatedBy.app)).ipAddress))\n    | extend InitiatedByFull = iff(isnotempty(tostring(parse_json(tostring(InitiatedBy.user)).userPrincipalName)), \n    tostring(parse_json(tostring(InitiatedBy.user)).userPrincipalName), tostring(parse_json(tostring(InitiatedBy.app)).displayName))\n    | extend InitiatedBy = replace(\"_\",\"@\",tostring(split(InitiatedByFull, \"#\")[0]))\n    | extend TargetUserPrincipalName = tostring(TargetResources[0].userPrincipalName)\n    | extend TargetUserName = replace(\"_\",\"@\",tostring(split(TargetUserPrincipalName, \"#\")[0]))\n    | extend TargetResourceName = case(\n    isempty(tostring(TargetResources.[0].displayName)), TargetUserPrincipalName,\n    isnotempty(tostring(TargetResources.[0].displayName)) and tostring(TargetResources.[0].displayName) startswith \"upn:\", tolower(tostring(TargetResources.[0].displayName)),\n    tolower(tostring(TargetResources.[0].displayName))\n    )\n    | extend TargetUserName = replace(\"_\",\"@\",tostring(split(TargetUserPrincipalName, \"#\")[0]))\n    | extend TargetUserName = iff(isempty(TargetUserName), tostring(split(split(TargetResourceName, \",\")[0], \" \")[1]), TargetUserName ) \n    | mvexpand ModProps\n    | extend PropertyName = tostring(ModProps.displayName), newValue = replace('\\\"','',tostring(ModProps.newValue));\n};\n// Assigning time for First TargetUserName that was added\nlet FirstAdd = auditLogEvents(auditLookback, opName)  \n| project FirstAddTimeUtc = TimeGenerated, Type, FirstInitiatedBy = InitiatedBy, IpAddress, FirstTargetUserName = TargetUserName, FirstTargetResourceName = TargetResourceName, \nFirstOperationName = OperationName, FirstPropertyName = PropertyName, FirstnewValue = newValue, FirstCorrelationId = CorrelationId, FirstId = Id;\n// Assigning time for second TargetUserName that was added, which will allow us to see if a first TargetUserName added in is the Initiated by on the second in the later join\nlet SecondAdd = auditLogEvents(auditLookback, opName)  \n| project SecondAddTimeUtc = TimeGenerated, Type, SecondInitiatedBy = InitiatedBy, IpAddress, SecondTargetUserName = TargetUserName, SecondTargetResourceName = TargetResourceName, \nSecondOperationName = OperationName, SecondPropertyName = PropertyName, SecondnewValue = newValue, SecondCorrelationId = CorrelationId, SecondId = Id;\n//  Joining the FirstAdd with SecondAdd where the FirstAdd TargetUserName value matches the SecondAdd InitiatedBy.  This shows the new user adding a user.\nlet NewUserAddsUser = FirstAdd | join SecondAdd on $left.FirstTargetUserName == $right.SecondInitiatedBy\n// we only want items where the FirstAddTimeUtc is before the SecondAddTimeUtc\n| where FirstAddTimeUtc < SecondAddTimeUtc\n;\n// Build out some of the properties for context\nNewUserAddsUser\n| extend FirstnewValue = split(FirstnewValue, \";\"), SecondnewValue = split(SecondnewValue, \";\")\n| extend PropertyUpdate = pack(FirstPropertyName, FirstnewValue, SecondPropertyName, SecondnewValue, \"FirstCorrelationId\", FirstCorrelationId, \"FirstId\", FirstId, \"SecondCorrelationId\", SecondCorrelationId, \"SecondId\", SecondId)\n| summarize PropertyUpdateSet = make_bag(PropertyUpdate) by FirstAddTimeUtc, FirstInitiatedBy, FirstTargetUserName, SecondAddTimeUtc, SecondInitiatedBy, SecondTargetUserName, \nIpAddress, FirstTargetResourceName, SecondTargetResourceName, FirstOperationName, SecondOperationName\n| extend timestamp = FirstAddTimeUtc, AccountCustomEntity = FirstInitiatedBy, HostCustomEntity = FirstTargetResourceName, IPCustomEntity = IpAddress\n",
                        "version": 2,
                        "tags": [
                          {
                            "name": "description",
                            "value": "Identifies when a new user is granted access and starts granting access to other users.  This can help you identify rogue or malicious user behavior."
                          },
                          {
                            "name": "techniques",
                            "value": ""
                          },
                          {
                            "name": "tactics",
                            "value": "Persistence,PrivilegeEscalation"
                          }
                        ]
                      }
                    },
                    {
                      "type": "Microsoft.OperationalInsights/workspaces/providers/metadata",
                      "apiVersion": "2021-03-01-preview",
                      "name": "[concat(parameters('workspace'),'/Microsoft.SecurityInsights/',concat('huntingQuery-', '2b6a3882-d601-4298-983b-880f6dc7acdb'))]",
                      "properties": {
                        "description": "Identifies when a new user is granted access and starts granting access to other users.  This can help you identify rogue or malicious user behavior.",
                        "version": "1.0.0",
                        "author": {
                          "name": "Shain"
                        },
                        "support": {
                          "tier": "Community",
                          "name": "Community",
                          "link": "https://github.com/Azure/Azure-Sentinel/issues"
                        },
                        "source": {
                          "kind": "Community",
                          "name": "Standalone"
                        },
                        "threatAnalysisTactics": [
                          "Persistence",
                          "PrivilegeEscalation"
                        ],
                        "threatAnalyticsTechniques": [
                          "T1098",
                          "T1078"
                        ],
                        "contentId": "2b6a3882-d601-4298-983b-880f6dc7acdb",
                        "parentId": "2b6a3882-d601-4298-983b-880f6dc7acdb",
                        "kind": "HuntingQuery",
                        "dependencies": {
                          "operator": "AND",
                          "criteria": [
                            {
                              "contentId": "AuditLogs",
                              "kind": "DataType"
                            }
                          ]
                        }
                      }
                    }
                  ]
                }
              }
            }
          ]
        },
        "author": {
          "name": "Shain"
        },
        "categories": {
          "domains": [
            "Security - Other"
          ]
        },
        "dependencies": {
          "operator": "AND",
          "criteria": [
            {
              "contentId": "2b6a3882-d601-4298-983b-880f6dc7acdb",
              "kind": "HuntingQuery"
            }
          ]
        },
        "description": "Identifies when a new user is granted access and starts granting access to other users.  This can help you identify rogue or malicious user behavior.",
        "displayName": "User Granted Access and Grants others Access",
        "packageId": "2b6a3882-d601-4298-983b-880f6dc7acdb",
        "source": {
          "kind": "Community",
          "name": "Standalone"
        },
        "support": {
          "tier": "Community",
          "name": "Community",
          "link": "https://github.com/Azure/Azure-Sentinel/issues"
        },
        "threatAnalysisTactics": [
          "Persistence",
          "PrivilegeEscalation"
        ],
        "threatAnalyticsTechniques": [
          "T1098",
          "T1078"
        ],
        "version": "1.0.0"
      },
      "name": "2b6a3882-d601-4298-983b-880f6dc7acdb"
    }
  ]
}