{
  "$schema": "https://schema.management.azure.com/schemas/2019-04-01/deploymentTemplate.json#",
  "contentVersion": "1.0.1",
  "parameters": {
    "location": {
      "type": "string",
      "minLength": 1,
      "defaultValue": "[resourceGroup().location]",
      "metadata": {
        "description": "Not used, but needed to pass arm-ttk test `Location-Should-Not-Be-Hardcoded`.  We instead use the `workspace-location` which is derived from the LA workspace"
      }
    },
    "workspace": {
      "defaultValue": "",
      "type": "string",
      "metadata": {
        "description": "Workspace name for Log Analytics where Microsoft Sentinel is setup"
      }
    },
    "workspace-location": {
      "type": "string",
      "defaultValue": "",
      "metadata": {
        "description": "[concat('Region to deploy solution resources -- separate from location selection',parameters('location'))]"
      }
    }
  },
  "resources": [
    {
      "type": "Microsoft.OperationalInsights/workspaces/providers/contentTemplates",
      "name": "[concat(parameters('workspace'),'/Microsoft.SecurityInsights/',concat(concat(parameters('workspace'),'-ar-',uniquestring('6bf42891-b54d-4b4e-8533-babc5b3ea4c5')),'1.0.1'))]",
      "location": "[parameters('workspace-location')]",
      "apiVersion": "2022-08-01",
      "dependsOn": [
        "[extensionResourceId(resourceId('Microsoft.OperationalInsights/workspaces', parameters('workspace')), 'Microsoft.SecurityInsights/contentPackages', 'azuresentinel.azure-sentinel-solution-atlassianjiraaudit')]"
      ],
      "properties": {
        "contentId": "6bf42891-b54d-4b4e-8533-babc5b3ea4c5",
        "displayName": "Jira - New site admin user",
        "contentKind": "AnalyticsRule",
        "mainTemplate": {
          "resources": [
            {
              "type": "Microsoft.SecurityInsights/AlertRuleTemplates",
              "name": "6bf42891-b54d-4b4e-8533-babc5b3ea4c5",
              "apiVersion": "2022-04-01-preview",
              "kind": "Scheduled",
              "location": "[parameters('workspace-location')]",
              "properties": {
                "description": "Detects new site admin user.",
                "displayName": "Jira - New site admin user",
                "enabled": false,
                "query": "let priv_users = JiraAudit\n| where TimeGenerated > ago(14d)\n| where EventMessage =~ 'User added to group'\n| where ObjectItemName =~ 'site-admins'\n| extend user = todynamic(AssociatedItems)[0]['name']\n| summarize makeset(user);\nJiraAudit\n| where EventMessage =~ \"User's password changed\"\n| extend user = todynamic(AssociatedItems)[0]['name']\n| where user in (priv_users)\n| extend AccountCustomEntity = user\n",
                "queryFrequency": "PT1H",
                "queryPeriod": "P14D",
                "severity": "High",
                "suppressionDuration": "PT1H",
                "suppressionEnabled": false,
                "triggerOperator": "GreaterThan",
                "triggerThreshold": 0,
                "status": "Available",
                "requiredDataConnectors": [
                  {
                    "connectorId": "JiraAuditAPI",
                    "dataTypes": [
                      "JiraAudit"
                    ]
                  }
                ],
                "tactics": [
                  "InitialAccess"
                ],
                "entityMappings": [
                  {
                    "fieldMappings": [
                      {
                        "identifier": "Name",
                        "columnName": "AccountCustomEntity"
                      }
                    ],
                    "entityType": "Account"
                  }
                ]
              }
            },
            {
              "type": "Microsoft.OperationalInsights/workspaces/providers/metadata",
              "apiVersion": "2022-01-01-preview",
              "name": "[concat(parameters('workspace'),'/Microsoft.SecurityInsights/',concat('AnalyticsRule-', last(split(resourceId('Microsoft.SecurityInsights/AlertRuleTemplates', '6bf42891-b54d-4b4e-8533-babc5b3ea4c5'),'/'))))]",
              "properties": {
                "description": "AtlassianJiraAudit Analytics Rule 5",
                "parentId": "[resourceId('Microsoft.SecurityInsights/AlertRuleTemplates', '6bf42891-b54d-4b4e-8533-babc5b3ea4c5')]",
                "contentId": "6bf42891-b54d-4b4e-8533-babc5b3ea4c5",
                "kind": "AnalyticsRule",
                "version": "1.0.1",
                "source": {
                  "kind": "Solution",
                  "name": "AtlassianJiraAudit",
                  "sourceId": "azuresentinel.azure-sentinel-solution-atlassianjiraaudit"
                },
                "author": {
                  "name": "Microsoft",
                  "email": "support@microsoft.com"
                },
                "support": {
                  "name": "Microsoft Corporation",
                  "email": "support@microsoft.com",
                  "tier": "Microsoft",
                  "link": "https://support.microsoft.com"
                }
              }
            }
          ]
        }
      }
    }
  ]
}