{
  "$schema": "https://schema.management.azure.com/schemas/2019-04-01/deploymentTemplate.json#",
  "contentVersion": "1.0",
  "parameters": {
    "location": {
      "type": "string",
      "minLength": 1,
      "defaultValue": "[resourceGroup().location]",
      "metadata": {
        "description": "Not used, but needed to pass arm-ttk test `Location-Should-Not-Be-Hardcoded`.  We instead use the `workspace-location` which is derived from the LA workspace"
      }
    },
    "workspace": {
      "defaultValue": "",
      "type": "string",
      "metadata": {
        "description": "Workspace name for Log Analytics where Microsoft Sentinel is setup"
      }
    },
    "workspace-location": {
      "type": "string",
      "defaultValue": "",
      "metadata": {
        "description": "[concat('Region to deploy solution resources -- separate from location selection',parameters('location'))]"
      }
    }
  },
  "resources": [
    {
      "type": "Microsoft.OperationalInsights/workspaces/providers/contentTemplates",
      "name": "[concat(parameters('workspace'),'/Microsoft.SecurityInsights/',concat(concat(parameters('workspace'),'-fa-',uniquestring('Sync-CommentsFunctionApp')),'1.0'))]",
      "location": "[parameters('workspace-location')]",
      "apiVersion": "2022-08-01",
      "dependsOn": [
        "[extensionResourceId(resourceId('Microsoft.OperationalInsights/workspaces', parameters('workspace')), 'Microsoft.SecurityInsights/contentPackages', 'azuresentinel.azure-sentinel-solution-atlassianjiraaudit')]"
      ],
      "properties": {
        "contentId": "Sync-CommentsFunctionApp",
        "displayName": "jira-sync",
        "contentKind": "AzureFunction",
        "mainTemplate": {
          "resources": [
            {
              "apiVersion": "2021-09-01",
              "type": "Microsoft.Storage/storageAccounts",
              "name": "[variables('storageName')]",
              "location": "[variables('workspace-location-inline')]",
              "sku": {
                "name": "Standard_LRS",
                "tier": "Standard"
              }
            },
            {
              "apiVersion": "2015-08-01",
              "name": "[variables('hostingPlanName')]",
              "kind": "functionapp",
              "type": "Microsoft.Web/serverfarms",
              "location": "[variables('workspace-location-inline')]",
              "sku": {
                "name": "Y1",
                "tier": "Dynamic",
                "size": "Y1",
                "family": "Y",
                "capacity": 0
              },
              "properties": {
                "name": "[variables('hostingPlanName')]"
              }
            },
            {
              "apiVersion": "2015-08-01",
              "name": "[parameters('FunctionAppName')]",
              "type": "Microsoft.Web/sites",
              "location": "[variables('workspace-location-inline')]",
              "kind": "functionapp",
              "dependsOn": [
                "[resourceId('Microsoft.Web/serverfarms', variables('hostingPlanName'))]",
                "[resourceId('Microsoft.Storage/storageAccounts', variables('storageName'))]"
              ],
              "properties": {
                "serverFarmId": "[variables('hostingPlanName')]",
                "siteConfig": {
                  "appSettings": [
                    {
                      "name": "AzureWebJobsDashboard",
                      "value": "[concat('DefaultEndpointsProtocol=https;AccountName=', variables('storageName'), ';EndpointSuffix=', environment().suffixes.storage, ';AccountKey=',listKeys(resourceId('Microsoft.Storage/storageAccounts', variables('storageName')), '2022-05-01').keys[0].value)]"
                    },
                    {
                      "name": "AzureWebJobsStorage",
                      "value": "[concat('DefaultEndpointsProtocol=https;AccountName=', variables('storageName'), ';EndpointSuffix=', environment().suffixes.storage, ';AccountKey=',listKeys(resourceId('Microsoft.Storage/storageAccounts', variables('storageName')), '2022-05-01').keys[0].value)]"
                    },
                    {
                      "name": "FUNCTIONS_EXTENSION_VERSION",
                      "value": "~3"
                    },
                    {
                      "name": "WEBSITE_CONTENTAZUREFILECONNECTIONSTRING",
                      "value": "[concat('DefaultEndpointsProtocol=https;AccountName=', variables('storageName'), ';EndpointSuffix=', environment().suffixes.storage, ';AccountKey=',listKeys(resourceId('Microsoft.Storage/storageAccounts', variables('storageName')), '2022-05-01').keys[0].value)]"
                    },
                    {
                      "name": "WEBSITE_NODE_DEFAULT_VERSION",
                      "value": "~10"
                    },
                    {
                      "name": "WEBSITE_CONTENTSHARE",
                      "value": "[toLower(parameters('FunctionAppName'))]"
                    }
                  ]
                }
              },
              "resources": [
                {
                  "name": "MSDeploy",
                  "type": "extensions",
                  "location": "[variables('workspace-location-inline')]",
                  "apiVersion": "2015-08-01",
                  "dependsOn": [
                    "[concat('Microsoft.Web/sites/', parameters('FunctionAppName'))]"
                  ],
                  "properties": {
                    "packageUri": "[variables('packageURL')]"
                  }
                }
              ]
            },
            {
              "type": "Microsoft.OperationalInsights/workspaces/providers/metadata",
              "apiVersion": "2022-01-01-preview",
              "name": "[concat(variables('workspace-name'),'/Microsoft.SecurityInsights/',concat('AzureFunction-', last(split(variables('playbookId1'),'/'))))]",
              "properties": {
                "parentId": "[variables('playbookId1')]",
                "contentId": "Sync-CommentsFunctionApp",
                "kind": "AzureFunction",
                "version": "1.0",
                "source": {
                  "kind": "Solution",
                  "name": "AtlassianJiraAudit",
                  "sourceId": "azuresentinel.azure-sentinel-solution-atlassianjiraaudit"
                },
                "author": {
                  "name": "Microsoft",
                  "email": "support@microsoft.com"
                },
                "support": {
                  "name": "Microsoft Corporation",
                  "email": "support@microsoft.com",
                  "tier": "Microsoft",
                  "link": "https://support.microsoft.com"
                }
              }
            }
          ]
        }
      }
    }
  ]
}