{
  "$schema": "https://schema.management.azure.com/schemas/2019-04-01/deploymentTemplate.json#",
  "contentVersion": "1.0.0",
  "parameters": {
    "location": {
      "type": "string",
      "minLength": 1,
      "defaultValue": "[resourceGroup().location]",
      "metadata": {
        "description": "Not used, but needed to pass arm-ttk test `Location-Should-Not-Be-Hardcoded`.  We instead use the `workspace-location` which is derived from the LA workspace"
      }
    },
    "workspace": {
      "defaultValue": "",
      "type": "string",
      "metadata": {
        "description": "Workspace name for Log Analytics where Microsoft Sentinel is setup"
      }
    },
    "workspace-location": {
      "type": "string",
      "defaultValue": "",
      "metadata": {
        "description": "[concat('Region to deploy solution resources -- separate from location selection',parameters('location'))]"
      }
    }
  },
  "resources": [
    {
      "type": "Microsoft.OperationalInsights/workspaces/providers/contentTemplates",
      "name": "[concat(parameters('workspace'),'/Microsoft.SecurityInsights/',concat(concat(parameters('workspace'),'-dc-',uniquestring('AtlassianJira')),'1.0.0'))]",
      "location": "[parameters('workspace-location')]",
      "apiVersion": "2022-08-01",
      "dependsOn": [
        "[extensionResourceId(resourceId('Microsoft.OperationalInsights/workspaces', parameters('workspace')), 'Microsoft.SecurityInsights/contentPackages', 'azuresentinel.azure-sentinel-solution-atlassianjiraaudit')]"
      ],
      "properties": {
        "contentId": "AtlassianJira",
        "displayName": "Atlassian Jira",
        "contentKind": "DataConnector",
        "mainTemplate": {
          "resources": [
            {
              "name": "[concat(parameters('workspace'),'/Microsoft.SecurityInsights/','AtlassianJira')]",
              "apiVersion": "2021-03-01-preview",
              "type": "Microsoft.OperationalInsights/workspaces/providers/dataConnectors",
              "location": "[parameters('workspace-location')]",
              "kind": "APIPolling",
              "properties": {
                "connectorUiConfig": {
                  "id": "AtlassianJira",
                  "title": "Atlassian Jira",
                  "publisher": "Atlassian",
                  "descriptionMarkdown": "The Atlassian Jira data connector provides the capability to ingest [Atlassian Jira audit logs](https://developer.atlassian.com/cloud/jira/platform/rest/v3/api-group-audit-records/) into Microsoft Sentinel.",
                  "graphQueriesTableName": "AtlassianJiraNativePoller_CL",
                  "graphQueries": [
                    {
                      "metricName": "Total data received",
                      "legend": "Atlassian Jira audit logs",
                      "baseQuery": "{{graphQueriesTableName}}"
                    }
                  ],
                  "sampleQueries": [
                    {
                      "description": "All Atlassian Jira audit logs",
                      "query": "{{graphQueriesTableName}}\n| sort by TimeGenerated desc"
                    }
                  ],
                  "dataTypes": [
                    {
                      "name": "{{graphQueriesTableName}}",
                      "lastDataReceivedQuery": "{{graphQueriesTableName}}\n            | summarize Time = max(TimeGenerated)\n            | where isnotempty(Time)"
                    }
                  ],
                  "connectivityCriteria": [
                    {
                      "type": "SentinelKindsV2",
                      "value": []
                    }
                  ],
                  "availability": {
                    "status": 1,
                    "isPreview": false
                  },
                  "permissions": {
                    "resourceProvider": [
                      {
                        "provider": "Microsoft.OperationalInsights/workspaces",
                        "permissionsDisplayText": "read and write permissions are required.",
                        "providerDisplayName": "Workspace",
                        "scope": "Workspace",
                        "requiredPermissions": {
                          "write": true,
                          "read": true,
                          "delete": true
                        }
                      },
                      {
                        "provider": "Microsoft.OperationalInsights/workspaces/sharedKeys",
                        "permissionsDisplayText": "read permissions to shared keys for the workspace are required. [See the documentation to learn more about workspace keys](https://docs.microsoft.com/azure/azure-monitor/platform/agent-windows#obtain-workspace-id-and-key)",
                        "providerDisplayName": "Keys",
                        "scope": "Workspace",
                        "requiredPermissions": {
                          "action": true
                        }
                      }
                    ],
                    "customs": [
                      {
                        "name": "Atlassian Jira API credentials",
                        "description": "Jira Username and Jira Access Token are required. [See the documentation to learn more about Atlassian Jira API](https://developer.atlassian.com/cloud/jira/platform/rest/v3/intro/#about). Jira domain must be provided as well."
                      }
                    ]
                  },
                  "instructionSteps": [
                    {
                      "description": "Please insert your credentials",
                      "instructions": [
                        {
                          "parameters": {
                            "enable": "true",
                            "userRequestPlaceHoldersInput": [
                              {
                                "displayText": "Domain Name",
                                "requestObjectKey": "apiEndpoint",
                                "placeHolderName": "{{domain}}",
                                "placeHolderValue": ""
                              }
                            ]
                          },
                          "type": "BasicAuth"
                        }
                      ],
                      "title": "Connect Atlassian Jira"
                    }
                  ]
                },
                "pollingConfig": {
                  "auth": {
                    "authType": "Basic"
                  },
                  "request": {
                    "apiEndpoint": "https://{{domain}}/rest/api/3/auditing/record",
                    "httpMethod": "Get",
                    "queryTimeFormat": "yyyy-MM-ddTHH:mm:ssZ",
                    "startTimeAttributeName": "from",
                    "endTimeAttributeName": "to",
                    "queryWindowInMin": 5
                  },
                  "paging": {
                    "pagingType": "Offset",
                    "offsetParaName": "offset",
                    "pageSizeParaName": "limit",
                    "pageSize": 1000
                  },
                  "response": {
                    "eventsJsonPaths": [
                      "$..records"
                    ]
                  }
                }
              }
            },
            {
              "type": "Microsoft.OperationalInsights/workspaces/providers/metadata",
              "apiVersion": "2022-01-01-preview",
              "name": "[concat(parameters('workspace'),'/Microsoft.SecurityInsights/',concat('DataConnector-', last(split(extensionResourceId(resourceId('Microsoft.OperationalInsights/workspaces', parameters('workspace')), 'Microsoft.SecurityInsights/dataConnectors', 'AtlassianJira'),'/'))))]",
              "properties": {
                "parentId": "[extensionResourceId(resourceId('Microsoft.OperationalInsights/workspaces', parameters('workspace')), 'Microsoft.SecurityInsights/dataConnectors', 'AtlassianJira')]",
                "contentId": "AtlassianJira",
                "kind": "DataConnector",
                "version": "1.0.0",
                "source": {
                  "kind": "Solution",
                  "name": "AtlassianJiraAudit",
                  "sourceId": "azuresentinel.azure-sentinel-solution-atlassianjiraaudit"
                },
                "author": {
                  "name": "Microsoft",
                  "email": "support@microsoft.com"
                },
                "support": {
                  "name": "Microsoft Corporation",
                  "email": "support@microsoft.com",
                  "tier": "Microsoft",
                  "link": "https://support.microsoft.com"
                }
              }
            }
          ]
        }
      }
    }
  ]
}