{
  "$schema": "https://schema.management.azure.com/schemas/2019-04-01/deploymentTemplate.json#",
  "contentVersion": "1.0.0",
  "parameters": {
    "location": {
      "type": "string",
      "minLength": 1,
      "defaultValue": "[resourceGroup().location]",
      "metadata": {
        "description": "Not used, but needed to pass arm-ttk test `Location-Should-Not-Be-Hardcoded`.  We instead use the `workspace-location` which is derived from the LA workspace"
      }
    },
    "workspace": {
      "defaultValue": "",
      "type": "string",
      "metadata": {
        "description": "Workspace name for Log Analytics where Microsoft Sentinel is setup"
      }
    },
    "workspace-location": {
      "type": "string",
      "defaultValue": "",
      "metadata": {
        "description": "[concat('Region to deploy solution resources -- separate from location selection',parameters('location'))]"
      }
    }
  },
  "resources": [
    {
      "type": "Microsoft.OperationalInsights/workspaces/providers/contentTemplates",
      "name": "[concat(parameters('workspace'),'/Microsoft.SecurityInsights/',concat(concat(parameters('workspace'),'-hq-',uniquestring('103ccb8d-f910-4978-aba7-1ad598db822b')),'1.0.0'))]",
      "location": "[parameters('workspace-location')]",
      "apiVersion": "2022-08-01",
      "dependsOn": [
        "[extensionResourceId(resourceId('Microsoft.OperationalInsights/workspaces', parameters('workspace')), 'Microsoft.SecurityInsights/contentPackages', 'azuresentinel.azure-sentinel-solution-atlassianjiraaudit')]"
      ],
      "properties": {
        "contentId": "103ccb8d-f910-4978-aba7-1ad598db822b",
        "displayName": "",
        "contentKind": "HuntingQuery",
        "mainTemplate": {
          "resources": [
            {
              "type": "Microsoft.OperationalInsights/savedSearches",
              "apiVersion": "2020-08-01",
              "name": "AtlassianJiraAudit_Hunting_Query_3",
              "location": "[parameters('workspace-location')]",
              "properties": {
                "eTag": "*",
                "displayName": "Jira - Project versions released",
                "category": "Hunting Queries",
                "query": "JiraAudit\n| where TimeGenerated > ago(24h)\n| where EventMessage =~ 'Project version released'\n| project EventCreationTime, UserName, ObjectItemName, AssociatedItems\n| extend AccountCustomEntity = UserName\n",
                "version": 2,
                "tags": [
                  {
                    "name": "description",
                    "value": "Query searches for project versions released."
                  },
                  {
                    "name": "tactics",
                    "value": "Impact"
                  },
                  {
                    "name": "techniques",
                    "value": "T1565"
                  }
                ]
              }
            },
            {
              "type": "Microsoft.OperationalInsights/workspaces/providers/metadata",
              "apiVersion": "2022-01-01-preview",
              "name": "[concat(parameters('workspace'),'/Microsoft.SecurityInsights/',concat('HuntingQuery-', last(split(resourceId('Microsoft.OperationalInsights/savedSearches', '103ccb8d-f910-4978-aba7-1ad598db822b'),'/'))))]",
              "properties": {
                "description": "AtlassianJiraAudit Hunting Query 3",
                "parentId": "[resourceId('Microsoft.OperationalInsights/savedSearches', '103ccb8d-f910-4978-aba7-1ad598db822b')]",
                "contentId": "103ccb8d-f910-4978-aba7-1ad598db822b",
                "kind": "HuntingQuery",
                "version": "1.0.0",
                "source": {
                  "kind": "Solution",
                  "name": "AtlassianJiraAudit",
                  "sourceId": "azuresentinel.azure-sentinel-solution-atlassianjiraaudit"
                },
                "author": {
                  "name": "Microsoft",
                  "email": "support@microsoft.com"
                },
                "support": {
                  "name": "Microsoft Corporation",
                  "email": "support@microsoft.com",
                  "tier": "Microsoft",
                  "link": "https://support.microsoft.com"
                }
              }
            }
          ]
        }
      }
    }
  ]
}