{
  "$schema": "https://schema.management.azure.com/schemas/2019-04-01/deploymentTemplate.json#",
  "contentVersion": "1.0",
  "parameters": {
    "location": {
      "type": "string",
      "minLength": 1,
      "defaultValue": "[resourceGroup().location]",
      "metadata": {
        "description": "Not used, but needed to pass arm-ttk test `Location-Should-Not-Be-Hardcoded`.  We instead use the `workspace-location` which is derived from the LA workspace"
      }
    },
    "workspace": {
      "defaultValue": "",
      "type": "string",
      "metadata": {
        "description": "Workspace name for Log Analytics where Microsoft Sentinel is setup"
      }
    },
    "workspace-location": {
      "type": "string",
      "defaultValue": "",
      "metadata": {
        "description": "[concat('Region to deploy solution resources -- separate from location selection',parameters('location'))]"
      }
    }
  },
  "resources": [
    {
      "type": "Microsoft.OperationalInsights/workspaces/providers/contentTemplates",
      "name": "[concat(parameters('workspace'),'/Microsoft.SecurityInsights/',concat(concat(parameters('workspace'),'-pl-',uniquestring('Sync-AssignedUser')),'1.0'))]",
      "location": "[parameters('workspace-location')]",
      "apiVersion": "2022-08-01",
      "dependsOn": [
        "[extensionResourceId(resourceId('Microsoft.OperationalInsights/workspaces', parameters('workspace')), 'Microsoft.SecurityInsights/contentPackages', 'azuresentinel.azure-sentinel-solution-atlassianjiraaudit')]"
      ],
      "properties": {
        "contentId": "Sync-AssignedUser",
        "displayName": "Sync Jira to Sentinel - Assigned User",
        "contentKind": "Playbook",
        "mainTemplate": {
          "resources": [
            {
              "type": "Microsoft.Web/connections",
              "apiVersion": "2016-06-01",
              "name": "[variables('SentinelConnectionName')]",
              "location": "[variables('workspace-location-inline')]",
              "properties": {
                "displayName": "[parameters('PlaybookName')]",
                "parameterValueType": "Alternative",
                "api": {
                  "id": "[variables('_connection-1')]"
                }
              }
            },
            {
              "type": "Microsoft.Web/connections",
              "apiVersion": "2016-06-01",
              "name": "[variables('AzureKeyVaultConnectionName')]",
              "location": "[variables('workspace-location-inline')]",
              "kind": "V1",
              "properties": {
                "displayName": "[variables('AzureKeyVaultConnectionName')]",
                "parameterValueType": "Alternative",
                "alternativeParameterValues": {
                  "vaultName": "[parameters('Keyvault Name')]"
                },
                "api": {
                  "id": "[variables('_connection-2')]"
                }
              }
            },
            {
              "type": "Microsoft.Logic/workflows",
              "apiVersion": "2017-07-01",
              "name": "[parameters('PlaybookName')]",
              "location": "[variables('workspace-location-inline')]",
              "identity": {
                "type": "SystemAssigned"
              },
              "tags": {
                "hidden-SentinelTemplateName": "SyncJIRAAssignedUser",
                "hidden-SentinelTemplateVersion": "1.0",
                "hidden-SentinelWorkspaceId": "[resourceId('microsoft.OperationalInsights/Workspaces', parameters('workspace'))]"
              },
              "dependsOn": [
                "[resourceId('Microsoft.Web/connections', variables('AzureKeyVaultConnectionName'))]",
                "[resourceId('Microsoft.Web/connections', variables('SentinelConnectionName'))]"
              ],
              "properties": {
                "state": "Enabled",
                "definition": {
                  "$schema": "https://schema.management.azure.com/providers/Microsoft.Logic/schemas/2016-06-01/workflowdefinition.json#",
                  "contentVersion": "1.0.0.0",
                  "parameters": {
                    "$connections": {
                      "type": "Object"
                    }
                  },
                  "triggers": {
                    "manual": {
                      "type": "Request",
                      "kind": "Http",
                      "inputs": {
                        "schema": {
                          "properties": {
                            "changelog": {
                              "properties": {
                                "maxResults": {
                                  "type": "integer"
                                },
                                "startAt": {
                                  "type": "integer"
                                },
                                "total": {
                                  "type": "integer"
                                }
                              },
                              "type": "object"
                            },
                            "fields": {
                              "properties": {
                                "aggregateprogress": {
                                  "properties": {
                                    "progress": {
                                      "type": "integer"
                                    },
                                    "total": {
                                      "type": "integer"
                                    }
                                  },
                                  "type": "object"
                                },
                                "assignee": {
                                  "properties": {
                                    "accountId": {
                                      "type": "string"
                                    },
                                    "accountType": {
                                      "type": "string"
                                    },
                                    "active": {
                                      "type": "boolean"
                                    },
                                    "avatarUrls": {
                                      "properties": {
                                        "16x16": {
                                          "type": "string"
                                        },
                                        "24x24": {
                                          "type": "string"
                                        },
                                        "32x32": {
                                          "type": "string"
                                        },
                                        "48x48": {
                                          "type": "string"
                                        }
                                      },
                                      "type": "object"
                                    },
                                    "displayName": {
                                      "type": "string"
                                    },
                                    "self": {
                                      "type": "string"
                                    },
                                    "timeZone": {
                                      "type": "string"
                                    }
                                  },
                                  "type": "object"
                                },
                                "attachment": {
                                  "items": {
                                    "properties": {
                                      "author": {
                                        "properties": {
                                          "accountId": {
                                            "type": "string"
                                          },
                                          "accountType": {
                                            "type": "string"
                                          },
                                          "active": {
                                            "type": "boolean"
                                          },
                                          "avatarUrls": {
                                            "properties": {
                                              "16x16": {
                                                "type": "string"
                                              },
                                              "24x24": {
                                                "type": "string"
                                              },
                                              "32x32": {
                                                "type": "string"
                                              },
                                              "48x48": {
                                                "type": "string"
                                              }
                                            },
                                            "type": "object"
                                          },
                                          "displayName": {
                                            "type": "string"
                                          },
                                          "self": {
                                            "type": "string"
                                          },
                                          "timeZone": {
                                            "type": "string"
                                          }
                                        },
                                        "type": "object"
                                      },
                                      "content": {
                                        "type": "string"
                                      },
                                      "created": {
                                        "type": "integer"
                                      },
                                      "filename": {
                                        "type": "string"
                                      },
                                      "id": {
                                        "type": "integer"
                                      },
                                      "mimeType": {
                                        "type": "string"
                                      },
                                      "self": {
                                        "type": "string"
                                      },
                                      "size": {
                                        "type": "integer"
                                      }
                                    },
                                    "required": [
                                      "self",
                                      "id",
                                      "filename",
                                      "author",
                                      "created",
                                      "size",
                                      "mimeType",
                                      "content"
                                    ],
                                    "type": "object"
                                  },
                                  "type": "array"
                                },
                                "comment": {
                                  "properties": {
                                    "comments": {
                                      "items": {
                                        "properties": {
                                          "author": {
                                            "properties": {
                                              "accountId": {
                                                "type": "string"
                                              },
                                              "accountType": {
                                                "type": "string"
                                              },
                                              "active": {
                                                "type": "boolean"
                                              },
                                              "avatarUrls": {
                                                "properties": {
                                                  "16x16": {
                                                    "type": "string"
                                                  },
                                                  "24x24": {
                                                    "type": "string"
                                                  },
                                                  "32x32": {
                                                    "type": "string"
                                                  },
                                                  "48x48": {
                                                    "type": "string"
                                                  }
                                                },
                                                "type": "object"
                                              },
                                              "displayName": {
                                                "type": "string"
                                              },
                                              "self": {
                                                "type": "string"
                                              },
                                              "timeZone": {
                                                "type": "string"
                                              }
                                            },
                                            "type": "object"
                                          },
                                          "body": {
                                            "type": "string"
                                          },
                                          "created": {
                                            "type": "integer"
                                          },
                                          "id": {
                                            "type": "integer"
                                          },
                                          "self": {
                                            "type": "string"
                                          },
                                          "updateAuthor": {
                                            "properties": {
                                              "accountId": {
                                                "type": "string"
                                              },
                                              "accountType": {
                                                "type": "string"
                                              },
                                              "active": {
                                                "type": "boolean"
                                              },
                                              "avatarUrls": {
                                                "properties": {
                                                  "16x16": {
                                                    "type": "string"
                                                  },
                                                  "24x24": {
                                                    "type": "string"
                                                  },
                                                  "32x32": {
                                                    "type": "string"
                                                  },
                                                  "48x48": {
                                                    "type": "string"
                                                  }
                                                },
                                                "type": "object"
                                              },
                                              "displayName": {
                                                "type": "string"
                                              },
                                              "self": {
                                                "type": "string"
                                              },
                                              "timeZone": {
                                                "type": "string"
                                              }
                                            },
                                            "type": "object"
                                          },
                                          "updated": {
                                            "type": "integer"
                                          }
                                        },
                                        "required": [
                                          "self",
                                          "id",
                                          "author",
                                          "body",
                                          "renderedBody",
                                          "updateAuthor",
                                          "created",
                                          "updated",
                                          "visibility"
                                        ],
                                        "type": "object"
                                      },
                                      "type": "array"
                                    },
                                    "last": {
                                      "type": "boolean"
                                    },
                                    "maxResults": {
                                      "type": "integer"
                                    },
                                    "startAt": {
                                      "type": "integer"
                                    },
                                    "total": {
                                      "type": "integer"
                                    }
                                  },
                                  "type": "object"
                                },
                                "components": {
                                  "type": "array"
                                },
                                "created": {
                                  "type": "integer"
                                },
                                "creator": {
                                  "properties": {
                                    "accountId": {
                                      "type": "string"
                                    },
                                    "accountType": {
                                      "type": "string"
                                    },
                                    "active": {
                                      "type": "boolean"
                                    },
                                    "avatarUrls": {
                                      "properties": {
                                        "16x16": {
                                          "type": "string"
                                        },
                                        "24x24": {
                                          "type": "string"
                                        },
                                        "32x32": {
                                          "type": "string"
                                        },
                                        "48x48": {
                                          "type": "string"
                                        }
                                      },
                                      "type": "object"
                                    },
                                    "displayName": {
                                      "type": "string"
                                    },
                                    "self": {
                                      "type": "string"
                                    },
                                    "timeZone": {
                                      "type": "string"
                                    }
                                  },
                                  "type": "object"
                                },
                                "customfield_10000": {
                                  "type": "string"
                                },
                                "customfield_10002": {
                                  "items": {
                                    "properties": {
                                      "_links": {
                                        "properties": {
                                          "self": {
                                            "type": "string"
                                          }
                                        },
                                        "type": "object"
                                      },
                                      "id": {
                                        "type": "string"
                                      },
                                      "name": {
                                        "type": "string"
                                      }
                                    },
                                    "required": [
                                      "id",
                                      "name",
                                      "_links"
                                    ],
                                    "type": "object"
                                  },
                                  "type": "array"
                                },
                                "customfield_10003": {
                                  "items": {
                                    "properties": {
                                      "accountId": {
                                        "type": "string"
                                      },
                                      "accountType": {
                                        "type": "string"
                                      },
                                      "active": {
                                        "type": "boolean"
                                      },
                                      "avatarUrls": {
                                        "properties": {
                                          "16x16": {
                                            "type": "string"
                                          },
                                          "24x24": {
                                            "type": "string"
                                          },
                                          "32x32": {
                                            "type": "string"
                                          },
                                          "48x48": {
                                            "type": "string"
                                          }
                                        },
                                        "type": "object"
                                      },
                                      "displayName": {
                                        "type": "string"
                                      },
                                      "self": {
                                        "type": "string"
                                      },
                                      "timeZone": {
                                        "type": "string"
                                      }
                                    },
                                    "required": [
                                      "self",
                                      "accountId",
                                      "avatarUrls",
                                      "displayName",
                                      "active",
                                      "timeZone",
                                      "accountType"
                                    ],
                                    "type": "object"
                                  },
                                  "type": "array"
                                },
                                "customfield_10010": {
                                  "properties": {
                                    "_links": {
                                      "properties": {
                                        "agent": {
                                          "type": "string"
                                        },
                                        "jiraRest": {
                                          "type": "string"
                                        },
                                        "self": {
                                          "type": "string"
                                        },
                                        "web": {
                                          "type": "string"
                                        }
                                      },
                                      "type": "object"
                                    },
                                    "currentStatus": {
                                      "properties": {
                                        "status": {
                                          "type": "string"
                                        },
                                        "statusCategory": {
                                          "type": "string"
                                        },
                                        "statusDate": {
                                          "properties": {
                                            "epochMillis": {
                                              "type": "integer"
                                            },
                                            "friendly": {
                                              "type": "string"
                                            },
                                            "iso8601": {
                                              "type": "string"
                                            },
                                            "jira": {
                                              "type": "string"
                                            }
                                          },
                                          "type": "object"
                                        }
                                      },
                                      "type": "object"
                                    },
                                    "requestType": {
                                      "properties": {
                                        "_expands": {
                                          "items": {
                                            "type": "string"
                                          },
                                          "type": "array"
                                        },
                                        "_links": {
                                          "properties": {
                                            "self": {
                                              "type": "string"
                                            }
                                          },
                                          "type": "object"
                                        },
                                        "description": {
                                          "type": "string"
                                        },
                                        "groupIds": {
                                          "type": "array"
                                        },
                                        "helpText": {
                                          "type": "string"
                                        },
                                        "icon": {
                                          "properties": {
                                            "_links": {
                                              "properties": {
                                                "iconUrls": {
                                                  "properties": {
                                                    "16x16": {
                                                      "type": "string"
                                                    },
                                                    "24x24": {
                                                      "type": "string"
                                                    },
                                                    "32x32": {
                                                      "type": "string"
                                                    },
                                                    "48x48": {
                                                      "type": "string"
                                                    }
                                                  },
                                                  "type": "object"
                                                }
                                              },
                                              "type": "object"
                                            },
                                            "id": {
                                              "type": "string"
                                            }
                                          },
                                          "type": "object"
                                        },
                                        "id": {
                                          "type": "string"
                                        },
                                        "issueTypeId": {
                                          "type": "string"
                                        },
                                        "name": {
                                          "type": "string"
                                        },
                                        "serviceDeskId": {
                                          "type": "string"
                                        }
                                      },
                                      "type": "object"
                                    }
                                  },
                                  "type": "object"
                                },
                                "customfield_10018": {
                                  "properties": {
                                    "hasEpicLinkFieldDependency": {
                                      "type": "boolean"
                                    },
                                    "nonEditableReason": {
                                      "properties": {
                                        "message": {
                                          "type": "string"
                                        },
                                        "reason": {
                                          "type": "string"
                                        }
                                      },
                                      "type": "object"
                                    },
                                    "showField": {
                                      "type": "boolean"
                                    }
                                  },
                                  "type": "object"
                                },
                                "customfield_10019": {
                                  "type": "string"
                                },
                                "customfield_10022": {
                                  "type": "string"
                                },
                                "customfield_10024": {
                                  "type": "array"
                                },
                                "customfield_10048": {
                                  "properties": {
                                    "_links": {
                                      "properties": {
                                        "self": {
                                          "type": "string"
                                        }
                                      },
                                      "type": "object"
                                    },
                                    "completedCycles": {
                                      "items": {
                                        "properties": {
                                          "breached": {
                                            "type": "boolean"
                                          },
                                          "elapsedTime": {
                                            "properties": {
                                              "friendly": {
                                                "type": "string"
                                              },
                                              "millis": {
                                                "type": "integer"
                                              }
                                            },
                                            "type": "object"
                                          },
                                          "goalDuration": {
                                            "properties": {
                                              "friendly": {
                                                "type": "string"
                                              },
                                              "millis": {
                                                "type": "integer"
                                              }
                                            },
                                            "type": "object"
                                          },
                                          "remainingTime": {
                                            "properties": {
                                              "friendly": {
                                                "type": "string"
                                              },
                                              "millis": {
                                                "type": "integer"
                                              }
                                            },
                                            "type": "object"
                                          },
                                          "startTime": {
                                            "properties": {
                                              "epochMillis": {
                                                "type": "integer"
                                              },
                                              "friendly": {
                                                "type": "string"
                                              },
                                              "iso8601": {
                                                "type": "string"
                                              },
                                              "jira": {
                                                "type": "string"
                                              }
                                            },
                                            "type": "object"
                                          },
                                          "stopTime": {
                                            "properties": {
                                              "epochMillis": {
                                                "type": "integer"
                                              },
                                              "friendly": {
                                                "type": "string"
                                              },
                                              "iso8601": {
                                                "type": "string"
                                              },
                                              "jira": {
                                                "type": "string"
                                              }
                                            },
                                            "type": "object"
                                          }
                                        },
                                        "required": [
                                          "startTime",
                                          "stopTime",
                                          "breached",
                                          "goalDuration",
                                          "elapsedTime",
                                          "remainingTime"
                                        ],
                                        "type": "object"
                                      },
                                      "type": "array"
                                    },
                                    "id": {
                                      "type": "string"
                                    },
                                    "name": {
                                      "type": "string"
                                    }
                                  },
                                  "type": "object"
                                },
                                "customfield_10051": {
                                  "properties": {
                                    "displayName": {
                                      "type": "string"
                                    },
                                    "languageCode": {
                                      "type": "string"
                                    }
                                  },
                                  "type": "object"
                                },
                                "customfield_10144": {
                                  "type": "string"
                                },
                                "customfield_10145": {
                                  "type": "string"
                                },
                                "customfield_10149": {
                                  "properties": {
                                    "id": {
                                      "type": "string"
                                    },
                                    "self": {
                                      "type": "string"
                                    },
                                    "value": {
                                      "type": "string"
                                    }
                                  },
                                  "type": "object"
                                },
                                "customfield_10154": {
                                  "type": "string"
                                },
                                "customfield_10155": {
                                  "items": {
                                    "properties": {
                                      "id": {
                                        "type": "string"
                                      },
                                      "self": {
                                        "type": "string"
                                      },
                                      "value": {
                                        "type": "string"
                                      }
                                    },
                                    "required": [
                                      "self",
                                      "value",
                                      "id"
                                    ],
                                    "type": "object"
                                  },
                                  "type": "array"
                                },
                                "customfield_10158": {
                                  "type": "string"
                                },
                                "customfield_10162": {
                                  "type": "string"
                                },
                                "customfield_10169": {
                                  "type": "string"
                                },
                                "customfield_10170": {
                                  "type": "string"
                                },
                                "customfield_10171": {
                                  "type": "string"
                                },
                                "customfield_10172": {
                                  "type": "string"
                                },
                                "customfield_10173": {
                                  "type": "string"
                                },
                                "customfield_10175": {
                                  "type": "string"
                                },
                                "description": {
                                  "type": "string"
                                },
                                "fixVersions": {
                                  "type": "array"
                                },
                                "issuelinks": {
                                  "type": "array"
                                },
                                "issuerestriction": {
                                  "properties": {
                                    "issuerestrictions": {
                                      "type": "object"
                                    },
                                    "shouldDisplay": {
                                      "type": "boolean"
                                    }
                                  },
                                  "type": "object"
                                },
                                "issuetype": {
                                  "properties": {
                                    "description": {
                                      "type": "string"
                                    },
                                    "iconUrl": {
                                      "type": "string"
                                    },
                                    "id": {
                                      "type": "integer"
                                    },
                                    "name": {
                                      "type": "string"
                                    },
                                    "namedValue": {
                                      "type": "string"
                                    },
                                    "self": {
                                      "type": "string"
                                    },
                                    "statuses": {
                                      "type": "array"
                                    },
                                    "subtask": {
                                      "type": "boolean"
                                    }
                                  },
                                  "type": "object"
                                },
                                "labels": {
                                  "type": "array"
                                },
                                "priority": {
                                  "properties": {
                                    "iconUrl": {
                                      "type": "string"
                                    },
                                    "id": {
                                      "type": "integer"
                                    },
                                    "name": {
                                      "type": "string"
                                    },
                                    "namedValue": {
                                      "type": "string"
                                    },
                                    "self": {
                                      "type": "string"
                                    }
                                  },
                                  "type": "object"
                                },
                                "progress": {
                                  "properties": {
                                    "progress": {
                                      "type": "integer"
                                    },
                                    "total": {
                                      "type": "integer"
                                    }
                                  },
                                  "type": "object"
                                },
                                "project": {
                                  "properties": {
                                    "avatarUrls": {
                                      "properties": {
                                        "16x16": {
                                          "type": "string"
                                        },
                                        "24x24": {
                                          "type": "string"
                                        },
                                        "32x32": {
                                          "type": "string"
                                        },
                                        "48x48": {
                                          "type": "string"
                                        }
                                      },
                                      "type": "object"
                                    },
                                    "id": {
                                      "type": "integer"
                                    },
                                    "key": {
                                      "type": "string"
                                    },
                                    "name": {
                                      "type": "string"
                                    },
                                    "projectTypeKey": {
                                      "type": "string"
                                    },
                                    "self": {
                                      "type": "string"
                                    },
                                    "simplified": {
                                      "type": "boolean"
                                    }
                                  },
                                  "type": "object"
                                },
                                "reporter": {
                                  "properties": {
                                    "accountId": {
                                      "type": "string"
                                    },
                                    "accountType": {
                                      "type": "string"
                                    },
                                    "active": {
                                      "type": "boolean"
                                    },
                                    "avatarUrls": {
                                      "properties": {
                                        "16x16": {
                                          "type": "string"
                                        },
                                        "24x24": {
                                          "type": "string"
                                        },
                                        "32x32": {
                                          "type": "string"
                                        },
                                        "48x48": {
                                          "type": "string"
                                        }
                                      },
                                      "type": "object"
                                    },
                                    "displayName": {
                                      "type": "string"
                                    },
                                    "self": {
                                      "type": "string"
                                    },
                                    "timeZone": {
                                      "type": "string"
                                    }
                                  },
                                  "type": "object"
                                },
                                "status": {
                                  "properties": {
                                    "description": {
                                      "type": "string"
                                    },
                                    "iconUrl": {
                                      "type": "string"
                                    },
                                    "id": {
                                      "type": "integer"
                                    },
                                    "name": {
                                      "type": "string"
                                    },
                                    "self": {
                                      "type": "string"
                                    },
                                    "statusCategory": {
                                      "properties": {
                                        "colorName": {
                                          "type": "string"
                                        },
                                        "id": {
                                          "type": "integer"
                                        },
                                        "key": {
                                          "type": "string"
                                        },
                                        "name": {
                                          "type": "string"
                                        },
                                        "self": {
                                          "type": "string"
                                        }
                                      },
                                      "type": "object"
                                    }
                                  },
                                  "type": "object"
                                },
                                "statuscategorychangedate": {
                                  "type": "string"
                                },
                                "subtasks": {
                                  "type": "array"
                                },
                                "summary": {
                                  "type": "string"
                                },
                                "timetracking": {
                                  "properties": {
                                    "originalEstimateSeconds": {
                                      "type": "integer"
                                    },
                                    "remainingEstimateSeconds": {
                                      "type": "integer"
                                    },
                                    "timeSpentSeconds": {
                                      "type": "integer"
                                    }
                                  },
                                  "type": "object"
                                },
                                "updated": {
                                  "type": "integer"
                                },
                                "versions": {
                                  "type": "array"
                                },
                                "votes": {
                                  "properties": {
                                    "hasVoted": {
                                      "type": "boolean"
                                    },
                                    "self": {
                                      "type": "string"
                                    },
                                    "votes": {
                                      "type": "integer"
                                    }
                                  },
                                  "type": "object"
                                },
                                "watches": {
                                  "properties": {
                                    "isWatching": {
                                      "type": "boolean"
                                    },
                                    "self": {
                                      "type": "string"
                                    },
                                    "watchCount": {
                                      "type": "integer"
                                    }
                                  },
                                  "type": "object"
                                },
                                "worklog": {
                                  "properties": {
                                    "last": {
                                      "type": "boolean"
                                    },
                                    "maxResults": {
                                      "type": "integer"
                                    },
                                    "startAt": {
                                      "type": "integer"
                                    },
                                    "total": {
                                      "type": "integer"
                                    },
                                    "worklogs": {
                                      "type": "array"
                                    }
                                  },
                                  "type": "object"
                                },
                                "workratio": {
                                  "type": "integer"
                                }
                              },
                              "type": "object"
                            },
                            "id": {
                              "type": "integer"
                            },
                            "key": {
                              "type": "string"
                            },
                            "self": {
                              "type": "string"
                            }
                          },
                          "type": "object"
                        }
                      }
                    }
                  },
                  "actions": {
                    "Condition": {
                      "actions": {
                        "Update_incident": {
                          "type": "ApiConnection",
                          "inputs": {
                            "body": {
                              "incidentArmId": "@triggerBody()?['fields']?['customfield_10175']",
                              "owner": "@{first(body('Parse_JSON')?['value'])?['id']}",
                              "ownerAction": "Assign"
                            },
                            "host": {
                              "connection": {
                                "name": "@parameters('$connections')['azuresentinel']['connectionId']"
                              }
                            },
                            "method": "put",
                            "path": "/Incidents"
                          }
                        }
                      },
                      "runAfter": {
                        "Parse_JSON": [
                          "Succeeded"
                        ]
                      },
                      "expression": {
                        "and": [
                          {
                            "not": {
                              "equals": [
                                "@length(body('Parse_JSON')?['value'])",
                                0
                              ]
                            }
                          }
                        ]
                      },
                      "type": "If"
                    },
                    "Get_secret": {
                      "type": "ApiConnection",
                      "inputs": {
                        "host": {
                          "connection": {
                            "name": "@parameters('$connections')['keyvault']['connectionId']"
                          }
                        },
                        "method": "get",
                        "path": "[concat('/secrets/@{encodeURIComponent(''', parameters('SecretName AAD SP'), ''')}/value')]"
                      },
                      "runtimeConfiguration": {
                        "secureData": {
                          "properties": [
                            "outputs"
                          ]
                        }
                      }
                    },
                    "HTTP": {
                      "runAfter": {
                        "Get_secret": [
                          "Succeeded"
                        ]
                      },
                      "type": "Http",
                      "inputs": {
                        "authentication": {
                          "audience": "https://graph.microsoft.com",
                          "clientId": "[parameters('ClientID AAD SP')]",
                          "secret": "@body('Get_secret')?['value']",
                          "tenant": "[parameters('Tenant ID')]",
                          "type": "ActiveDirectoryOAuth"
                        },
                        "method": "GET",
                        "uri": "https://graph.microsoft.com/v1.0/users?$filter=DisplayName eq '@{concat(triggerBody()?['fields']?['assignee']?['displayName'], ' (Operator)')}'"
                      }
                    },
                    "Parse_JSON": {
                      "runAfter": {
                        "HTTP": [
                          "Succeeded"
                        ]
                      },
                      "type": "ParseJson",
                      "inputs": {
                        "content": "@body('HTTP')",
                        "schema": {
                          "properties": {
                            "@@odata.context": {
                              "type": "string"
                            },
                            "value": {
                              "items": {
                                "properties": {
                                  "businessPhones": {
                                    "items": {
                                      "type": "string"
                                    },
                                    "type": "array"
                                  },
                                  "displayName": {
                                    "type": "string"
                                  },
                                  "givenName": {
                                    "type": "string"
                                  },
                                  "id": {
                                    "type": "string"
                                  },
                                  "surname": {
                                    "type": "string"
                                  },
                                  "userPrincipalName": {
                                    "type": "string"
                                  }
                                },
                                "required": [
                                  "businessPhones",
                                  "displayName",
                                  "givenName",
                                  "jobTitle",
                                  "mail",
                                  "mobilePhone",
                                  "officeLocation",
                                  "preferredLanguage",
                                  "surname",
                                  "userPrincipalName",
                                  "id"
                                ],
                                "type": "object"
                              },
                              "type": "array"
                            }
                          },
                          "type": "object"
                        }
                      }
                    }
                  }
                },
                "parameters": {
                  "$connections": {
                    "value": {
                      "azuresentinel": {
                        "connectionId": "[resourceId('Microsoft.Web/connections', variables('SentinelConnectionName'))]",
                        "connectionName": "[variables('SentinelConnectionName')]",
                        "id": "[concat('/subscriptions/', subscription().subscriptionId, '/providers/Microsoft.Web/locations/', variables('workspace-location-inline'), '/managedApis/azuresentinel')]",
                        "connectionProperties": {
                          "authentication": {
                            "type": "ManagedServiceIdentity"
                          }
                        }
                      },
                      "keyvault": {
                        "connectionId": "[resourceId('Microsoft.Web/connections', variables('AzureKeyVaultConnectionName'))]",
                        "connectionName": "[variables('AzureKeyVaultConnectionName')]",
                        "id": "[concat('/subscriptions/', subscription().subscriptionId, '/providers/Microsoft.Web/locations/', variables('workspace-location-inline'), '/managedApis/keyvault')]",
                        "connectionProperties": {
                          "authentication": {
                            "type": "ManagedServiceIdentity"
                          }
                        }
                      }
                    }
                  }
                }
              }
            },
            {
              "type": "Microsoft.OperationalInsights/workspaces/providers/metadata",
              "apiVersion": "2022-01-01-preview",
              "name": "[concat(parameters('workspace'),'/Microsoft.SecurityInsights/',concat('Playbook-', last(split(resourceId('Microsoft.Logic/workflows', 'Sync-AssignedUser'),'/'))))]",
              "properties": {
                "parentId": "[resourceId('Microsoft.Logic/workflows', 'Sync-AssignedUser')]",
                "contentId": "Sync-AssignedUser",
                "kind": "Playbook",
                "version": "1.0",
                "source": {
                  "kind": "Solution",
                  "name": "AtlassianJiraAudit",
                  "sourceId": "azuresentinel.azure-sentinel-solution-atlassianjiraaudit"
                },
                "author": {
                  "name": "Microsoft",
                  "email": "support@microsoft.com"
                },
                "support": {
                  "name": "Microsoft Corporation",
                  "email": "support@microsoft.com",
                  "tier": "Microsoft",
                  "link": "https://support.microsoft.com"
                }
              }
            }
          ]
        }
      }
    }
  ]
}