{
  "$schema": "https://schema.management.azure.com/schemas/2019-04-01/deploymentTemplate.json#",
  "contentVersion": "1.0.0",
  "parameters": {
    "location": {
      "type": "string",
      "minLength": 1,
      "defaultValue": "[resourceGroup().location]",
      "metadata": {
        "description": "Not used, but needed to pass arm-ttk test `Location-Should-Not-Be-Hardcoded`.  We instead use the `workspace-location` which is derived from the LA workspace"
      }
    },
    "workspace": {
      "defaultValue": "",
      "type": "string",
      "metadata": {
        "description": "Workspace name for Log Analytics where Microsoft Sentinel is setup"
      }
    }
  },
  "resources": [
    {
      "type": "Microsoft.OperationalInsights/workspaces/providers/contentTemplates",
      "name": "[concat(parameters('workspace'),'/Microsoft.SecurityInsights/',concat(concat(parameters('workspace'),'-wb-',uniquestring('AtlassianJiraAuditWorkbook')),'1.0.0'))]",
      "location": "[parameters('workspace-location')]",
      "apiVersion": "2022-08-01",
      "dependsOn": [
        "[extensionResourceId(resourceId('Microsoft.OperationalInsights/workspaces', parameters('workspace')), 'Microsoft.SecurityInsights/contentPackages', 'azuresentinel.azure-sentinel-solution-atlassianjiraaudit')]"
      ],
      "properties": {
        "contentId": "AtlassianJiraAuditWorkbook",
        "displayName": "AtlassianJiraAudit",
        "contentKind": "Workbook",
        "mainTemplate": {
          "resources": [
            {
              "type": "Microsoft.Insights/workbooks",
              "name": "AtlassianJiraAuditWorkbook",
              "location": "[parameters('workspace-location')]",
              "kind": "shared",
              "apiVersion": "2021-08-01",
              "metadata": {
                "description": "Sets the time name for analysis"
              },
              "properties": {
                "displayName": "AtlassianJiraAudit",
                "serializedData": "{\"version\":\"Notebook/1.0\",\"items\":[{\"type\":1,\"content\":{\"json\":\"**NOTE**: This data connector depends on a parser based on Kusto Function **JiraAudit** to work as expected. [Follow steps to get this Kusto Function](https://aka.ms/sentinel-jiraauditapi-parser)\"},\"name\":\"text - 8\"},{\"type\":9,\"content\":{\"version\":\"KqlParameterItem/1.0\",\"parameters\":[{\"id\":\"cd8447d9-b096-4673-92d8-2a1e8291a125\",\"version\":\"KqlParameterItem/1.0\",\"name\":\"TimeRange\",\"type\":4,\"description\":\"Sets the time name for analysis\",\"value\":{\"durationMs\":2592000000},\"typeSettings\":{\"selectableValues\":[{\"durationMs\":900000},{\"durationMs\":3600000},{\"durationMs\":86400000},{\"durationMs\":604800000},{\"durationMs\":2592000000},{\"durationMs\":7776000000}]},\"timeContext\":{\"durationMs\":86400000}}],\"style\":\"pills\",\"queryType\":0,\"resourceType\":\"microsoft.operationalinsights/workspaces\"},\"name\":\"parameters - 11\"},{\"type\":3,\"content\":{\"version\":\"KqlItem/1.0\",\"query\":\"JiraAudit\\r\\n| make-series TotalEvents = count() default = 0 on TimeGenerated from {TimeRange:start} to {TimeRange:end} step {TimeRange:grain};\",\"size\":0,\"title\":\"Events Over Time\",\"timeContext\":{\"durationMs\":7776000000},\"timeContextFromParameter\":\"TimeRange\",\"queryType\":0,\"resourceType\":\"microsoft.operationalinsights/workspaces\",\"visualization\":\"timechart\",\"graphSettings\":{\"type\":0}},\"customWidth\":\"55\",\"name\":\"query - 12\",\"styleSettings\":{\"maxWidth\":\"55\"}},{\"type\":3,\"content\":{\"version\":\"KqlItem/1.0\",\"query\":\"JiraAudit\\r\\n| where isnotempty(EventCategoryType) \\r\\n| summarize count() by EventCategoryType\\r\\n| join kind = inner (JiraAudit \\r\\n                    | make-series Trend = count() default = 0 on TimeGenerated from {TimeRange:start} to {TimeRange:end} step {TimeRange:grain} by EventCategoryType) on EventCategoryType\\r\\n| project-away EventCategoryType1, TimeGenerated\\r\\n| project count_, EventCategory = case(EventCategoryType =~ 'user management', 'User Management',\\r\\n                                EventCategoryType =~ 'projects', 'Projects Management',\\r\\n                                EventCategoryType =~ 'group management', 'Group Management',\\r\\n                                EventCategoryType =~ 'workflows', 'Workflow Management',\\r\\n                                EventCategoryType =~ 'permissions', 'Permissions Management',\\r\\n                                EventCategoryType =~ 'status', 'Task Status',\\r\\n                                'Other'), Trend\\r\\n\",\"size\":3,\"title\":\"Event Categories\",\"timeContext\":{\"durationMs\":0},\"timeContextFromParameter\":\"TimeRange\",\"queryType\":0,\"resourceType\":\"microsoft.operationalinsights/workspaces\",\"visualization\":\"tiles\",\"tileSettings\":{\"titleContent\":{\"columnMatch\":\"EventCategory\",\"formatter\":1},\"leftContent\":{\"columnMatch\":\"count_\",\"formatter\":12,\"formatOptions\":{\"palette\":\"auto\"},\"numberFormat\":{\"unit\":17,\"options\":{\"style\":\"decimal\",\"maximumFractionDigits\":2,\"maximumSignificantDigits\":3}}},\"secondaryContent\":{\"columnMatch\":\"Trend\",\"formatter\":21,\"formatOptions\":{\"palette\":\"blue\"}},\"showBorder\":false}},\"customWidth\":\"30\",\"name\":\"query - 0\",\"styleSettings\":{\"maxWidth\":\"30\"}},{\"type\":12,\"content\":{\"version\":\"NotebookGroup/1.0\",\"groupType\":\"editable\",\"items\":[{\"type\":3,\"content\":{\"version\":\"KqlItem/1.0\",\"query\":\"JiraAudit\\r\\n| where EventCategoryType =~ 'projects'\\r\\n| where ObjectItemTypeName =~ 'PROJECT'\\r\\n| summarize dcount(ObjectItemName)\",\"size\":3,\"title\":\"Projects\",\"queryType\":0,\"resourceType\":\"microsoft.operationalinsights/workspaces\",\"visualization\":\"card\",\"tileSettings\":{\"showBorder\":false},\"graphSettings\":{\"type\":0},\"mapSettings\":{\"locInfo\":\"LatLong\",\"sizeSettings\":\"DstPortNumber\",\"sizeAggregation\":\"Sum\",\"legendMetric\":\"DstPortNumber\",\"legendAggregation\":\"Sum\",\"itemColorSettings\":{\"type\":\"heatmap\",\"colorAggregation\":\"Sum\",\"nodeColorField\":\"DstPortNumber\",\"heatmapPalette\":\"greenRed\"}},\"textSettings\":{\"style\":\"bignumber\"}},\"name\":\"query - 14\"},{\"type\":3,\"content\":{\"version\":\"KqlItem/1.0\",\"query\":\"JiraAudit\\r\\n| where EventCategoryType =~ 'workflows'\\r\\n| where ObjectItemTypeName =~ 'WORKFLOW'\\r\\n| summarize dcount(ObjectItemName)\\r\\n\",\"size\":3,\"title\":\"Workflows\",\"timeContext\":{\"durationMs\":0},\"timeContextFromParameter\":\"TimeRange\",\"queryType\":0,\"resourceType\":\"microsoft.operationalinsights/workspaces\",\"visualization\":\"card\",\"textSettings\":{\"style\":\"bignumber\"}},\"name\":\"query - 12\"},{\"type\":3,\"content\":{\"version\":\"KqlItem/1.0\",\"query\":\"JiraAudit\\n| where isnotempty(UserName)\\n| summarize dcount(UserName)\",\"size\":3,\"title\":\"Users\",\"timeContext\":{\"durationMs\":0},\"timeContextFromParameter\":\"TimeRange\",\"queryType\":0,\"resourceType\":\"microsoft.operationalinsights/workspaces\",\"visualization\":\"card\",\"textSettings\":{\"style\":\"bignumber\"}},\"name\":\"query - 2\"},{\"type\":3,\"content\":{\"version\":\"KqlItem/1.0\",\"query\":\"JiraAudit\\n| count\",\"size\":3,\"title\":\"Operations\",\"timeContext\":{\"durationMs\":0},\"timeContextFromParameter\":\"TimeRange\",\"queryType\":0,\"resourceType\":\"microsoft.operationalinsights/workspaces\",\"visualization\":\"card\",\"textSettings\":{\"style\":\"bignumber\"}},\"name\":\"query - 3\"}]},\"customWidth\":\"15\",\"name\":\"group - 13\"},{\"type\":3,\"content\":{\"version\":\"KqlItem/1.0\",\"query\":\"JiraAudit\\r\\n| where isnotempty(EventMessage) \\r\\n| summarize count() by EventMessage\\r\\n\",\"size\":3,\"title\":\"Event types\",\"timeContext\":{\"durationMs\":0},\"timeContextFromParameter\":\"TimeRange\",\"queryType\":0,\"resourceType\":\"microsoft.operationalinsights/workspaces\",\"visualization\":\"piechart\",\"tileSettings\":{\"showBorder\":false,\"titleContent\":{\"columnMatch\":\"EventMessage\",\"formatter\":1},\"leftContent\":{\"columnMatch\":\"count_\",\"formatter\":12,\"formatOptions\":{\"palette\":\"auto\"},\"numberFormat\":{\"unit\":17,\"options\":{\"maximumSignificantDigits\":3,\"maximumFractionDigits\":2}}}}},\"customWidth\":\"27\",\"name\":\"query - 3\",\"styleSettings\":{\"margin\":\"10\",\"padding\":\"10\"}},{\"type\":3,\"content\":{\"version\":\"KqlItem/1.0\",\"query\":\"  JiraAudit\\r\\n  | where isnotempty(SrcIpAddr) \\r\\n  | summarize count() by SrcIpAddr\\r\\n  | top 10 by SrcIpAddr\",\"size\":3,\"title\":\"Top sources\",\"timeContext\":{\"durationMs\":0},\"timeContextFromParameter\":\"TimeRange\",\"queryType\":0,\"resourceType\":\"microsoft.operationalinsights/workspaces\",\"visualization\":\"piechart\"},\"customWidth\":\"27\",\"name\":\"query - 9\"},{\"type\":3,\"content\":{\"version\":\"KqlItem/1.0\",\"query\":\"JiraAudit\\r\\n| where isnotempty(UserName) \\r\\n| summarize count() by UserName, EventMessage\\r\\n| project User=UserName, Operation=EventMessage, EventCount=count_\\r\\n\",\"size\":0,\"title\":\"User activity\",\"queryType\":0,\"resourceType\":\"microsoft.operationalinsights/workspaces\",\"visualization\":\"table\"},\"customWidth\":\"46\",\"name\":\"query - 15\",\"styleSettings\":{\"maxWidth\":\"30\"}},{\"type\":3,\"content\":{\"version\":\"KqlItem/1.0\",\"query\":\"JiraAudit\\r\\n| where isnotempty(UserName)\\r\\n| where isnotempty(SrcIpAddr) \\r\\n| summarize IPAddresses = makeset(SrcIpAddr) by UserName\\r\\n\",\"size\":0,\"title\":\"Document types\",\"timeContext\":{\"durationMs\":0},\"timeContextFromParameter\":\"TimeRange\",\"queryType\":0,\"resourceType\":\"microsoft.operationalinsights/workspaces\",\"visualization\":\"table\"},\"customWidth\":\"35\",\"name\":\"query - 10\",\"styleSettings\":{\"maxWidth\":\"30\"}},{\"type\":3,\"content\":{\"version\":\"KqlItem/1.0\",\"query\":\"JiraAudit\\r\\n| where EventCategoryType =~ 'projects'\\r\\n| where ObjectItemTypeName =~ 'PROJECT'\\r\\n| summarize count() by ObjectItemName\",\"size\":0,\"title\":\"Top projects\",\"timeContext\":{\"durationMs\":0},\"timeContextFromParameter\":\"TimeRange\",\"queryType\":0,\"resourceType\":\"microsoft.operationalinsights/workspaces\",\"visualization\":\"barchart\"},\"customWidth\":\"55\",\"name\":\"query - 13\",\"styleSettings\":{\"maxWidth\":\"50\"}},{\"type\":3,\"content\":{\"version\":\"KqlItem/1.0\",\"query\":\"JiraAudit\\r\\n| where EventCategoryType =~ 'workflows'\\r\\n| where ObjectItemTypeName =~ 'WORKFLOW'\\r\\n| summarize count() by ObjectItemName\\r\\n\",\"size\":3,\"title\":\"Workflows by activity\",\"timeContext\":{\"durationMs\":0},\"timeContextFromParameter\":\"TimeRange\",\"queryType\":0,\"resourceType\":\"microsoft.operationalinsights/workspaces\",\"visualization\":\"piechart\",\"gridSettings\":{\"rowLimit\":100,\"filter\":true}},\"customWidth\":\"30\",\"name\":\"query - 12\"},{\"type\":3,\"content\":{\"version\":\"KqlItem/1.0\",\"query\":\"JiraAudit\\n| where isnotempty(UserName) \\n| summarize count() by UserName\",\"size\":3,\"title\":\"Users' activity\",\"timeContext\":{\"durationMs\":0},\"timeContextFromParameter\":\"TimeRange\",\"queryType\":0,\"resourceType\":\"microsoft.operationalinsights/workspaces\",\"visualization\":\"piechart\"},\"customWidth\":\"30\",\"name\":\"query - 11\"},{\"type\":3,\"content\":{\"version\":\"KqlItem/1.0\",\"query\":\"JiraAudit\\n| where isnotempty(UserName) \\n| summarize count() by UserName\\n| order by count_\\n| project User=UserName, EventCount=count_\",\"size\":0,\"title\":\"Events by user\",\"timeContext\":{\"durationMs\":0},\"timeContextFromParameter\":\"TimeRange\",\"queryType\":0,\"resourceType\":\"microsoft.operationalinsights/workspaces\",\"visualization\":\"table\"},\"customWidth\":\"40\",\"name\":\"query - 12\"}],\"fromTemplateId\":\"sentinel-AtlasianJiraAuditWorkbook\",\"$schema\":\"https://github.com/Microsoft/Application-Insights-Workbooks/blob/master/schema/workbook.json\"}\r\n",
                "version": "1.0",
                "sourceId": "[resourceId('microsoft.OperationalInsights/Workspaces', parameters('workspace'))]",
                "category": "sentinel"
              }
            },
            {
              "type": "Microsoft.OperationalInsights/workspaces/providers/metadata",
              "apiVersion": "2022-01-01-preview",
              "name": "[concat(parameters('workspace'),'/Microsoft.SecurityInsights/',concat('Workbook-', last(split(resourceId('Microsoft.Insights/workbooks', 'AtlassianJiraAuditWorkbook'),'/'))))]",
              "properties": {
                "description": "@{workbookKey=AtlassianJiraAuditWorkbook; logoFileName=; description=Sets the time name for analysis; dataTypesDependencies=System.Object[]; dataConnectorsDependencies=System.Object[]; previewImagesFileNames=System.Object[]; version=1.0.0; title=AtlassianJiraAudit; templateRelativePath=AtlassianJiraAudit.json; subtitle=; provider=Atlassian}.description",
                "parentId": "[resourceId('Microsoft.Insights/workbooks', 'AtlassianJiraAuditWorkbook')]",
                "contentId": "AtlassianJiraAuditWorkbook",
                "kind": "Workbook",
                "version": "1.0.0",
                "source": {
                  "kind": "Solution",
                  "name": "AtlassianJiraAudit",
                  "sourceId": "azuresentinel.azure-sentinel-solution-atlassianjiraaudit"
                },
                "author": {
                  "name": "Microsoft",
                  "email": "support@microsoft.com"
                },
                "support": {
                  "name": "Microsoft Corporation",
                  "email": "support@microsoft.com",
                  "tier": "Microsoft",
                  "link": "https://support.microsoft.com"
                }
              }
            }
          ]
        }
      }
    }
  ]
}