{
  "$schema": "https://schema.management.azure.com/schemas/2019-04-01/deploymentTemplate.json#",
  "contentVersion": "1.0.0",
  "parameters": {
    "location": {
      "type": "string",
      "minLength": 1,
      "defaultValue": "[resourceGroup().location]",
      "metadata": {
        "description": "Not used, but needed to pass arm-ttk test `Location-Should-Not-Be-Hardcoded`.  We instead use the `workspace-location` which is derived from the LA workspace"
      }
    },
    "workspace": {
      "defaultValue": "",
      "type": "string",
      "metadata": {
        "description": "Workspace name for Log Analytics where Microsoft Sentinel is setup"
      }
    },
    "workspace-location": {
      "type": "string",
      "defaultValue": "",
      "metadata": {
        "description": "[concat('Region to deploy solution resources -- separate from location selection',parameters('location'))]"
      }
    }
  },
  "resources": [
    {
      "type": "Microsoft.OperationalInsights/workspaces/providers/contentTemplates",
      "name": "[concat(parameters('workspace'),'/Microsoft.SecurityInsights/',concat(concat(parameters('workspace'),'-pr-',uniquestring('ProofpointTAPEvent-Parser')),'1.0.0'))]",
      "location": "[parameters('workspace-location')]",
      "apiVersion": "2022-08-01",
      "dependsOn": [
        "[extensionResourceId(resourceId('Microsoft.OperationalInsights/workspaces', parameters('workspace')), 'Microsoft.SecurityInsights/contentPackages', 'azuresentinel.azure-sentinel-proofpoint')]"
      ],
      "properties": {
        "contentId": "ProofpointTAPEvent-Parser",
        "displayName": "ProofpointTAPEvent",
        "contentKind": "Parser",
        "mainTemplate": {
          "resources": [
            {
              "name": "[concat(parameters('workspace'),'/','ProofpointTAPEvent')]",
              "apiVersion": "2020-08-01",
              "type": "Microsoft.OperationalInsights/workspaces/savedSearches",
              "location": "[parameters('workspace-location')]",
              "properties": {
                "eTag": "*",
                "displayName": "ProofpointTAPEvent",
                "category": "Samples",
                "functionAlias": "ProofpointTAPEvent",
                "query": "\nunion isfuzzy=true ProofpointTAPNativePoller_CL, ProofPointTAPMessagesDelivered_CL, ProofPointTAPMessagesBlocked_CL, ProofPointTAPClicksPermitted_CL, ProofPointTAPClicksBlocked_CL\r\n| extend EventVendor = 'Proofpoint',\r\n         EventProduct = 'Targeted Attack Protection',\r\n         EventCount = '1'\r\n| project-rename CcAddresses=ccAddresses_s,\r\n\t             Cluster=cluster_s,\r\n\t             CompletelyRewritten=completelyRewritten_b,\r\n\t             SrcUsername=fromAddress_s,\r\n\t             EventOriginalUid=GUID_s,\r\n\t             HeaderFrom=headerFrom_s,\r\n\t             HeaderReplyTo=headerReplyTo_s,\r\n\t             Id=id_g,\r\n\t             ImpostorScore=impostorScore_d,\r\n\t             MalwareScore=malwareScore_d,\r\n\t             MessageId=messageID_s,\r\n\t             MessageParts=messageParts_s,\r\n\t             NetworkBytes=messageSize_d,\r\n\t             EventEndTime=messageTime_t,\r\n\t             ModulesRun=modulesRun_s,\r\n\t             PhishScore=phishScore_d,\r\n\t             PolicyRoutes=policyRoutes_s,\r\n\t             Qid=QID_s,\r\n\t             QuarantineFolder=quarantineFolder_s,\r\n\t             QuarantineRule=quarantineRule_s,\r\n\t             Recipient=recipient_s,\r\n\t             ReplyToAddress=replyToAddress_s,\r\n\t             Sender=sender_s,\r\n\t             SrcIpAddr=senderIP_s,\r\n\t             SpamScore=spamScore_d,\r\n\t             Subject=subject_s,\r\n\t             ThreatsInfoMap=threatsInfoMap_s,\r\n\t             DstUsername=toAddresses_s,\r\n\t             Xmailer=xmailer_s",
                "version": 1,
                "tags": [
                  {
                    "name": "description",
                    "value": "ProofpointTAPEvent"
                  }
                ]
              }
            },
            {
              "type": "Microsoft.OperationalInsights/workspaces/providers/metadata",
              "apiVersion": "2022-01-01-preview",
              "name": "[concat(parameters('workspace'),'/Microsoft.SecurityInsights/',concat('Parser-', last(split(resourceId('Microsoft.OperationalInsights/workspaces/savedSearches', parameters('workspace'), 'ProofpointTAPEvent'),'/'))))]",
              "dependsOn": [
                "[concat(parameters('workspace'),'/','ProofpointTAPEvent')]"
              ],
              "properties": {
                "parentId": "[resourceId('Microsoft.OperationalInsights/workspaces/savedSearches', parameters('workspace'), 'ProofpointTAPEvent')]",
                "contentId": "ProofpointTAPEvent-Parser",
                "kind": "Parser",
                "version": "1.0.0",
                "source": {
                  "name": "ProofPointTap",
                  "kind": "Solution",
                  "sourceId": "azuresentinel.azure-sentinel-proofpoint"
                },
                "author": {
                  "name": "Microsoft",
                  "email": "support@microsoft.com"
                },
                "support": {
                  "tier": "Microsoft",
                  "name": "Microsoft Corporation",
                  "email": "support@microsoft.com",
                  "link": "https://support.microsoft.com/"
                }
              }
            }
          ]
        }
      }
    }
  ]
}