{
  "$schema": "https://schema.management.azure.com/schemas/2019-04-01/deploymentTemplate.json#",
  "contentVersion": "1.0.0",
  "parameters": {
    "location": {
      "type": "string",
      "minLength": 1,
      "defaultValue": "[resourceGroup().location]",
      "metadata": {
        "description": "Not used, but needed to pass arm-ttk test `Location-Should-Not-Be-Hardcoded`.  We instead use the `workspace-location` which is derived from the LA workspace"
      }
    },
    "workspace": {
      "defaultValue": "",
      "type": "string",
      "metadata": {
        "description": "Workspace name for Log Analytics where Microsoft Sentinel is setup"
      }
    },
    "workspace-location": {
      "type": "string",
      "defaultValue": "",
      "metadata": {
        "description": "[concat('Region to deploy solution resources -- separate from location selection',parameters('location'))]"
      }
    }
  },
  "resources": [
    {
      "type": "Microsoft.OperationalInsights/workspaces/providers/contentTemplates",
      "name": "[concat(parameters('workspace'),'/Microsoft.SecurityInsights/',concat(concat(parameters('workspace'),'-hq-',uniquestring('bc619ce8-0807-4b13-93ea-0d7b79c7ee68')),'1.0.0'))]",
      "location": "[parameters('workspace-location')]",
      "apiVersion": "2022-08-01",
      "dependsOn": [
        "[extensionResourceId(resourceId('Microsoft.OperationalInsights/workspaces', parameters('workspace')), 'Microsoft.SecurityInsights/contentPackages', 'azuresentinel.azure-sentinel-proofpointpod')]"
      ],
      "properties": {
        "contentId": "bc619ce8-0807-4b13-93ea-0d7b79c7ee68",
        "displayName": "",
        "contentKind": "HuntingQuery",
        "mainTemplate": {
          "resources": [
            {
              "type": "Microsoft.OperationalInsights/savedSearches",
              "apiVersion": "2020-08-01",
              "name": "Proofpoint_On_demand(POD)_Email_Security_Hunting_Query_5",
              "location": "[parameters('workspace-location')]",
              "properties": {
                "eTag": "*",
                "displayName": "ProofpointPOD - Emails with high score of 'suspect' filter classifier value",
                "category": "Hunting Queries",
                "query": "let scoreThreshold = 80;\nProofpointPOD\n| where EventType == 'message'\n| where NetworkDirection == 'inbound'\n| where todynamic(FilterModulesSpamScoresClassifiers).suspect > scoreThreshold\n",
                "version": 2,
                "tags": [
                  {
                    "name": "description",
                    "value": "Search for emails with high score of 'suspect' filter classifier value."
                  },
                  {
                    "name": "tactics",
                    "value": "InitialAccess"
                  }
                ]
              }
            },
            {
              "type": "Microsoft.OperationalInsights/workspaces/providers/metadata",
              "apiVersion": "2022-01-01-preview",
              "name": "[concat(parameters('workspace'),'/Microsoft.SecurityInsights/',concat('HuntingQuery-', last(split(resourceId('Microsoft.OperationalInsights/savedSearches', 'bc619ce8-0807-4b13-93ea-0d7b79c7ee68'),'/'))))]",
              "properties": {
                "description": "Proofpoint On demand(POD) Email Security Hunting Query 5",
                "parentId": "[resourceId('Microsoft.OperationalInsights/savedSearches', 'bc619ce8-0807-4b13-93ea-0d7b79c7ee68')]",
                "contentId": "bc619ce8-0807-4b13-93ea-0d7b79c7ee68",
                "kind": "HuntingQuery",
                "version": "1.0.0",
                "source": {
                  "kind": "Solution",
                  "name": "Proofpoint On demand(POD) Email Security",
                  "sourceId": "azuresentinel.azure-sentinel-proofpointpod"
                },
                "author": {
                  "name": "Microsoft",
                  "email": "support@microsoft.com"
                },
                "support": {
                  "tier": "Microsoft",
                  "name": "Microsoft Corporation",
                  "email": "support@microsoft.com",
                  "link": "https://support.microsoft.com/"
                }
              }
            }
          ]
        }
      }
    }
  ]
}