{
  "$schema": "https://schema.management.azure.com/schemas/2019-04-01/deploymentTemplate.json#",
  "contentVersion": "1.0.0.0",
  "parameters": {
    "location": {
      "type": "string",
      "minLength": 1,
      "defaultValue": "[resourceGroup().location]",
      "metadata": {
        "description": "Not used, but needed to pass arm-ttk test `Location-Should-Not-Be-Hardcoded`.  We instead use the `workspace-location` which is derived from the LA workspace"
      }
    },
    "workspace-location": {
      "type": "string",
      "defaultValue": "",
      "metadata": {
        "description": "[concat('Region to deploy solution resources -- separate from location selection',parameters('location'))]"
      }
    },
    "workspace": {
      "defaultValue": "",
      "type": "string",
      "metadata": {
        "description": "Workspace name for Log Analytics where Microsoft Sentinel is setup"
      }
    }
  },
  "variables": {},
  "resources": [
    {
      "type": "Microsoft.OperationalInsights/workspaces/providers/packages",
      "location": "[parameters('workspace-location')]",
      "apiVersion": "2022-08-01",
      "properties": {
        "packageKind": "Standalone",
        "packageItems": {
          "resources": [
            {
              "type": "Microsoft.OperationalInsights/workspaces/providers/contentTemplates",
              "name": "[concat(parameters('workspace'),'/Microsoft.SecurityInsights/', 'cfc1ae62-db63-4a3e-b88b-dc04030c2257')]",
              "location": "[parameters('workspace-location')]",
              "apiVersion": "2022-08-01",
              "properties": {
                "contentId": "cfc1ae62-db63-4a3e-b88b-dc04030c2257",
                "displayName": "AD FS Abnormal EKU object identifier attribute",
                "contentKind": "AnalyticsRule",
                "mainTemplate": {
                  "$schema": "https://schema.management.azure.com/schemas/2019-04-01/deploymentTemplate.json#",
                  "contentVersion": "1.0.2",
                  "resources": [
                    {
                      "type": "Microsoft.OperationalInsights/workspaces/providers/alertRules",
                      "apiVersion": "2022-04-01-preview",
                      "name": "cfc1ae62-db63-4a3e-b88b-dc04030c2257",
                      "kind": "Scheduled",
                      "location": "[parameters('workspace-location')]",
                      "properties": {
                        "description": "This detection uses Security events from the \"AD FS Auditing\" provider to detect suspicious object identifiers (OIDs) as part EventID 501 and specifically part of the Enhanced Key Usage attributes.\nThis query checks to see if you have any new OIDs in the last hour that have not been seen in the previous day. New OIDs should be validated and OIDs that are very long, as indicated\nby the OID_Length field, could also be an indicator of malicious activity.\nIn order to use this query you need to enable AD FS auditing on the AD FS Server.\nReferences:\nhttps://www.microsoft.com/security/blog/2022/08/24/magicweb-nobeliums-post-compromise-trick-to-authenticate-as-anyone/\nhttps://docs.microsoft.com/windows-server/identity/ad-fs/troubleshooting/ad-fs-tshoot-logging\n",
                        "displayName": "AD FS Abnormal EKU object identifier attribute",
                        "enabled": false,
                        "query": "// change the starttime value for a longer period of known OIDs\nlet starttime = 1d;\n// change the lookback value for a longer period of lookback for suspicious/abnormal\nlet lookback = 1h;\nlet OIDList = SecurityEvent\n| where TimeGenerated >= ago(starttime)\n| where EventSourceName == 'AD FS Auditing'\n| where EventID == 501\n| where EventData has '/eku'\n| extend OIDs = extract_all(@\"<Data>([\\d+\\.]+)</Data>\", EventData)\n| mv-expand OIDs\n| extend OID = tostring(OIDs)\n| extend OID_Length = strlen(OID)\n| project TimeGenerated, Computer, EventSourceName, EventID, OID, OID_Length, EventData\n;\nOIDList\n| where TimeGenerated >= ago(lookback)\n| join kind=leftanti (\nOIDList\n| where TimeGenerated between (ago(starttime) .. ago(lookback))\n| summarize by OID\n) on OID\n",
                        "queryFrequency": "PT1H",
                        "queryPeriod": "P1D",
                        "severity": "High",
                        "status": "Available",
                        "suppressionDuration": "PT1H",
                        "suppressionEnabled": false,
                        "triggerOperator": "GreaterThan",
                        "triggerThreshold": 0,
                        "tactics": [
                          "CredentialAccess"
                        ],
                        "techniques": [
                          "T1552"
                        ],
                        "entityMappings": [
                          {
                            "entityType": "Host",
                            "fieldMappings": [
                              {
                                "columnName": "Computer",
                                "identifier": "FullName"
                              }
                            ]
                          }
                        ],
                        "requiredDataConnectors": [
                          {
                            "connectorId": "SecurityEvents",
                            "dataTypes": [
                              "SecurityEvent"
                            ]
                          }
                        ]
                      }
                    },
                    {
                      "type": "Microsoft.OperationalInsights/workspaces/providers/metadata",
                      "apiVersion": "2021-03-01-preview",
                      "properties": {
                        "description": "This detection uses Security events from the \"AD FS Auditing\" provider to detect suspicious object identifiers (OIDs) as part EventID 501 and specifically part of the Enhanced Key Usage attributes.\nThis query checks to see if you have any new OIDs in the last hour that have not been seen in the previous day. New OIDs should be validated and OIDs that are very long, as indicated\nby the OID_Length field, could also be an indicator of malicious activity.\nIn order to use this query you need to enable AD FS auditing on the AD FS Server.\nReferences:\nhttps://www.microsoft.com/security/blog/2022/08/24/magicweb-nobeliums-post-compromise-trick-to-authenticate-as-anyone/\nhttps://docs.microsoft.com/windows-server/identity/ad-fs/troubleshooting/ad-fs-tshoot-logging\n",
                        "version": "1.0.2",
                        "author": {
                          "name": "Ajeet Prakash"
                        },
                        "support": {
                          "tier": "Community",
                          "name": "Community",
                          "link": "https://github.com/Azure/Azure-Sentinel/issues"
                        },
                        "source": {
                          "kind": "Community",
                          "name": "Standalone"
                        },
                        "threatAnalysisTactics": [
                          "CredentialAccess"
                        ],
                        "threatAnalyticsTechniques": [
                          "T1552"
                        ],
                        "contentId": "cfc1ae62-db63-4a3e-b88b-dc04030c2257",
                        "parentId": "cfc1ae62-db63-4a3e-b88b-dc04030c2257",
                        "kind": "AnalyticsRule",
                        "dependencies": {
                          "operator": "AND",
                          "criteria": [
                            {
                              "contentId": "SecurityEvent",
                              "kind": "DataType"
                            }
                          ]
                        }
                      }
                    }
                  ]
                }
              }
            }
          ]
        },
        "author": {
          "name": "Ajeet Prakash"
        },
        "categories": {
          "domains": [
            "Security - Others",
            "Identity"
          ]
        },
        "dependencies": {
          "operator": "AND",
          "criteria": [
            {
              "contentId": "cfc1ae62-db63-4a3e-b88b-dc04030c2257",
              "kind": "AnalyticsRule"
            }
          ]
        },
        "description": "This detection uses Security events from the \"AD FS Auditing\" provider to detect suspicious object identifiers (OIDs) as part EventID 501 and specifically part of the Enhanced Key Usage attributes.\nThis query checks to see if you have any new OIDs in the last hour that have not been seen in the previous day. New OIDs should be validated and OIDs that are very long, as indicated\nby the OID_Length field, could also be an indicator of malicious activity.\nIn order to use this query you need to enable AD FS auditing on the AD FS Server.\nReferences:\nhttps://www.microsoft.com/security/blog/2022/08/24/magicweb-nobeliums-post-compromise-trick-to-authenticate-as-anyone/\nhttps://docs.microsoft.com/windows-server/identity/ad-fs/troubleshooting/ad-fs-tshoot-logging\n",
        "displayName": "AD FS Abnormal EKU object identifier attribute",
        "packageId": "cfc1ae62-db63-4a3e-b88b-dc04030c2257",
        "source": {
          "kind": "Community",
          "name": "Standalone"
        },
        "support": {
          "tier": "Community",
          "name": "Community",
          "link": "https://github.com/Azure/Azure-Sentinel/issues"
        },
        "threatAnalysisTactics": [
          "CredentialAccess"
        ],
        "threatAnalyticsTechniques": [
          "T1552"
        ],
        "version": "1.0.2"
      },
      "name": "[concat(parameters('workspace'),'/Microsoft.SecurityInsights/', 'cfc1ae62-db63-4a3e-b88b-dc04030c2257')]"
    }
  ]
}