{
  "$schema": "https://schema.management.azure.com/schemas/2019-04-01/deploymentTemplate.json#",
  "contentVersion": "1.0.0",
  "parameters": {
    "location": {
      "type": "string",
      "minLength": 1,
      "defaultValue": "[resourceGroup().location]",
      "metadata": {
        "description": "Not used, but needed to pass arm-ttk test `Location-Should-Not-Be-Hardcoded`.  We instead use the `workspace-location` which is derived from the LA workspace"
      }
    },
    "workspace": {
      "defaultValue": "",
      "type": "string",
      "metadata": {
        "description": "Workspace name for Log Analytics where Microsoft Sentinel is setup"
      }
    },
    "workspace-location": {
      "type": "string",
      "defaultValue": "",
      "metadata": {
        "description": "[concat('Region to deploy solution resources -- separate from location selection',parameters('location'))]"
      }
    }
  },
  "resources": [
    {
      "type": "Microsoft.OperationalInsights/workspaces/providers/contentTemplates",
      "name": "[concat(parameters('workspace'),'/Microsoft.SecurityInsights/',concat(concat(parameters('workspace'),'-hq-',uniquestring('dd9674cf-898b-4c80-96f1-f70bec66e6fc')),'1.0.0'))]",
      "location": "[parameters('workspace-location')]",
      "apiVersion": "2022-08-01",
      "dependsOn": [
        "[extensionResourceId(resourceId('Microsoft.OperationalInsights/workspaces', parameters('workspace')), 'Microsoft.SecurityInsights/contentPackages', 'azuresentinel.azure-sentinel-proofpointpod')]"
      ],
      "properties": {
        "contentId": "dd9674cf-898b-4c80-96f1-f70bec66e6fc",
        "displayName": "",
        "contentKind": "HuntingQuery",
        "mainTemplate": {
          "resources": [
            {
              "type": "Microsoft.OperationalInsights/savedSearches",
              "apiVersion": "2020-08-01",
              "name": "Proofpoint_On_demand(POD)_Email_Security_Hunting_Query_6",
              "location": "[parameters('workspace-location')]",
              "properties": {
                "eTag": "*",
                "displayName": "ProofpointPOD - Large size outbound emails",
                "category": "Hunting Queries",
                "query": "let starttime = todatetime('{{StartTimeISO}}');\nlet endtime = todatetime('{{EndTimeISO}}');\nlet lookback = starttime - 14d;\nlet out_msg = ProofpointPOD\n| where TimeGenerated between (lookback..starttime)\n| where EventType == 'message'\n| where NetworkDirection == 'outbound'\n| where SrcUserUpn != '';\nProofpointPOD\n| where TimeGenerated between(starttime..endtime)\n| where EventType == 'message'\n| where NetworkDirection == 'outbound'\n| where SrcUserUpn != ''\n| summarize AvgMsgSize = toint(avg(NetworkBytes_real)) by SrcUserUpn\n| join out_msg on SrcUserUpn\n| where NetworkBytes_real > AvgMsgSize*2\n| project SrcUserUpn, AvgMsgSize, NetworkBytes_real\n| extend AccountCustomEntity = SrcUserUpn\n",
                "version": 2,
                "tags": [
                  {
                    "name": "description",
                    "value": "Search for emails which size is 2 times grater than average size of outbound email for user."
                  },
                  {
                    "name": "tactics",
                    "value": "Exfiltration"
                  }
                ]
              }
            },
            {
              "type": "Microsoft.OperationalInsights/workspaces/providers/metadata",
              "apiVersion": "2022-01-01-preview",
              "name": "[concat(parameters('workspace'),'/Microsoft.SecurityInsights/',concat('HuntingQuery-', last(split(resourceId('Microsoft.OperationalInsights/savedSearches', 'dd9674cf-898b-4c80-96f1-f70bec66e6fc'),'/'))))]",
              "properties": {
                "description": "Proofpoint On demand(POD) Email Security Hunting Query 6",
                "parentId": "[resourceId('Microsoft.OperationalInsights/savedSearches', 'dd9674cf-898b-4c80-96f1-f70bec66e6fc')]",
                "contentId": "dd9674cf-898b-4c80-96f1-f70bec66e6fc",
                "kind": "HuntingQuery",
                "version": "1.0.0",
                "source": {
                  "kind": "Solution",
                  "name": "Proofpoint On demand(POD) Email Security",
                  "sourceId": "azuresentinel.azure-sentinel-proofpointpod"
                },
                "author": {
                  "name": "Microsoft",
                  "email": "support@microsoft.com"
                },
                "support": {
                  "tier": "Microsoft",
                  "name": "Microsoft Corporation",
                  "email": "support@microsoft.com",
                  "link": "https://support.microsoft.com/"
                }
              }
            }
          ]
        }
      }
    }
  ]
}