{
  "$schema": "https://schema.management.azure.com/schemas/2019-04-01/deploymentTemplate.json#",
  "contentVersion": "1.0.0.0",
  "metadata": null,
  "parameters": null,
  "resources": [
    {
      "apiVersion": "2020-06-01",
      "name": "pid-176a034f-b9bf-4a4a-b1e3-059033b9b394-partnercenter",
      "type": "Microsoft.Resources/deployments",
      "properties": {
        "mode": "Incremental",
        "template": {
          "$schema": "https://schema.management.azure.com/schemas/2015-01-01/deploymentTemplate.json#",
          "contentVersion": "1.0.0.0",
          "resources": []
        }
      }
    },
    {
      "name": "workspaceCreation",
      "type": "Microsoft.Resources/deployments",
      "apiVersion": "2020-06-01",
      "properties": {
        "mode": "Incremental",
        "templateLink": {
          "uri": "[uri(variables('_artifactsLocation'), 'Artifacts/LinkedTemplates/workspace.json')]",
          "contentVersion": "1.0.0.0"
        },
        "parameters": {
          "workspaceName": {
            "value": "[parameters('workspace')]"
          },
          "pricingTier": {
            "value": "PerGB2018"
          },
          "dataRetention": {
            "value": 90
          },
          "location": {
            "value": "[parameters('workspace-location')]"
          }
        }
      }
    },
    {
      "name": "ingestEvents",
      "type": "Microsoft.Resources/deployments",
      "apiVersion": "2020-06-01",
      "dependsOn": [
        "[resourceId('Microsoft.Resources/deployments', 'workspaceCreation')]"
      ],
      "properties": {
        "mode": "Incremental",
        "templateLink": {
          "uri": "[uri(variables('_artifactsLocation'), 'Artifacts/LinkedTemplates/ingestEvents.json')]",
          "contentVersion": "1.0.0.0"
        },
        "parameters": {
          "WorkspaceId": {
            "value": "[reference('workspaceCreation').outputs.workspaceIdOutput.value]"
          },
          "SharedKey": {
            "value": "[reference('workspaceCreation').outputs.workspaceKeyOutput.value]"
          }
        }
      }
    },
    {
      "name": "alertRules",
      "type": "Microsoft.Resources/deployments",
      "apiVersion": "2020-06-01",
      "dependsOn": [
        "[resourceId('Microsoft.Resources/deployments','workbook')]"
      ],
      "properties": {
        "mode": "Incremental",
        "templateLink": {
          "uri": "[uri(variables('_artifactsLocation'), 'Artifacts/LinkedTemplates/alertRules.json')]",
          "contentVersion": "1.0.0.0"
        },
        "parameters": {
          "workspaceName": {
            "value": "[parameters('workspace')]"
          }
        }
      }
    },
    {
      "name": "playbook",
      "type": "Microsoft.Resources/deployments",
      "apiVersion": "2020-06-01",
      "dependsOn": [
        "[resourceId('Microsoft.Resources/deployments','workspaceCreation')]"
      ],
      "properties": {
        "mode": "Incremental",
        "templateLink": {
          "uri": "[uri(variables('_artifactsLocation'), 'Artifacts/LinkedTemplates/playbook.json')]",
          "contentVersion": "1.0.0.0"
        },
        "parameters": {
          "PlaybookName": {
            "value": "[parameters('playbook1-PlaybookName')]"
          }
        }
      }
    },
    {
      "name": "workbook",
      "type": "Microsoft.Resources/deployments",
      "apiVersion": "2020-06-01",
      "dependsOn": [
        "[resourceId('Microsoft.Resources/deployments','ingestEvents')]"
      ],
      "properties": {
        "mode": "Incremental",
        "templateLink": {
          "uri": "[uri(variables('_artifactsLocation'), 'Artifacts/LinkedTemplates/workbook.json')]",
          "contentVersion": "1.0.0.0"
        },
        "parameters": {
          "workbookDisplayName": {
            "value": "[concat(parameters('workbook1-name'),' - ',parameters('formattedTimeNow'))]"
          },
          "workbookSourceId": {
            "value": "[reference('workspaceCreation').outputs.workspaceResourceIdOutput.value]"
          }
        }
      }
    },
    {
      "type": "Microsoft.OperationalInsights/workspaces/providers/contentPackages",
      "name": "[concat(parameters('workspace'),'/Microsoft.SecurityInsights/', 'azuresentinel.azure-sentinel-solution-azuretraininglab')]",
      "location": "[parameters('workspace-location')]",
      "apiVersion": "2022-08-01",
      "properties": {
        "version": "3.0.0",
        "kind": "Solution",
        "source": {
          "kind": "Solution",
          "name": "Microsoft Sentinel Training Lab",
          "sourceId": "[variables('_sourceId')]"
        },
        "author": {
          "name": "Eli Forbes",
          "email": "v-eliforbes@microsoft.com"
        },
        "support": {
          "tier": "Microsoft",
          "email": "support@microsoft.com",
          "name": "Microsoft Sentinel, Microsoft Corporation",
          "link": "https://support.microsoft.com/"
        },
        "dependencies": {
          "operator": "AND",
          "criteria": [
            {
              "kind": "Workbook",
              "contentId": "[variables('_workbookContentId')]",
              "version": "1.0.6"
            },
            {
              "kind": "AnalyticsRule",
              "contentId": "[variables('_alertRuleContentId1')]",
              "version": "1.0.6"
            },
            {
              "kind": "AnalyticsRule",
              "contentId": "[variables('_alertRuleContentId2')]",
              "version": "1.0.6"
            },
            {
              "kind": "AnalyticsRule",
              "contentId": "[variables('_alertRuleContentId3')]",
              "version": "1.0.6"
            },
            {
              "kind": "Playbook",
              "contentId": "[variables('_playbookContentId1')]",
              "version": "1.0.6"
            },
            {
              "kind": "Watchlist",
              "contentId": "[variables('_watchlistContentId1')]",
              "version": "1.0.6"
            },
            {
              "kind": "HuntingQuery",
              "contentId": "[variables('_huntingQueryContentId1')]",
              "version": "1.0.6"
            },
            {
              "kind": "HuntingQuery",
              "contentId": "[variables('_huntingQueryContentId2')]",
              "version": "1.0.6"
            }
          ]
        },
        "providers": [
          "Microsoft"
        ],
        "categories": {
          "domains": [
            "Training and Tutorials"
          ]
        },
        "contentVersion": "3.0.0",
        "id": "azuresentinel.azure-sentinel-solution-azuretraininglab",
        "packageKind": "Solution",
        "displayName": "Microsoft Sentinel Training Lab Solution (Preview)",
        "contentSchemaVersion": "3.0.0"
      }
    }
  ]
}