{
  "$schema": "https://schema.management.azure.com/schemas/2019-04-01/deploymentTemplate.json#",
  "contentVersion": "1.0.0",
  "parameters": {
    "location": {
      "type": "string",
      "minLength": 1,
      "defaultValue": "[resourceGroup().location]",
      "metadata": {
        "description": "Not used, but needed to pass arm-ttk test `Location-Should-Not-Be-Hardcoded`.  We instead use the `workspace-location` which is derived from the LA workspace"
      }
    },
    "workspace": {
      "defaultValue": "",
      "type": "string",
      "metadata": {
        "description": "Workspace name for Log Analytics where Microsoft Sentinel is setup"
      }
    },
    "workspace-location": {
      "type": "string",
      "defaultValue": "",
      "metadata": {
        "description": "[concat('Region to deploy solution resources -- separate from location selection',parameters('location'))]"
      }
    }
  },
  "resources": [
    {
      "type": "Microsoft.OperationalInsights/workspaces/providers/contentTemplates",
      "name": "[concat(parameters('workspace'),'/Microsoft.SecurityInsights/',concat(concat(parameters('workspace'),'-ar-',uniquestring('c668c09f-5a49-43f9-b249-6b89a31ec8fb')),'1.0.0'))]",
      "location": "[parameters('workspace-location')]",
      "apiVersion": "2022-08-01",
      "dependsOn": [
        "[extensionResourceId(resourceId('Microsoft.OperationalInsights/workspaces', parameters('workspace')), 'Microsoft.SecurityInsights/contentPackages', 'azuresentinel.azure-sentinel-solution-amazonwebservices')]"
      ],
      "properties": {
        "contentId": "c668c09f-5a49-43f9-b249-6b89a31ec8fb",
        "displayName": "Privilege escalation via SSM policy",
        "contentKind": "AnalyticsRule",
        "mainTemplate": {
          "resources": [
            {
              "type": "Microsoft.SecurityInsights/AlertRuleTemplates",
              "name": "c668c09f-5a49-43f9-b249-6b89a31ec8fb",
              "apiVersion": "2022-04-01-preview",
              "kind": "Scheduled",
              "location": "[parameters('workspace-location')]",
              "properties": {
                "description": "Detected usage of AttachUserPolicy/AttachGroupPolicy/AttachRolePolicy on SSM Policy. Attackers could use these operations for privilege escalation. Verify these actions with the user.",
                "displayName": "Privilege escalation via SSM policy",
                "enabled": false,
                "query": "AWSCloudTrail\n  | where EventName in (\"PutUserPolicy\",\"PutRolePolicy\",\"PutGroupPolicy\") and isempty(ErrorCode) and isempty(ErrorMessage)\n  | extend PolicyName = tostring(parse_json(RequestParameters).policyName)\n  | extend Statement = parse_json(tostring((parse_json(RequestParameters).policyDocument))).Statement\n  | mvexpand Statement\n  | extend Action = parse_json(Statement).Action , Effect = tostring(parse_json(Statement).Effect), Resource = tostring(parse_json(Statement).Resource), Condition = tostring(parse_json(Statement).Condition)\n  | extend Action = tostring(Action)\n  | where Effect =~ \"Allow\" and (Action contains \"ssm:*\" or Action contains \"ssm:Create*\" or Action contains \"ssm:CreateAssociation\") and Resource == \"*\" and isempty(Condition)\n  | distinct TimeGenerated, EventName, PolicyName, SourceIpAddress, UserIdentityArn, UserIdentityUserName\n  | extend UserIdentityUserName = iff(isnotempty(UserIdentityUserName), UserIdentityUserName, tostring(split(UserIdentityArn,'/')[-1]))\n  | extend timestamp = TimeGenerated, IPCustomEntity = SourceIpAddress, AccountCustomEntity = UserIdentityUserName\n",
                "queryFrequency": "P1D",
                "queryPeriod": "P1D",
                "severity": "Medium",
                "suppressionDuration": "PT1H",
                "suppressionEnabled": false,
                "triggerOperator": "GreaterThan",
                "triggerThreshold": 0,
                "status": "Available",
                "requiredDataConnectors": [
                  {
                    "connectorId": "AWS",
                    "dataTypes": [
                      "AWSCloudTrail"
                    ]
                  }
                ],
                "tactics": [
                  "PrivilegeEscalation"
                ],
                "entityMappings": [
                  {
                    "entityType": "Account",
                    "fieldMappings": [
                      {
                        "identifier": "FullName",
                        "columnName": "AccountCustomEntity"
                      }
                    ]
                  },
                  {
                    "entityType": "IP",
                    "fieldMappings": [
                      {
                        "identifier": "Address",
                        "columnName": "IPCustomEntity"
                      }
                    ]
                  }
                ]
              }
            },
            {
              "type": "Microsoft.OperationalInsights/workspaces/providers/metadata",
              "apiVersion": "2022-01-01-preview",
              "name": "[concat(parameters('workspace'),'/Microsoft.SecurityInsights/',concat('AnalyticsRule-', last(split(resourceId('Microsoft.SecurityInsights/AlertRuleTemplates', 'c668c09f-5a49-43f9-b249-6b89a31ec8fb'),'/'))))]",
              "properties": {
                "description": "Amazon Web Services Analytics Rule 44",
                "parentId": "[resourceId('Microsoft.SecurityInsights/AlertRuleTemplates', 'c668c09f-5a49-43f9-b249-6b89a31ec8fb')]",
                "contentId": "c668c09f-5a49-43f9-b249-6b89a31ec8fb",
                "kind": "AnalyticsRule",
                "version": "1.0.0",
                "source": {
                  "kind": "Solution",
                  "name": "Amazon Web Services",
                  "sourceId": "azuresentinel.azure-sentinel-solution-amazonwebservices"
                },
                "author": {
                  "name": "Microsoft"
                },
                "support": {
                  "name": "Microsoft Corporation",
                  "email": "support@microsoft.com",
                  "tier": "Microsoft",
                  "link": "https://support.microsoft.com"
                }
              }
            }
          ]
        }
      }
    }
  ]
}