{
  "$schema": "https://schema.management.azure.com/schemas/2019-04-01/deploymentTemplate.json#",
  "contentVersion": "1.0.0",
  "parameters": {
    "location": {
      "type": "string",
      "minLength": 1,
      "defaultValue": "[resourceGroup().location]",
      "metadata": {
        "description": "Not used, but needed to pass arm-ttk test `Location-Should-Not-Be-Hardcoded`.  We instead use the `workspace-location` which is derived from the LA workspace"
      }
    },
    "workspace": {
      "defaultValue": "",
      "type": "string",
      "metadata": {
        "description": "Workspace name for Log Analytics where Microsoft Sentinel is setup"
      }
    },
    "workspace-location": {
      "type": "string",
      "defaultValue": "",
      "metadata": {
        "description": "[concat('Region to deploy solution resources -- separate from location selection',parameters('location'))]"
      }
    }
  },
  "resources": [
    {
      "type": "Microsoft.OperationalInsights/workspaces/providers/contentTemplates",
      "name": "[concat(parameters('workspace'),'/Microsoft.SecurityInsights/',concat(concat(parameters('workspace'),'-ar-',uniquestring('6b9b4ee6-f4c1-4b86-8c8c-beb0bb59ae44')),'1.0.0'))]",
      "location": "[parameters('workspace-location')]",
      "apiVersion": "2022-08-01",
      "dependsOn": [
        "[extensionResourceId(resourceId('Microsoft.OperationalInsights/workspaces', parameters('workspace')), 'Microsoft.SecurityInsights/contentPackages', 'azuresentinel.azure-sentinel-solution-amazonwebservices')]"
      ],
      "properties": {
        "contentId": "6b9b4ee6-f4c1-4b86-8c8c-beb0bb59ae44",
        "displayName": "S3 bucket exposed via ACL",
        "contentKind": "AnalyticsRule",
        "mainTemplate": {
          "resources": [
            {
              "type": "Microsoft.SecurityInsights/AlertRuleTemplates",
              "name": "6b9b4ee6-f4c1-4b86-8c8c-beb0bb59ae44",
              "apiVersion": "2022-04-01-preview",
              "kind": "Scheduled",
              "location": "[parameters('workspace-location')]",
              "properties": {
                "description": "Detected S3 bucket publicly exposed via ACL, which could lead for sensitive information leakage to the public. Verify the S3 object configurations.",
                "displayName": "S3 bucket exposed via ACL",
                "enabled": false,
                "query": "AWSCloudTrail\n| where EventName == \"PutBucketAcl\" and isempty(ErrorCode) and isempty(ErrorMessage)\n| extend Grant = parse_json(tostring((parse_json(RequestParameters).AccessControlPolicy))).AccessControlList.Grant\n| mvexpand Grant\n| extend cannedacl = parse_json(tostring((parse_json(RequestParameters))))\n| extend URI = parse_json(Grant).Grantee.URI, type = parse_json(Grant).Grantee.[\"xsi:type\"], xamzacl = parse_json(cannedacl).[\"x-amz-acl\"]\n| where (type == \"Group\" and (URI endswith \"AllUsers\" or URI endswith \"AuthenticatedUsers\"))\n  or xamzacl in (\"authenticated-read\",\"public-read\",\"public-read-write\")\n| extend UserIdentityUserName = iff(isnotempty(UserIdentityUserName), UserIdentityUserName, tostring(split(UserIdentityArn,'/')[-1]))\n| extend timestamp = TimeGenerated, IPCustomEntity = SourceIpAddress, AccountCustomEntity = UserIdentityUserName\n",
                "queryFrequency": "PT1H",
                "queryPeriod": "PT1H",
                "severity": "Medium",
                "suppressionDuration": "PT1H",
                "suppressionEnabled": false,
                "triggerOperator": "GreaterThan",
                "triggerThreshold": 0,
                "status": "Available",
                "requiredDataConnectors": [
                  {
                    "connectorId": "AWS",
                    "dataTypes": [
                      "AWSCloudTrail"
                    ]
                  }
                ],
                "tactics": [
                  "Exfiltration"
                ],
                "entityMappings": [
                  {
                    "entityType": "Account",
                    "fieldMappings": [
                      {
                        "identifier": "FullName",
                        "columnName": "AccountCustomEntity"
                      }
                    ]
                  },
                  {
                    "entityType": "IP",
                    "fieldMappings": [
                      {
                        "identifier": "Address",
                        "columnName": "IPCustomEntity"
                      }
                    ]
                  }
                ]
              }
            },
            {
              "type": "Microsoft.OperationalInsights/workspaces/providers/metadata",
              "apiVersion": "2022-01-01-preview",
              "name": "[concat(parameters('workspace'),'/Microsoft.SecurityInsights/',concat('AnalyticsRule-', last(split(resourceId('Microsoft.SecurityInsights/AlertRuleTemplates', '6b9b4ee6-f4c1-4b86-8c8c-beb0bb59ae44'),'/'))))]",
              "properties": {
                "description": "Amazon Web Services Analytics Rule 48",
                "parentId": "[resourceId('Microsoft.SecurityInsights/AlertRuleTemplates', '6b9b4ee6-f4c1-4b86-8c8c-beb0bb59ae44')]",
                "contentId": "6b9b4ee6-f4c1-4b86-8c8c-beb0bb59ae44",
                "kind": "AnalyticsRule",
                "version": "1.0.0",
                "source": {
                  "kind": "Solution",
                  "name": "Amazon Web Services",
                  "sourceId": "azuresentinel.azure-sentinel-solution-amazonwebservices"
                },
                "author": {
                  "name": "Microsoft"
                },
                "support": {
                  "name": "Microsoft Corporation",
                  "email": "support@microsoft.com",
                  "tier": "Microsoft",
                  "link": "https://support.microsoft.com"
                }
              }
            }
          ]
        }
      }
    }
  ]
}