{
  "$schema": "https://schema.management.azure.com/schemas/2019-04-01/deploymentTemplate.json#",
  "contentVersion": "1.0.3",
  "parameters": {
    "location": {
      "type": "string",
      "minLength": 1,
      "defaultValue": "[resourceGroup().location]",
      "metadata": {
        "description": "Not used, but needed to pass arm-ttk test `Location-Should-Not-Be-Hardcoded`.  We instead use the `workspace-location` which is derived from the LA workspace"
      }
    },
    "workspace": {
      "defaultValue": "",
      "type": "string",
      "metadata": {
        "description": "Workspace name for Log Analytics where Microsoft Sentinel is setup"
      }
    },
    "workspace-location": {
      "type": "string",
      "defaultValue": "",
      "metadata": {
        "description": "[concat('Region to deploy solution resources -- separate from location selection',parameters('location'))]"
      }
    }
  },
  "resources": [
    {
      "type": "Microsoft.OperationalInsights/workspaces/providers/contentTemplates",
      "name": "[concat(parameters('workspace'),'/Microsoft.SecurityInsights/',concat(concat(parameters('workspace'),'-ar-',uniquestring('d25b1998-a592-4bc5-8a3a-92b39eedb1bc')),'1.0.3'))]",
      "location": "[parameters('workspace-location')]",
      "apiVersion": "2022-08-01",
      "dependsOn": [
        "[extensionResourceId(resourceId('Microsoft.OperationalInsights/workspaces', parameters('workspace')), 'Microsoft.SecurityInsights/contentPackages', 'azuresentinel.azure-sentinel-solution-amazonwebservices')]"
      ],
      "properties": {
        "contentId": "d25b1998-a592-4bc5-8a3a-92b39eedb1bc",
        "displayName": "Login to AWS Management Console without MFA",
        "contentKind": "AnalyticsRule",
        "mainTemplate": {
          "resources": [
            {
              "type": "Microsoft.SecurityInsights/AlertRuleTemplates",
              "name": "d25b1998-a592-4bc5-8a3a-92b39eedb1bc",
              "apiVersion": "2022-04-01-preview",
              "kind": "Scheduled",
              "location": "[parameters('workspace-location')]",
              "properties": {
                "description": "Multi-Factor Authentication (MFA) helps you to prevent credential compromise. This alert identifies logins to the AWS Management Console without MFA.\nYou can limit this detection to trigger for adminsitrative accounts if you do not have MFA enabled on all accounts.\nThis is done by looking at the eventName ConsoleLogin and if the AdditionalEventData field indicates MFA was NOT used\nand the ResponseElements field indicates NOT a Failure. Thereby indicating that a non-MFA login was successful.",
                "displayName": "Login to AWS Management Console without MFA",
                "enabled": false,
                "query": "AWSCloudTrail\n| where EventName =~ \"ConsoleLogin\"\n| extend MFAUsed = tostring(parse_json(AdditionalEventData).MFAUsed), LoginResult = tostring(parse_json(ResponseElements).ConsoleLogin), indexId = indexof(tostring(UserIdentityPrincipalid),\":\")\n| where MFAUsed !~ \"Yes\" and LoginResult !~ \"Failure\"\n| where SessionIssuerUserName !contains \"AWSReservedSSO\"\n| summarize StartTimeUtc = min(TimeGenerated), EndTimeUtc = max(TimeGenerated) by EventName, EventTypeName, LoginResult, MFAUsed, UserIdentityAccountId,  UserIdentityPrincipalid, UserAgent,\nUserIdentityUserName, SessionMfaAuthenticated, SourceIpAddress, AWSRegion, indexId\n| extend timestamp = StartTimeUtc, AccountCustomEntity = iif(isempty(UserIdentityUserName),substring(UserIdentityPrincipalid, toint(indexId)+1), UserIdentityUserName), IPCustomEntity = SourceIpAddress\n",
                "queryFrequency": "P1D",
                "queryPeriod": "P1D",
                "severity": "Low",
                "suppressionDuration": "PT1H",
                "suppressionEnabled": false,
                "triggerOperator": "GreaterThan",
                "triggerThreshold": 0,
                "status": "Available",
                "requiredDataConnectors": [
                  {
                    "connectorId": "AWS",
                    "dataTypes": [
                      "AWSCloudTrail"
                    ]
                  },
                  {
                    "connectorId": "AWSS3",
                    "dataTypes": [
                      "AWSCloudTrail"
                    ]
                  }
                ],
                "tactics": [
                  "DefenseEvasion",
                  "PrivilegeEscalation",
                  "Persistence",
                  "InitialAccess"
                ],
                "entityMappings": [
                  {
                    "entityType": "Account",
                    "fieldMappings": [
                      {
                        "identifier": "FullName",
                        "columnName": "AccountCustomEntity"
                      }
                    ]
                  },
                  {
                    "entityType": "IP",
                    "fieldMappings": [
                      {
                        "identifier": "Address",
                        "columnName": "IPCustomEntity"
                      }
                    ]
                  }
                ]
              }
            },
            {
              "type": "Microsoft.OperationalInsights/workspaces/providers/metadata",
              "apiVersion": "2022-01-01-preview",
              "name": "[concat(parameters('workspace'),'/Microsoft.SecurityInsights/',concat('AnalyticsRule-', last(split(resourceId('Microsoft.SecurityInsights/AlertRuleTemplates', 'd25b1998-a592-4bc5-8a3a-92b39eedb1bc'),'/'))))]",
              "properties": {
                "description": "Amazon Web Services Analytics Rule 4",
                "parentId": "[resourceId('Microsoft.SecurityInsights/AlertRuleTemplates', 'd25b1998-a592-4bc5-8a3a-92b39eedb1bc')]",
                "contentId": "d25b1998-a592-4bc5-8a3a-92b39eedb1bc",
                "kind": "AnalyticsRule",
                "version": "1.0.3",
                "source": {
                  "kind": "Solution",
                  "name": "Amazon Web Services",
                  "sourceId": "azuresentinel.azure-sentinel-solution-amazonwebservices"
                },
                "author": {
                  "name": "Microsoft"
                },
                "support": {
                  "name": "Microsoft Corporation",
                  "email": "support@microsoft.com",
                  "tier": "Microsoft",
                  "link": "https://support.microsoft.com"
                }
              }
            }
          ]
        }
      }
    }
  ]
}