{
  "$schema": "https://schema.management.azure.com/schemas/2019-04-01/deploymentTemplate.json#",
  "contentVersion": "1.0.0",
  "parameters": {
    "location": {
      "type": "string",
      "minLength": 1,
      "defaultValue": "[resourceGroup().location]",
      "metadata": {
        "description": "Not used, but needed to pass arm-ttk test `Location-Should-Not-Be-Hardcoded`.  We instead use the `workspace-location` which is derived from the LA workspace"
      }
    },
    "workspace": {
      "defaultValue": "",
      "type": "string",
      "metadata": {
        "description": "Workspace name for Log Analytics where Microsoft Sentinel is setup"
      }
    },
    "workspace-location": {
      "type": "string",
      "defaultValue": "",
      "metadata": {
        "description": "[concat('Region to deploy solution resources -- separate from location selection',parameters('location'))]"
      }
    }
  },
  "resources": [
    {
      "type": "Microsoft.OperationalInsights/workspaces/providers/contentTemplates",
      "name": "[concat(parameters('workspace'),'/Microsoft.SecurityInsights/',concat(concat(parameters('workspace'),'-hq-',uniquestring('5b6ee21d-da53-46eb-827c-eab2a9ba3d2f')),'1.0.0'))]",
      "location": "[parameters('workspace-location')]",
      "apiVersion": "2022-08-01",
      "dependsOn": [
        "[extensionResourceId(resourceId('Microsoft.OperationalInsights/workspaces', parameters('workspace')), 'Microsoft.SecurityInsights/contentPackages', 'azuresentinel.azure-sentinel-solution-amazonwebservices')]"
      ],
      "properties": {
        "contentId": "5b6ee21d-da53-46eb-827c-eab2a9ba3d2f",
        "displayName": "",
        "contentKind": "HuntingQuery",
        "mainTemplate": {
          "resources": [
            {
              "type": "Microsoft.OperationalInsights/savedSearches",
              "apiVersion": "2020-08-01",
              "name": "Amazon_Web_Services_Hunting_Query_4",
              "location": "[parameters('workspace-location')]",
              "properties": {
                "eTag": "*",
                "displayName": "Suspicious credential token access of valid IAM Roles",
                "category": "Hunting Queries",
                "query": "\nlet starttime = todatetime('{{StartTimeISO}}');\nlet endtime = todatetime('{{EndTimeISO}}');\nlet lookback = starttime - 14d;\n// Generating historical table of AssumeRole operations for IAM Roles to be compared with last 24 hour\nAWSCloudTrail\n| where TimeGenerated between (starttime..endtime)\n| where EventName == \"AssumeRole\" | extend RoleArn = tostring(parse_json(RequestParameters).roleArn)\n| project TimeGenerated, EventSource, EventName, UserIdentityType, UserIdentityInvokedBy , SourceIpAddress, RoleArn\n// Doing Leftanti join to find new AssumeRole operation for IAM role which was not seen historically generated from previous table.\n| join kind= leftanti\n(\n  AWSCloudTrail\n  | where TimeGenerated  between (lookback..starttime)\n  | where EventName == \"AssumeRole\" | extend RoleArn = tostring(parse_json(RequestParameters).roleArn)\n  | project TimeGenerated, EventSource, EventName, UserIdentityType, UserIdentityInvokedBy , SourceIpAddress, RoleArn\n) on RoleArn, UserIdentityInvokedBy\n| summarize EventCount = count(), StartTimeUtc = min(TimeGenerated), EndTimeUtc = max(TimeGenerated) by RoleArn, EventSource, EventName, UserIdentityType, UserIdentityInvokedBy, SourceIpAddress\n| extend timestamp = StartTimeUtc, IPCustomEntity = SourceIpAddress, AccountCustomEntity = tostring(split(RoleArn, \"/\")[1])\n",
                "version": 2,
                "tags": [
                  {
                    "name": "description",
                    "value": "Adversaries may generate temporary credentials of existing privileged IAM roles to access AWS resources that were not previously accessible to perform malicious actions. The credentials may be generated by trusted IAM user or via AWS Cloud Instance Metadata API.\nThis query will look for AWS STS API Assume Role operations for RoleArn (Role Amazon Resource Names) which was not historically seen.\nYou can also limit the query to only sensitive IAM Roles which needs to be monitored.\nRead more about ingest custom logs using Logstash at https://github.com/Azure/Azure-Sentinel/wiki/Ingest-Custom-Logs-LogStash \nAWS API AssumeRole at https://docs.aws.amazon.com/STS/latest/APIReference/API_AssumeRole.html and AWS Instance Metadata API at https://docs.aws.amazon.com/AWSEC2/latest/UserGuide/ec2-instance-metadata.html "
                  },
                  {
                    "name": "tactics",
                    "value": "InitialAccess,DefenseEvasion"
                  },
                  {
                    "name": "techniques",
                    "value": "T1078"
                  }
                ]
              }
            },
            {
              "type": "Microsoft.OperationalInsights/workspaces/providers/metadata",
              "apiVersion": "2022-01-01-preview",
              "name": "[concat(parameters('workspace'),'/Microsoft.SecurityInsights/',concat('HuntingQuery-', last(split(resourceId('Microsoft.OperationalInsights/savedSearches', '5b6ee21d-da53-46eb-827c-eab2a9ba3d2f'),'/'))))]",
              "properties": {
                "description": "Amazon Web Services Hunting Query 4",
                "parentId": "[resourceId('Microsoft.OperationalInsights/savedSearches', '5b6ee21d-da53-46eb-827c-eab2a9ba3d2f')]",
                "contentId": "5b6ee21d-da53-46eb-827c-eab2a9ba3d2f",
                "kind": "HuntingQuery",
                "version": "1.0.0",
                "source": {
                  "kind": "Solution",
                  "name": "Amazon Web Services",
                  "sourceId": "azuresentinel.azure-sentinel-solution-amazonwebservices"
                },
                "author": {
                  "name": "Microsoft"
                },
                "support": {
                  "name": "Microsoft Corporation",
                  "email": "support@microsoft.com",
                  "tier": "Microsoft",
                  "link": "https://support.microsoft.com"
                }
              }
            }
          ]
        }
      }
    }
  ]
}