{
  "$schema": "https://schema.management.azure.com/schemas/2019-04-01/deploymentTemplate.json#",
  "contentVersion": "1.0.0",
  "parameters": {
    "location": {
      "type": "string",
      "minLength": 1,
      "defaultValue": "[resourceGroup().location]",
      "metadata": {
        "description": "Not used, but needed to pass arm-ttk test `Location-Should-Not-Be-Hardcoded`.  We instead use the `workspace-location` which is derived from the LA workspace"
      }
    },
    "workspace": {
      "defaultValue": "",
      "type": "string",
      "metadata": {
        "description": "Workspace name for Log Analytics where Microsoft Sentinel is setup"
      }
    },
    "workspace-location": {
      "type": "string",
      "defaultValue": "",
      "metadata": {
        "description": "[concat('Region to deploy solution resources -- separate from location selection',parameters('location'))]"
      }
    }
  },
  "resources": [
    {
      "type": "Microsoft.OperationalInsights/workspaces/providers/contentTemplates",
      "name": "[concat(parameters('workspace'),'/Microsoft.SecurityInsights/',concat(concat(parameters('workspace'),'-hq-',uniquestring('0db42a94-e7c8-4bf1-99a7-1a2fb4158212')),'1.0.0'))]",
      "location": "[parameters('workspace-location')]",
      "apiVersion": "2022-08-01",
      "dependsOn": [
        "[extensionResourceId(resourceId('Microsoft.OperationalInsights/workspaces', parameters('workspace')), 'Microsoft.SecurityInsights/contentPackages', 'azuresentinel.azure-sentinel-solution-amazonwebservices')]"
      ],
      "properties": {
        "contentId": "0db42a94-e7c8-4bf1-99a7-1a2fb4158212",
        "displayName": "",
        "contentKind": "HuntingQuery",
        "mainTemplate": {
          "resources": [
            {
              "type": "Microsoft.OperationalInsights/savedSearches",
              "apiVersion": "2020-08-01",
              "name": "Amazon_Web_Services_Hunting_Query_3",
              "location": "[parameters('workspace-location')]",
              "properties": {
                "eTag": "*",
                "displayName": "Privileged role attached to Instance",
                "category": "Hunting Queries",
                "query": "\nlet EventNameList = dynamic([\"AttachUserPolicy\",\"AttachRolePolicy\",\"AttachGroupPolicy\"]);\nlet PolicyArnList = dynamic([\"arn:aws:iam::aws:policy/AdministratorAccess\",\"arn:aws:iam::aws:policy/DatabaseAdministrator\",\"arn:aws:iam::aws:policy/NetworkAdministrator\",\"arn:aws:iam::aws:policy/SystemAdministrator\",\"arn:aws:iam::aws:policy/AmazonS3FullAccess\"]);\nlet starttime = todatetime('{{StartTimeISO}}');\nlet endtime = todatetime('{{EndTimeISO}}');\nlet lookback = starttime - 14d;\n//Creating a temp table of events creating privileged role or users which can later be correlated with suspicious operations.\nlet PrivilegedRoleorUsers = AWSCloudTrail\n| where TimeGenerated >= lookback \n| where EventName in (EventNameList)\n| extend PolicyArn = tostring(parse_json(RequestParameters).policyArn), RoleName = tostring(parse_json(RequestParameters).roleName)\n| where PolicyArn in (PolicyArnList)\n| distinct PolicyArn, UserIdentityType, UserIdentityUserName,RoleName;\n// Joining the list of identities having Privileged roles with the API call AddRoleToInstanceProfile to indentify the instances which may be used by adversaries as pivot point for privilege escalation.\nPrivilegedRoleorUsers\n| join (\nAWSCloudTrail\n| where TimeGenerated between (starttime..endtime)\n| where EventName in (\"AddRoleToInstanceProfile\") \n| extend InstanceProfileName = tostring(parse_json(RequestParameters).InstanceProfileName), RoleName = tostring(parse_json(RequestParameters).roleName)\n| summarize EventCount=count(), StartTimeUtc = min(TimeGenerated), EndTimeUtc = max(TimeGenerated) by EventSource, EventName, UserIdentityType , UserIdentityArn , UserIdentityUserName, SourceIpAddress, RoleName\n) on RoleName \n| extend timestamp = StartTimeUtc, IPCustomEntity = SourceIpAddress, AccountCustomEntity = RoleName\n",
                "version": 2,
                "tags": [
                  {
                    "name": "description",
                    "value": "Identity and Access Management (IAM) securely manages access to AWS services and resources. \nIdentifies when a Privileged role is attached to an existing instance or new instance at deployment. This instance may be used by an adversary to escalate a normal user privileges to an adminsitrative level.\nand AWS API AddRoleToInstanceProfile at https://docs.aws.amazon.com/IAM/latest/APIReference/API_AddRoleToInstanceProfile.html"
                  },
                  {
                    "name": "tactics",
                    "value": "PrivilegeEscalation"
                  },
                  {
                    "name": "techniques",
                    "value": "T1098"
                  }
                ]
              }
            },
            {
              "type": "Microsoft.OperationalInsights/workspaces/providers/metadata",
              "apiVersion": "2022-01-01-preview",
              "name": "[concat(parameters('workspace'),'/Microsoft.SecurityInsights/',concat('HuntingQuery-', last(split(resourceId('Microsoft.OperationalInsights/savedSearches', '0db42a94-e7c8-4bf1-99a7-1a2fb4158212'),'/'))))]",
              "properties": {
                "description": "Amazon Web Services Hunting Query 3",
                "parentId": "[resourceId('Microsoft.OperationalInsights/savedSearches', '0db42a94-e7c8-4bf1-99a7-1a2fb4158212')]",
                "contentId": "0db42a94-e7c8-4bf1-99a7-1a2fb4158212",
                "kind": "HuntingQuery",
                "version": "1.0.0",
                "source": {
                  "kind": "Solution",
                  "name": "Amazon Web Services",
                  "sourceId": "azuresentinel.azure-sentinel-solution-amazonwebservices"
                },
                "author": {
                  "name": "Microsoft"
                },
                "support": {
                  "name": "Microsoft Corporation",
                  "email": "support@microsoft.com",
                  "tier": "Microsoft",
                  "link": "https://support.microsoft.com"
                }
              }
            }
          ]
        }
      }
    }
  ]
}