{
  "$schema": "https://schema.management.azure.com/schemas/2019-04-01/deploymentTemplate.json#",
  "contentVersion": "1.0.0",
  "parameters": {
    "location": {
      "type": "string",
      "minLength": 1,
      "defaultValue": "[resourceGroup().location]",
      "metadata": {
        "description": "Not used, but needed to pass arm-ttk test `Location-Should-Not-Be-Hardcoded`.  We instead use the `workspace-location` which is derived from the LA workspace"
      }
    },
    "workspace": {
      "defaultValue": "",
      "type": "string",
      "metadata": {
        "description": "Workspace name for Log Analytics where Microsoft Sentinel is setup"
      }
    },
    "workspace-location": {
      "type": "string",
      "defaultValue": "",
      "metadata": {
        "description": "[concat('Region to deploy solution resources -- separate from location selection',parameters('location'))]"
      }
    }
  },
  "resources": [
    {
      "type": "Microsoft.OperationalInsights/workspaces/providers/contentTemplates",
      "name": "[concat(parameters('workspace'),'/Microsoft.SecurityInsights/',concat(concat(parameters('workspace'),'-hq-',uniquestring('77d0aadc-aaea-4346-b61a-bf7ac6b71bba')),'1.0.0'))]",
      "location": "[parameters('workspace-location')]",
      "apiVersion": "2022-08-01",
      "dependsOn": [
        "[extensionResourceId(resourceId('Microsoft.OperationalInsights/workspaces', parameters('workspace')), 'Microsoft.SecurityInsights/contentPackages', 'azuresentinel.azure-sentinel-solution-amazonwebservices')]"
      ],
      "properties": {
        "contentId": "77d0aadc-aaea-4346-b61a-bf7ac6b71bba",
        "displayName": "",
        "contentKind": "HuntingQuery",
        "mainTemplate": {
          "resources": [
            {
              "type": "Microsoft.OperationalInsights/savedSearches",
              "apiVersion": "2020-08-01",
              "name": "Amazon_Web_Services_Hunting_Query_19",
              "location": "[parameters('workspace-location')]",
              "properties": {
                "eTag": "*",
                "displayName": "Lambda layer imported from external account",
                "category": "Hunting Queries",
                "query": "AWSCloudTrail\n| where (EventName startswith \"UpdateFunctionConfiguration\" or EventName startswith \"CreateFunction\") and isempty(ErrorCode) and isempty(ErrorMessage)\n| extend layers = parse_json(tostring((parse_json(RequestParameters)))).layers\n| extend accId = split(parse_json(tostring((parse_json(RequestParameters)))).layers,\":\",4)\n| mv-expand accId\n| where layers <> \"\" and layers !has RecipientAccountId\n// Exclude AWS Owned AccIds (built-in layers)\n| where accId !in (\"249908578461\",\"668099181075\",\"468957933125\",\"399891621064\",\"325793726646\",\"118857876118\",\"296580773974\",\"961244031340\",\"631267018583\",\"817496625479\",\"778625758767\",\"292169987271\",\"642425348156\",\"142628438157\",\"959311844005\",\"640010853179\",\"259788987135\",\"420165488524\",\"683298794825\",\"382066503313\",\"556739011827\",\"138526772879\",\"027255383542\",\"728743619870\",\"958113053741\",\"359756378197\",\"039592058896\",\"066940009817\",\"434848589818\",\"282860088358\",\"493207061005\",\"646970417810\",\"203683718741\",\"615057806174\",\"615084187847\",\"630222743974\",\"980059726660\",\"706869817123\",\"826293736237\",\"421114256042\",\"080788657173\",\"418787028745\",\"554480029851\",\"000010852771\",\"574348263942\",\"559955524753\",\"946561847325\",\"946746059096\",\"580247275435\",\"012438385374\",\"519774774795\",\"488211338238\",\"339249233099\",\"285320876703\")\n| distinct TimeGenerated, EventName, SourceIpAddress, UserIdentityArn, UserIdentityUserName, tostring(layers)\n| extend UserIdentityUserName = iff(isnotempty(UserIdentityUserName), UserIdentityUserName, tostring(split(UserIdentityArn,'/')[-1]))\n| extend timestamp = TimeGenerated, IPCustomEntity = SourceIpAddress, AccountCustomEntity = UserIdentityUserName\n",
                "version": 2,
                "tags": [
                  {
                    "name": "description",
                    "value": "Detected an external account adding lambda layer, which attackers could use to inject a backdoor inside the lambda function. If this is the case, make sure to remove the layer from the function."
                  },
                  {
                    "name": "tactics",
                    "value": "Persistence"
                  },
                  {
                    "name": "techniques",
                    "value": "T1525"
                  }
                ]
              }
            },
            {
              "type": "Microsoft.OperationalInsights/workspaces/providers/metadata",
              "apiVersion": "2022-01-01-preview",
              "name": "[concat(parameters('workspace'),'/Microsoft.SecurityInsights/',concat('HuntingQuery-', last(split(resourceId('Microsoft.OperationalInsights/savedSearches', '77d0aadc-aaea-4346-b61a-bf7ac6b71bba'),'/'))))]",
              "properties": {
                "description": "Amazon Web Services Hunting Query 19",
                "parentId": "[resourceId('Microsoft.OperationalInsights/savedSearches', '77d0aadc-aaea-4346-b61a-bf7ac6b71bba')]",
                "contentId": "77d0aadc-aaea-4346-b61a-bf7ac6b71bba",
                "kind": "HuntingQuery",
                "version": "1.0.0",
                "source": {
                  "kind": "Solution",
                  "name": "Amazon Web Services",
                  "sourceId": "azuresentinel.azure-sentinel-solution-amazonwebservices"
                },
                "author": {
                  "name": "Microsoft"
                },
                "support": {
                  "name": "Microsoft Corporation",
                  "email": "support@microsoft.com",
                  "tier": "Microsoft",
                  "link": "https://support.microsoft.com"
                }
              }
            }
          ]
        }
      }
    }
  ]
}