{
  "$schema": "https://schema.management.azure.com/schemas/2019-04-01/deploymentTemplate.json#",
  "contentVersion": "1.0.0",
  "parameters": {
    "location": {
      "type": "string",
      "minLength": 1,
      "defaultValue": "[resourceGroup().location]",
      "metadata": {
        "description": "Not used, but needed to pass arm-ttk test `Location-Should-Not-Be-Hardcoded`.  We instead use the `workspace-location` which is derived from the LA workspace"
      }
    },
    "workspace": {
      "defaultValue": "",
      "type": "string",
      "metadata": {
        "description": "Workspace name for Log Analytics where Microsoft Sentinel is setup"
      }
    },
    "workspace-location": {
      "type": "string",
      "defaultValue": "",
      "metadata": {
        "description": "[concat('Region to deploy solution resources -- separate from location selection',parameters('location'))]"
      }
    }
  },
  "resources": [
    {
      "type": "Microsoft.OperationalInsights/workspaces/providers/contentTemplates",
      "name": "[concat(parameters('workspace'),'/Microsoft.SecurityInsights/',concat(concat(parameters('workspace'),'-ar-',uniquestring('17f23fbe-bb73-4324-8ecf-a18545a5dc26')),'1.0.0'))]",
      "location": "[parameters('workspace-location')]",
      "apiVersion": "2022-08-01",
      "dependsOn": [
        "[extensionResourceId(resourceId('Microsoft.OperationalInsights/workspaces', parameters('workspace')), 'Microsoft.SecurityInsights/contentPackages', 'azuresentinel.azure-sentinel-solution-azuredevopsauditing')]"
      ],
      "properties": {
        "contentId": "17f23fbe-bb73-4324-8ecf-a18545a5dc26",
        "displayName": "Azure DevOps Pipeline Created and Deleted on the Same Day",
        "contentKind": "AnalyticsRule",
        "mainTemplate": {
          "resources": [
            {
              "type": "Microsoft.SecurityInsights/AlertRuleTemplates",
              "name": "17f23fbe-bb73-4324-8ecf-a18545a5dc26",
              "apiVersion": "2022-04-01-preview",
              "kind": "Scheduled",
              "location": "[parameters('workspace-location')]",
              "properties": {
                "description": "An attacker with access to Azure DevOps could create a pipeline to inject artifacts used by other pipelines, \nor to create a malicious software build that looks legitimate by using a pipeline that incorporates legitimate elements. \nAn attacker would also likely want to cover their tracks once conducting such activity. This query looks for Pipelines \ncreated and deleted within the same day, this is unlikely to be legitimate user activity in the majority of cases.",
                "displayName": "Azure DevOps Pipeline Created and Deleted on the Same Day",
                "enabled": false,
                "query": "let timeframe = 3d;\n// Get Release Pipeline Creation Events and group by day\nAzureDevOpsAuditing\n| where TimeGenerated > ago(timeframe)\n| where OperationName =~ \"Release.ReleasePipelineCreated\"\n// Group by day\n| extend timekey = bin(TimeGenerated, 1d)\n| extend PipelineId = tostring(Data.PipelineId)\n| extend PipelineName = tostring(Data.PipelineName)\n// Rename some columns to make output clearer\n| project-rename TimeCreated = TimeGenerated, CreatingUser = ActorUPN, CreatingUserAgent = UserAgent, CreatingIP = IpAddress\n// Join with Release Pipeline Deletions where Pipeline ID is the same and deletion occurred on same day as creation\n| join (AzureDevOpsAuditing\n| where TimeGenerated > ago(timeframe)\n| where OperationName =~ \"Release.ReleasePipelineDeleted\"\n// Group by day\n| extend timekey = bin(TimeGenerated, 1d)\n| extend PipelineId = tostring(Data.PipelineId)\n| extend PipelineName = tostring(Data.PipelineName)\n// Rename some things to make the output clearer\n| project-rename TimeDeleted = TimeGenerated, DeletingUser = ActorUPN, DeletingUserAgent = UserAgent, DeletingIP = IpAddress) on PipelineId, timekey\n| project TimeCreated, TimeDeleted, PipelineName, PipelineId, CreatingUser, CreatingIP, CreatingUserAgent, DeletingUser, DeletingIP, DeletingUserAgent, ScopeDisplayName, ProjectName, Data, OperationName, OperationName1\n| extend timestamp = TimeCreated, AccountCustomEntity = CreatingUser, IPCustomEntity = CreatingIP\n",
                "queryFrequency": "P3D",
                "queryPeriod": "P3D",
                "severity": "Medium",
                "suppressionDuration": "PT1H",
                "suppressionEnabled": false,
                "triggerOperator": "GreaterThan",
                "triggerThreshold": 0,
                "status": "Available",
                "tactics": [
                  "Execution"
                ],
                "entityMappings": [
                  {
                    "fieldMappings": [
                      {
                        "identifier": "FullName",
                        "columnName": "AccountCustomEntity"
                      }
                    ],
                    "entityType": "Account"
                  },
                  {
                    "fieldMappings": [
                      {
                        "identifier": "FullName",
                        "columnName": "DeletingUser"
                      }
                    ],
                    "entityType": "Account"
                  },
                  {
                    "fieldMappings": [
                      {
                        "identifier": "Address",
                        "columnName": "IPCustomEntity"
                      }
                    ],
                    "entityType": "IP"
                  },
                  {
                    "fieldMappings": [
                      {
                        "identifier": "Address",
                        "columnName": "DeletingIP"
                      }
                    ],
                    "entityType": "IP"
                  }
                ]
              }
            },
            {
              "type": "Microsoft.OperationalInsights/workspaces/providers/metadata",
              "apiVersion": "2022-01-01-preview",
              "name": "[concat(parameters('workspace'),'/Microsoft.SecurityInsights/',concat('AnalyticsRule-', last(split(resourceId('Microsoft.SecurityInsights/AlertRuleTemplates', '17f23fbe-bb73-4324-8ecf-a18545a5dc26'),'/'))))]",
              "properties": {
                "description": "AzureDevOpsAuditing Analytics Rule 13",
                "parentId": "[resourceId('Microsoft.SecurityInsights/AlertRuleTemplates', '17f23fbe-bb73-4324-8ecf-a18545a5dc26')]",
                "contentId": "17f23fbe-bb73-4324-8ecf-a18545a5dc26",
                "kind": "AnalyticsRule",
                "version": "1.0.0",
                "source": {
                  "kind": "Solution",
                  "name": "AzureDevOpsAuditing",
                  "sourceId": "azuresentinel.azure-sentinel-solution-azuredevopsauditing"
                },
                "author": {
                  "name": "Microsoft",
                  "email": "support@microsoft.com"
                },
                "support": {
                  "tier": "Microsoft",
                  "email": "support@microsoft.com",
                  "name": "Microsoft Corporation",
                  "link": "https://support.microsoft.com/"
                }
              }
            }
          ]
        }
      }
    }
  ]
}