{
  "$schema": "https://schema.management.azure.com/schemas/2019-04-01/deploymentTemplate.json#",
  "contentVersion": "1.0.2",
  "parameters": {
    "location": {
      "type": "string",
      "minLength": 1,
      "defaultValue": "[resourceGroup().location]",
      "metadata": {
        "description": "Not used, but needed to pass arm-ttk test `Location-Should-Not-Be-Hardcoded`.  We instead use the `workspace-location` which is derived from the LA workspace"
      }
    },
    "workspace": {
      "defaultValue": "",
      "type": "string",
      "metadata": {
        "description": "Workspace name for Log Analytics where Microsoft Sentinel is setup"
      }
    },
    "workspace-location": {
      "type": "string",
      "defaultValue": "",
      "metadata": {
        "description": "[concat('Region to deploy solution resources -- separate from location selection',parameters('location'))]"
      }
    }
  },
  "resources": [
    {
      "type": "Microsoft.OperationalInsights/workspaces/providers/contentTemplates",
      "name": "[concat(parameters('workspace'),'/Microsoft.SecurityInsights/',concat(concat(parameters('workspace'),'-ar-',uniquestring('155e9134-d5ad-4a6f-88f3-99c220040b66')),'1.0.2'))]",
      "location": "[parameters('workspace-location')]",
      "apiVersion": "2022-08-01",
      "dependsOn": [
        "[extensionResourceId(resourceId('Microsoft.OperationalInsights/workspaces', parameters('workspace')), 'Microsoft.SecurityInsights/contentPackages', 'azuresentinel.azure-sentinel-solution-azuredevopsauditing')]"
      ],
      "properties": {
        "contentId": "155e9134-d5ad-4a6f-88f3-99c220040b66",
        "displayName": "Azure DevOps Pipeline modified by a new user.",
        "contentKind": "AnalyticsRule",
        "mainTemplate": {
          "resources": [
            {
              "type": "Microsoft.SecurityInsights/AlertRuleTemplates",
              "name": "155e9134-d5ad-4a6f-88f3-99c220040b66",
              "apiVersion": "2022-04-01-preview",
              "kind": "Scheduled",
              "location": "[parameters('workspace-location')]",
              "properties": {
                "description": "There are several potential pipeline steps that could be modified by an attacker to inject malicious code into the build cycle. A likely attacker path is the modification to an existing pipeline that they have access to. \nThis detection looks for users modifying a pipeline when they have not previously been observed modifying or creating that pipeline before. This query also joins events with data to Azure AD Identity Protection (AAD IdP) \nin order to show if the user conducting the action has any associated AAD IdP alerts. You can also choose to filter this detection to only alert when the user also has AAD IdP alerts associated with them.",
                "displayName": "Azure DevOps Pipeline modified by a new user.",
                "enabled": false,
                "query": "// Set the lookback to determine if user has created pipelines before\nlet timeback = 14d;\n// Set the period for detections\nlet timeframe = 1d;\n// Get a list of previous Release Pipeline creators to exclude\nlet releaseusers = AzureDevOpsAuditing\n| where TimeGenerated > ago(timeback) and TimeGenerated < ago(timeframe)\n| where OperationName in (\"Release.ReleasePipelineCreated\", \"Release.ReleasePipelineModified\")\n// We want to look for users performing actions in specific projects so we create this userscope object to match on\n| extend UserScope = strcat(ActorUserId, \"-\", ProjectName)\n| summarize by UserScope;\n// Get Release Pipeline creations by new users\nAzureDevOpsAuditing\n| where TimeGenerated > ago(timeframe)\n| where OperationName =~ \"Release.ReleasePipelineModified\"\n| extend UserScope = strcat(ActorUserId, \"-\", ProjectName)\n| where UserScope !in (releaseusers)\n| extend ActorUPN = tolower(ActorUPN)\n| project-away Id, ActivityId, ActorCUID, ScopeId, ProjectId, TenantId, SourceSystem, UserScope\n// See if any of these users have Azure AD alerts associated with them in the same timeframe\n| join kind = leftouter (\nSecurityAlert\n| where TimeGenerated > ago(timeframe)\n| where ProviderName == \"IPC\"\n| extend AadUserId = tostring(parse_json(Entities)[0].AadUserId)\n| summarize Alerts=count() by AadUserId) on $left.ActorUserId == $right.AadUserId\n| extend Alerts = iif(isnotempty(Alerts), Alerts, 0)\n// Uncomment the line below to only show results where the user as AADIdP alerts\n//| where Alerts > 0\n| extend timestamp = TimeGenerated, AccountCustomEntity = ActorUPN, IPCustomEntity = IpAddress\n",
                "queryFrequency": "P1D",
                "queryPeriod": "P14D",
                "severity": "Medium",
                "suppressionDuration": "PT1H",
                "suppressionEnabled": false,
                "triggerOperator": "GreaterThan",
                "triggerThreshold": 0,
                "status": "Available",
                "tactics": [
                  "Execution",
                  "DefenseEvasion"
                ],
                "entityMappings": [
                  {
                    "fieldMappings": [
                      {
                        "identifier": "FullName",
                        "columnName": "AccountCustomEntity"
                      }
                    ],
                    "entityType": "Account"
                  },
                  {
                    "fieldMappings": [
                      {
                        "identifier": "Address",
                        "columnName": "IPCustomEntity"
                      }
                    ],
                    "entityType": "IP"
                  }
                ]
              }
            },
            {
              "type": "Microsoft.OperationalInsights/workspaces/providers/metadata",
              "apiVersion": "2022-01-01-preview",
              "name": "[concat(parameters('workspace'),'/Microsoft.SecurityInsights/',concat('AnalyticsRule-', last(split(resourceId('Microsoft.SecurityInsights/AlertRuleTemplates', '155e9134-d5ad-4a6f-88f3-99c220040b66'),'/'))))]",
              "properties": {
                "description": "AzureDevOpsAuditing Analytics Rule 5",
                "parentId": "[resourceId('Microsoft.SecurityInsights/AlertRuleTemplates', '155e9134-d5ad-4a6f-88f3-99c220040b66')]",
                "contentId": "155e9134-d5ad-4a6f-88f3-99c220040b66",
                "kind": "AnalyticsRule",
                "version": "1.0.2",
                "source": {
                  "kind": "Solution",
                  "name": "AzureDevOpsAuditing",
                  "sourceId": "azuresentinel.azure-sentinel-solution-azuredevopsauditing"
                },
                "author": {
                  "name": "Microsoft",
                  "email": "support@microsoft.com"
                },
                "support": {
                  "tier": "Microsoft",
                  "email": "support@microsoft.com",
                  "name": "Microsoft Corporation",
                  "link": "https://support.microsoft.com/"
                }
              }
            }
          ]
        }
      }
    }
  ]
}