{
  "$schema": "https://schema.management.azure.com/schemas/2019-04-01/deploymentTemplate.json#",
  "contentVersion": "1.0.1",
  "parameters": {
    "location": {
      "type": "string",
      "minLength": 1,
      "defaultValue": "[resourceGroup().location]",
      "metadata": {
        "description": "Not used, but needed to pass arm-ttk test `Location-Should-Not-Be-Hardcoded`.  We instead use the `workspace-location` which is derived from the LA workspace"
      }
    },
    "workspace": {
      "defaultValue": "",
      "type": "string",
      "metadata": {
        "description": "Workspace name for Log Analytics where Microsoft Sentinel is setup"
      }
    },
    "workspace-location": {
      "type": "string",
      "defaultValue": "",
      "metadata": {
        "description": "[concat('Region to deploy solution resources -- separate from location selection',parameters('location'))]"
      }
    }
  },
  "resources": [
    {
      "type": "Microsoft.OperationalInsights/workspaces/providers/contentTemplates",
      "name": "[concat(parameters('workspace'),'/Microsoft.SecurityInsights/',concat(concat(parameters('workspace'),'-ar-',uniquestring('adc32a33-1cd6-46f5-8801-e3ed8337885f')),'1.0.1'))]",
      "location": "[parameters('workspace-location')]",
      "apiVersion": "2022-08-01",
      "dependsOn": [
        "[extensionResourceId(resourceId('Microsoft.OperationalInsights/workspaces', parameters('workspace')), 'Microsoft.SecurityInsights/contentPackages', 'azuresentinel.azure-sentinel-solution-azuredevopsauditing')]"
      ],
      "properties": {
        "contentId": "adc32a33-1cd6-46f5-8801-e3ed8337885f",
        "displayName": "External Upstream Source Added to Azure DevOps Feed",
        "contentKind": "AnalyticsRule",
        "mainTemplate": {
          "resources": [
            {
              "type": "Microsoft.SecurityInsights/AlertRuleTemplates",
              "name": "adc32a33-1cd6-46f5-8801-e3ed8337885f",
              "apiVersion": "2022-04-01-preview",
              "kind": "Scheduled",
              "location": "[parameters('workspace-location')]",
              "properties": {
                "description": "The detection looks for new external sources added to an Azure DevOps feed. An allow list can be customized to explicitly allow known good sources. \nAn attacker could look to add a malicious feed in order to inject malicious packages into a build pipeline.",
                "displayName": "External Upstream Source Added to Azure DevOps Feed",
                "enabled": false,
                "query": "// Add any known allowed sources and source locations to the filter below (the NuGet Gallery has been added here as an example).\nlet allowed_sources = dynamic([\"NuGet Gallery\"]);\nlet allowed_locations = dynamic([\"https://api.nuget.org/v3/index.json\"]);\nAzureDevOpsAuditing\n// Look for feeds created or modified at either the organization or project level\n| where OperationName matches regex \"Artifacts.Feed.(Org|Project).Modify\"\n| where Details has \"UpstreamSources, added\"\n| extend FeedName = tostring(Data.FeedName)\n| extend FeedId = tostring(Data.FeedId)\n| extend UpstreamsAdded = Data.UpstreamsAdded\n// As multiple feeds may be added expand these out\n| mv-expand UpstreamsAdded\n// Only focus on external feeds\n| where UpstreamsAdded.UpstreamSourceType !~ \"internal\"\n| extend SourceLocation = tostring(UpstreamsAdded.Location)\n| extend SourceName = tostring(UpstreamsAdded.Name)\n// Exclude sources and locations in the allow list\n| where SourceLocation !in (allowed_locations) and SourceName !in (allowed_sources)\n| extend SourceProtocol = tostring(UpstreamsAdded.Protocol)\n| extend SourceStatus = tostring(UpstreamsAdded.Status)\n| project-reorder TimeGenerated, OperationName, ScopeDisplayName, ProjectName, FeedName, SourceName, SourceLocation, SourceProtocol, ActorUPN, UserAgent, IpAddress\n| extend timestamp = TimeGenerated, AccountCustomEntity = ActorUPN, IPCustomEntity =  IpAddress\n",
                "queryFrequency": "P1D",
                "queryPeriod": "P1D",
                "severity": "Medium",
                "suppressionDuration": "PT1H",
                "suppressionEnabled": false,
                "triggerOperator": "GreaterThan",
                "triggerThreshold": 0,
                "status": "Available",
                "tactics": [
                  "InitialAccess"
                ],
                "entityMappings": [
                  {
                    "fieldMappings": [
                      {
                        "identifier": "FullName",
                        "columnName": "AccountCustomEntity"
                      }
                    ],
                    "entityType": "Account"
                  },
                  {
                    "fieldMappings": [
                      {
                        "identifier": "Address",
                        "columnName": "IPCustomEntity"
                      }
                    ],
                    "entityType": "IP"
                  }
                ]
              }
            },
            {
              "type": "Microsoft.OperationalInsights/workspaces/providers/metadata",
              "apiVersion": "2022-01-01-preview",
              "name": "[concat(parameters('workspace'),'/Microsoft.SecurityInsights/',concat('AnalyticsRule-', last(split(resourceId('Microsoft.SecurityInsights/AlertRuleTemplates', 'adc32a33-1cd6-46f5-8801-e3ed8337885f'),'/'))))]",
              "properties": {
                "description": "AzureDevOpsAuditing Analytics Rule 15",
                "parentId": "[resourceId('Microsoft.SecurityInsights/AlertRuleTemplates', 'adc32a33-1cd6-46f5-8801-e3ed8337885f')]",
                "contentId": "adc32a33-1cd6-46f5-8801-e3ed8337885f",
                "kind": "AnalyticsRule",
                "version": "1.0.1",
                "source": {
                  "kind": "Solution",
                  "name": "AzureDevOpsAuditing",
                  "sourceId": "azuresentinel.azure-sentinel-solution-azuredevopsauditing"
                },
                "author": {
                  "name": "Microsoft",
                  "email": "support@microsoft.com"
                },
                "support": {
                  "tier": "Microsoft",
                  "email": "support@microsoft.com",
                  "name": "Microsoft Corporation",
                  "link": "https://support.microsoft.com/"
                }
              }
            }
          ]
        }
      }
    }
  ]
}