{
  "$schema": "https://schema.management.azure.com/schemas/2019-04-01/deploymentTemplate.json#",
  "contentVersion": "1.0.1",
  "parameters": {
    "location": {
      "type": "string",
      "minLength": 1,
      "defaultValue": "[resourceGroup().location]",
      "metadata": {
        "description": "Not used, but needed to pass arm-ttk test `Location-Should-Not-Be-Hardcoded`.  We instead use the `workspace-location` which is derived from the LA workspace"
      }
    },
    "workspace": {
      "defaultValue": "",
      "type": "string",
      "metadata": {
        "description": "Workspace name for Log Analytics where Microsoft Sentinel is setup"
      }
    },
    "workspace-location": {
      "type": "string",
      "defaultValue": "",
      "metadata": {
        "description": "[concat('Region to deploy solution resources -- separate from location selection',parameters('location'))]"
      }
    }
  },
  "resources": [
    {
      "type": "Microsoft.OperationalInsights/workspaces/providers/contentTemplates",
      "name": "[concat(parameters('workspace'),'/Microsoft.SecurityInsights/',concat(concat(parameters('workspace'),'-ar-',uniquestring('35ce9aff-1708-45b8-a295-5e9a307f5f17')),'1.0.1'))]",
      "location": "[parameters('workspace-location')]",
      "apiVersion": "2022-08-01",
      "dependsOn": [
        "[extensionResourceId(resourceId('Microsoft.OperationalInsights/workspaces', parameters('workspace')), 'Microsoft.SecurityInsights/contentPackages', 'azuresentinel.azure-sentinel-solution-azuredevopsauditing')]"
      ],
      "properties": {
        "contentId": "35ce9aff-1708-45b8-a295-5e9a307f5f17",
        "displayName": "New PA, PCA, or PCAS added to Azure DevOps",
        "contentKind": "AnalyticsRule",
        "mainTemplate": {
          "resources": [
            {
              "type": "Microsoft.SecurityInsights/AlertRuleTemplates",
              "name": "35ce9aff-1708-45b8-a295-5e9a307f5f17",
              "apiVersion": "2022-04-01-preview",
              "kind": "Scheduled",
              "location": "[parameters('workspace-location')]",
              "properties": {
                "description": "In order for an attacker to be able to conduct many potential attacks against Azure DevOps they will need to gain elevated permissions. \nThis detection looks for users being granted key administrative permissions. If the principal of least privilege is applied, the number of \nusers granted these permissions should be small. Note that permissions can also be granted via Azure AD groups and monitoring of these \nshould also be conducted.",
                "displayName": "New PA, PCA, or PCAS added to Azure DevOps",
                "enabled": false,
                "query": "AzureDevOpsAuditing\n| where OperationName =~ \"Group.UpdateGroupMembership.Add\"\n| where Details has_any (\"Project Administrators\", \"Project Collection Administrators\", \"Project Collection Service Accounts\", \"Build Administrator\")\n| project-reorder TimeGenerated, Details, ActorUPN, IpAddress, UserAgent, AuthenticationMechanism, ScopeDisplayName\n| extend timekey = bin(TimeGenerated, 1h)\n| extend ActorUserId = tostring(Data.MemberId)\n| project timekey, ActorUserId, AddingUser=ActorUPN, TimeAdded=TimeGenerated, PermissionGrantDetails = Details\n// Get details of operations conducted by user soon after elevation of permissions\n| join (AzureDevOpsAuditing\n| extend ActorUserId = tostring(Data.MemberId)\n| extend timekey = bin(TimeGenerated, 1h)) on timekey, ActorUserId\n| summarize ActionsWhenAdded = make_set(OperationName) by ActorUPN, AddingUser, TimeAdded, PermissionGrantDetails, IpAddress, UserAgent\n| extend timestamp = TimeAdded, AccountCustomEntity = ActorUPN, IPCustomEntity = IpAddress\n",
                "queryFrequency": "P1D",
                "queryPeriod": "P1D",
                "severity": "Medium",
                "suppressionDuration": "PT1H",
                "suppressionEnabled": false,
                "triggerOperator": "GreaterThan",
                "triggerThreshold": 0,
                "status": "Available",
                "tactics": [
                  "InitialAccess"
                ],
                "entityMappings": [
                  {
                    "fieldMappings": [
                      {
                        "identifier": "FullName",
                        "columnName": "AccountCustomEntity"
                      }
                    ],
                    "entityType": "Account"
                  },
                  {
                    "fieldMappings": [
                      {
                        "identifier": "FullName",
                        "columnName": "AddingUser"
                      }
                    ],
                    "entityType": "Account"
                  },
                  {
                    "fieldMappings": [
                      {
                        "identifier": "Address",
                        "columnName": "IPCustomEntity"
                      }
                    ],
                    "entityType": "IP"
                  }
                ]
              }
            },
            {
              "type": "Microsoft.OperationalInsights/workspaces/providers/metadata",
              "apiVersion": "2022-01-01-preview",
              "name": "[concat(parameters('workspace'),'/Microsoft.SecurityInsights/',concat('AnalyticsRule-', last(split(resourceId('Microsoft.SecurityInsights/AlertRuleTemplates', '35ce9aff-1708-45b8-a295-5e9a307f5f17'),'/'))))]",
              "properties": {
                "description": "AzureDevOpsAuditing Analytics Rule 17",
                "parentId": "[resourceId('Microsoft.SecurityInsights/AlertRuleTemplates', '35ce9aff-1708-45b8-a295-5e9a307f5f17')]",
                "contentId": "35ce9aff-1708-45b8-a295-5e9a307f5f17",
                "kind": "AnalyticsRule",
                "version": "1.0.1",
                "source": {
                  "kind": "Solution",
                  "name": "AzureDevOpsAuditing",
                  "sourceId": "azuresentinel.azure-sentinel-solution-azuredevopsauditing"
                },
                "author": {
                  "name": "Microsoft",
                  "email": "support@microsoft.com"
                },
                "support": {
                  "tier": "Microsoft",
                  "email": "support@microsoft.com",
                  "name": "Microsoft Corporation",
                  "link": "https://support.microsoft.com/"
                }
              }
            }
          ]
        }
      }
    }
  ]
}