{
  "$schema": "https://schema.management.azure.com/schemas/2019-04-01/deploymentTemplate.json#",
  "contentVersion": "1.0.1",
  "parameters": {
    "location": {
      "type": "string",
      "minLength": 1,
      "defaultValue": "[resourceGroup().location]",
      "metadata": {
        "description": "Not used, but needed to pass arm-ttk test `Location-Should-Not-Be-Hardcoded`.  We instead use the `workspace-location` which is derived from the LA workspace"
      }
    },
    "workspace": {
      "defaultValue": "",
      "type": "string",
      "metadata": {
        "description": "Workspace name for Log Analytics where Microsoft Sentinel is setup"
      }
    },
    "workspace-location": {
      "type": "string",
      "defaultValue": "",
      "metadata": {
        "description": "[concat('Region to deploy solution resources -- separate from location selection',parameters('location'))]"
      }
    }
  },
  "resources": [
    {
      "type": "Microsoft.OperationalInsights/workspaces/providers/contentTemplates",
      "name": "[concat(parameters('workspace'),'/Microsoft.SecurityInsights/',concat(concat(parameters('workspace'),'-ar-',uniquestring('89e6adbd-612c-4fbe-bc3d-32f81baf3b6c')),'1.0.1'))]",
      "location": "[parameters('workspace-location')]",
      "apiVersion": "2022-08-01",
      "dependsOn": [
        "[extensionResourceId(resourceId('Microsoft.OperationalInsights/workspaces', parameters('workspace')), 'Microsoft.SecurityInsights/contentPackages', 'azuresentinel.azure-sentinel-solution-azuredevopsauditing')]"
      ],
      "properties": {
        "contentId": "89e6adbd-612c-4fbe-bc3d-32f81baf3b6c",
        "displayName": "Azure DevOps Administrator Group Monitoring",
        "contentKind": "AnalyticsRule",
        "mainTemplate": {
          "resources": [
            {
              "type": "Microsoft.SecurityInsights/AlertRuleTemplates",
              "name": "89e6adbd-612c-4fbe-bc3d-32f81baf3b6c",
              "apiVersion": "2022-04-01-preview",
              "kind": "Scheduled",
              "location": "[parameters('workspace-location')]",
              "properties": {
                "description": "This detection monitors for additions to projects or project collection administration groups in an Azure DevOps Organization.",
                "displayName": "Azure DevOps Administrator Group Monitoring",
                "enabled": false,
                "query": "\n// Change to true to monitor for Project Administrator adds to *any* project\nlet MonitorAllProjects = false;\n// If MonitorAllProjects is false, trigger only on Project Administrator add for the following projects\nlet ProjectsToMonitor = dynamic(['<project_X>','<project_Y>']);\nAzureDevOpsAuditing\n| where Area == \"Group\" and OperationName == \"Group.UpdateGroupMembership.Add\"\n| where Details has 'Administrators'\n| where Details has \"was added as a member of group\" and (Details endswith '\\\\Project Administrators' or Details endswith '\\\\Project Collection Administrators')\n| parse Details with AddedIdentity ' was added as a member of group [' EntityName ']\\\\' GroupName\n| extend Level = iif(GroupName == 'Project Collection Administrators', 'Organization', 'Project'), AddedIdentityId = Data.MemberId\n| extend Severity = iif(Level == 'Organization', 'High', 'Medium'), AlertDetails = strcat('At ', TimeGenerated, ' UTC ', ActorUPN, '/', ActorDisplayName, ' added ', AddedIdentity, ' to the ', EntityName, ' ', Level)\n| where MonitorAllProjects == true or EntityName in (ProjectsToMonitor) or Level == 'Organization'\n| project TimeGenerated, Severity, Adder = ActorUPN, AddedIdentity, AddedIdentityId, AlertDetails, Level, EntityName, GroupName, ActorAuthType = AuthenticationMechanism, \n  ActorIpAddress = IpAddress, ActorUserAgent = UserAgent, RawDetails = Details\n| extend timestamp = TimeGenerated, AccountCustomEntity = Adder, IPCustomEntity = ActorIpAddress\n",
                "queryFrequency": "PT4H",
                "queryPeriod": "PT4H",
                "severity": "Medium",
                "suppressionDuration": "PT1H",
                "suppressionEnabled": false,
                "triggerOperator": "GreaterThan",
                "triggerThreshold": 0,
                "status": "Available",
                "tactics": [
                  "Persistence"
                ],
                "entityMappings": [
                  {
                    "fieldMappings": [
                      {
                        "identifier": "FullName",
                        "columnName": "AccountCustomEntity"
                      }
                    ],
                    "entityType": "Account"
                  },
                  {
                    "fieldMappings": [
                      {
                        "identifier": "Address",
                        "columnName": "IPCustomEntity"
                      }
                    ],
                    "entityType": "IP"
                  }
                ]
              }
            },
            {
              "type": "Microsoft.OperationalInsights/workspaces/providers/metadata",
              "apiVersion": "2022-01-01-preview",
              "name": "[concat(parameters('workspace'),'/Microsoft.SecurityInsights/',concat('AnalyticsRule-', last(split(resourceId('Microsoft.SecurityInsights/AlertRuleTemplates', '89e6adbd-612c-4fbe-bc3d-32f81baf3b6c'),'/'))))]",
              "properties": {
                "description": "AzureDevOpsAuditing Analytics Rule 9",
                "parentId": "[resourceId('Microsoft.SecurityInsights/AlertRuleTemplates', '89e6adbd-612c-4fbe-bc3d-32f81baf3b6c')]",
                "contentId": "89e6adbd-612c-4fbe-bc3d-32f81baf3b6c",
                "kind": "AnalyticsRule",
                "version": "1.0.1",
                "source": {
                  "kind": "Solution",
                  "name": "AzureDevOpsAuditing",
                  "sourceId": "azuresentinel.azure-sentinel-solution-azuredevopsauditing"
                },
                "author": {
                  "name": "Microsoft",
                  "email": "support@microsoft.com"
                },
                "support": {
                  "tier": "Microsoft",
                  "email": "support@microsoft.com",
                  "name": "Microsoft Corporation",
                  "link": "https://support.microsoft.com/"
                }
              }
            }
          ]
        }
      }
    }
  ]
}