{
  "$schema": "https://schema.management.azure.com/schemas/2019-04-01/deploymentTemplate.json#",
  "contentVersion": "1.0.2",
  "parameters": {
    "location": {
      "type": "string",
      "minLength": 1,
      "defaultValue": "[resourceGroup().location]",
      "metadata": {
        "description": "Not used, but needed to pass arm-ttk test `Location-Should-Not-Be-Hardcoded`.  We instead use the `workspace-location` which is derived from the LA workspace"
      }
    },
    "workspace": {
      "defaultValue": "",
      "type": "string",
      "metadata": {
        "description": "Workspace name for Log Analytics where Microsoft Sentinel is setup"
      }
    },
    "workspace-location": {
      "type": "string",
      "defaultValue": "",
      "metadata": {
        "description": "[concat('Region to deploy solution resources -- separate from location selection',parameters('location'))]"
      }
    }
  },
  "resources": [
    {
      "type": "Microsoft.OperationalInsights/workspaces/providers/contentTemplates",
      "name": "[concat(parameters('workspace'),'/Microsoft.SecurityInsights/',concat(concat(parameters('workspace'),'-ar-',uniquestring('ac891683-53c3-4f86-86b4-c361708e2b2b')),'1.0.2'))]",
      "location": "[parameters('workspace-location')]",
      "apiVersion": "2022-08-01",
      "dependsOn": [
        "[extensionResourceId(resourceId('Microsoft.OperationalInsights/workspaces', parameters('workspace')), 'Microsoft.SecurityInsights/contentPackages', 'azuresentinel.azure-sentinel-solution-azuredevopsauditing')]"
      ],
      "properties": {
        "contentId": "ac891683-53c3-4f86-86b4-c361708e2b2b",
        "displayName": "Azure DevOps Personal Access Token (PAT) misuse",
        "contentKind": "AnalyticsRule",
        "mainTemplate": {
          "resources": [
            {
              "type": "Microsoft.SecurityInsights/AlertRuleTemplates",
              "name": "ac891683-53c3-4f86-86b4-c361708e2b2b",
              "apiVersion": "2022-04-01-preview",
              "kind": "Scheduled",
              "location": "[parameters('workspace-location')]",
              "properties": {
                "description": "This Alert detects whenever a PAT is used in ways that PATs are not normally used. May require an allow list and baselining.\nReference - https://docs.microsoft.com/azure/devops/organizations/accounts/use-personal-access-tokens-to-authenticate?view=azure-devops&tabs=preview-page\nUse this query for baselining:\nAzureDevOpsAuditing\n| distinct OperationName",
                "displayName": "Azure DevOps Personal Access Token (PAT) misuse",
                "enabled": false,
                "query": "\n// Allowlisted UPNs should likely stay empty\nlet AllowlistedUpns = datatable(UPN:string)['foo@bar.com', 'test@foo.com'];\n// Operation Name parts that will alert\nlet HasAnyBlocklist = datatable(OperationNamePart:string)['Security.','Project.','AuditLog.','Extension.'];\n// Distinct Operation Names that will flag\nlet HasExactBlocklist = datatable(OperationName:string)['Group.UpdateGroupMembership.Add','Library.ServiceConnectionExecuted','Pipelines.PipelineModified',\n'Release.ReleasePipelineModified', 'Git.RefUpdatePoliciesBypassed'];\nAzureDevOpsAuditing\n| where AuthenticationMechanism startswith \"PAT\" and (OperationName has_any (HasAnyBlocklist) or OperationName in (HasExactBlocklist))\n  and ActorUPN !in (AllowlistedUpns)\n| project TimeGenerated, AuthenticationMechanism, ProjectName, ActorUPN, ActorDisplayName, IpAddress, UserAgent, OperationName, Details, Data\n| extend timestamp = TimeGenerated, AccountCustomEntity = ActorUPN, IPCustomEntity = IpAddress\n",
                "queryFrequency": "PT1H",
                "queryPeriod": "PT1H",
                "severity": "High",
                "suppressionDuration": "PT1H",
                "suppressionEnabled": false,
                "triggerOperator": "GreaterThan",
                "triggerThreshold": 0,
                "status": "Available",
                "tactics": [
                  "Execution",
                  "Impact"
                ],
                "entityMappings": [
                  {
                    "fieldMappings": [
                      {
                        "identifier": "FullName",
                        "columnName": "AccountCustomEntity"
                      }
                    ],
                    "entityType": "Account"
                  },
                  {
                    "fieldMappings": [
                      {
                        "identifier": "Address",
                        "columnName": "IPCustomEntity"
                      }
                    ],
                    "entityType": "IP"
                  }
                ]
              }
            },
            {
              "type": "Microsoft.OperationalInsights/workspaces/providers/metadata",
              "apiVersion": "2022-01-01-preview",
              "name": "[concat(parameters('workspace'),'/Microsoft.SecurityInsights/',concat('AnalyticsRule-', last(split(resourceId('Microsoft.SecurityInsights/AlertRuleTemplates', 'ac891683-53c3-4f86-86b4-c361708e2b2b'),'/'))))]",
              "properties": {
                "description": "AzureDevOpsAuditing Analytics Rule 12",
                "parentId": "[resourceId('Microsoft.SecurityInsights/AlertRuleTemplates', 'ac891683-53c3-4f86-86b4-c361708e2b2b')]",
                "contentId": "ac891683-53c3-4f86-86b4-c361708e2b2b",
                "kind": "AnalyticsRule",
                "version": "1.0.2",
                "source": {
                  "kind": "Solution",
                  "name": "AzureDevOpsAuditing",
                  "sourceId": "azuresentinel.azure-sentinel-solution-azuredevopsauditing"
                },
                "author": {
                  "name": "Microsoft",
                  "email": "support@microsoft.com"
                },
                "support": {
                  "tier": "Microsoft",
                  "email": "support@microsoft.com",
                  "name": "Microsoft Corporation",
                  "link": "https://support.microsoft.com/"
                }
              }
            }
          ]
        }
      }
    }
  ]
}