{
  "$schema": "https://schema.management.azure.com/schemas/2019-04-01/deploymentTemplate.json#",
  "contentVersion": "1.0.1",
  "parameters": {
    "location": {
      "type": "string",
      "minLength": 1,
      "defaultValue": "[resourceGroup().location]",
      "metadata": {
        "description": "Not used, but needed to pass arm-ttk test `Location-Should-Not-Be-Hardcoded`.  We instead use the `workspace-location` which is derived from the LA workspace"
      }
    },
    "workspace": {
      "defaultValue": "",
      "type": "string",
      "metadata": {
        "description": "Workspace name for Log Analytics where Microsoft Sentinel is setup"
      }
    },
    "workspace-location": {
      "type": "string",
      "defaultValue": "",
      "metadata": {
        "description": "[concat('Region to deploy solution resources -- separate from location selection',parameters('location'))]"
      }
    }
  },
  "resources": [
    {
      "type": "Microsoft.OperationalInsights/workspaces/providers/contentTemplates",
      "name": "[concat(parameters('workspace'),'/Microsoft.SecurityInsights/',concat(concat(parameters('workspace'),'-ar-',uniquestring('4ce177b3-56b1-4f0e-b83e-27eed4cb0b16')),'1.0.1'))]",
      "location": "[parameters('workspace-location')]",
      "apiVersion": "2022-08-01",
      "dependsOn": [
        "[extensionResourceId(resourceId('Microsoft.OperationalInsights/workspaces', parameters('workspace')), 'Microsoft.SecurityInsights/contentPackages', 'azuresentinel.azure-sentinel-solution-azuredevopsauditing')]"
      ],
      "properties": {
        "contentId": "4ce177b3-56b1-4f0e-b83e-27eed4cb0b16",
        "displayName": "New Agent Added to Pool by New User or Added to a New OS Type.",
        "contentKind": "AnalyticsRule",
        "mainTemplate": {
          "resources": [
            {
              "type": "Microsoft.SecurityInsights/AlertRuleTemplates",
              "name": "4ce177b3-56b1-4f0e-b83e-27eed4cb0b16",
              "apiVersion": "2022-04-01-preview",
              "kind": "Scheduled",
              "location": "[parameters('workspace-location')]",
              "properties": {
                "description": "As seen in attacks such as SolarWinds attackers can look to subvert a build process by controlling build servers. Azure DevOps uses agent pools to execute pipeline tasks. \nAn attacker could insert compromised agents that they control into the pools in order to execute malicious code. This query looks for users adding agents to pools they have \nnot added agents to before, or adding agents to a pool of an OS that has not been added to that pool before. This detection has potential for false positives so has a \nconfigurable allow list to allow for certain users to be excluded from the logic.",
                "displayName": "New Agent Added to Pool by New User or Added to a New OS Type.",
                "enabled": false,
                "query": "let lookback = 14d;\nlet timeframe = 1d;\n// exclude allowed users from query such as the ADO service\nlet allowed_users = dynamic([\"Azure DevOps Service\"]);\nunion\n// Look for agents being added to a pool of a OS type not seen with that pool before\n(AzureDevOpsAuditing\n| where TimeGenerated > ago(lookback) and TimeGenerated < ago(timeframe)\n| where OperationName =~ \"Library.AgentAdded\"\n| where ActorUPN !in (allowed_users)\n| extend AgentPoolName = tostring(Data.AgentPoolName)\n| extend OsDescription = tostring(Data.OsDescription)\n| where isnotempty(OsDescription)\n| extend OsDescription = tostring(split(OsDescription, \"#\", 0)[0])\n| project AgentPoolName, OsDescription\n| join kind=rightanti (AzureDevOpsAuditing\n| where TimeGenerated > ago(timeframe)\n| where OperationName == \"Library.AgentAdded\"\n| extend AgentPoolName = tostring(Data.AgentPoolName)\n| extend OsDescription = tostring(Data.OsDescription)\n| where isnotempty(OsDescription)\n| extend OsDescription = tostring(split(OsDescription, \"#\", 0)[0])) on AgentPoolName, OsDescription),\n// Look for users addeing agents to a pool that they have not added agents to before.\n(AzureDevOpsAuditing\n| where TimeGenerated > ago(lookback) and TimeGenerated < ago(timeframe)\n| extend AgentPoolName = tostring(Data.AgentPoolName)\n| where ActorUPN !in (allowed_users)\n| project AgentPoolName, ActorUPN\n| join kind=rightanti (AzureDevOpsAuditing\n| where TimeGenerated > ago(timeframe)\n| where OperationName == \"Library.AgentAdded\"\n| where ActorUPN !in (allowed_users)\n| extend AgentPoolName = tostring(Data.AgentPoolName)\n) on AgentPoolName, ActorUPN)\n| extend AgentName = tostring(Data.AgentName)\n| extend OsDescription = tostring(Data.OsDescription)\n| extend SystemDetails = Data.SystemCapabilities\n| project-reorder TimeGenerated, OperationName, ScopeDisplayName, AgentPoolName, AgentName, ActorUPN, IpAddress, UserAgent, OsDescription, SystemDetails, Data\n| extend timestamp = TimeGenerated, AccountCustomEntity = ActorUPN, IPCustomEntity = IpAddress\n",
                "queryFrequency": "P1D",
                "queryPeriod": "P14D",
                "severity": "Medium",
                "suppressionDuration": "PT1H",
                "suppressionEnabled": false,
                "triggerOperator": "GreaterThan",
                "triggerThreshold": 0,
                "status": "Available",
                "tactics": [
                  "Execution"
                ],
                "entityMappings": [
                  {
                    "fieldMappings": [
                      {
                        "identifier": "FullName",
                        "columnName": "AccountCustomEntity"
                      }
                    ],
                    "entityType": "Account"
                  },
                  {
                    "fieldMappings": [
                      {
                        "identifier": "Address",
                        "columnName": "IPCustomEntity"
                      }
                    ],
                    "entityType": "IP"
                  }
                ]
              }
            },
            {
              "type": "Microsoft.OperationalInsights/workspaces/providers/metadata",
              "apiVersion": "2022-01-01-preview",
              "name": "[concat(parameters('workspace'),'/Microsoft.SecurityInsights/',concat('AnalyticsRule-', last(split(resourceId('Microsoft.SecurityInsights/AlertRuleTemplates', '4ce177b3-56b1-4f0e-b83e-27eed4cb0b16'),'/'))))]",
              "properties": {
                "description": "AzureDevOpsAuditing Analytics Rule 16",
                "parentId": "[resourceId('Microsoft.SecurityInsights/AlertRuleTemplates', '4ce177b3-56b1-4f0e-b83e-27eed4cb0b16')]",
                "contentId": "4ce177b3-56b1-4f0e-b83e-27eed4cb0b16",
                "kind": "AnalyticsRule",
                "version": "1.0.1",
                "source": {
                  "kind": "Solution",
                  "name": "AzureDevOpsAuditing",
                  "sourceId": "azuresentinel.azure-sentinel-solution-azuredevopsauditing"
                },
                "author": {
                  "name": "Microsoft",
                  "email": "support@microsoft.com"
                },
                "support": {
                  "tier": "Microsoft",
                  "email": "support@microsoft.com",
                  "name": "Microsoft Corporation",
                  "link": "https://support.microsoft.com/"
                }
              }
            }
          ]
        }
      }
    }
  ]
}