{
  "$schema": "https://schema.management.azure.com/schemas/2019-04-01/deploymentTemplate.json#",
  "contentVersion": "1.0.0",
  "parameters": {
    "location": {
      "type": "string",
      "minLength": 1,
      "defaultValue": "[resourceGroup().location]",
      "metadata": {
        "description": "Not used, but needed to pass arm-ttk test `Location-Should-Not-Be-Hardcoded`.  We instead use the `workspace-location` which is derived from the LA workspace"
      }
    },
    "workspace": {
      "defaultValue": "",
      "type": "string",
      "metadata": {
        "description": "Workspace name for Log Analytics where Microsoft Sentinel is setup"
      }
    },
    "workspace-location": {
      "type": "string",
      "defaultValue": "",
      "metadata": {
        "description": "[concat('Region to deploy solution resources -- separate from location selection',parameters('location'))]"
      }
    }
  },
  "resources": [
    {
      "type": "Microsoft.OperationalInsights/workspaces/providers/contentTemplates",
      "name": "[concat(parameters('workspace'),'/Microsoft.SecurityInsights/',concat(concat(parameters('workspace'),'-hq-',uniquestring('3d1aa540-b4c7-4789-8c4c-4174b3c2371f')),'1.0.0'))]",
      "location": "[parameters('workspace-location')]",
      "apiVersion": "2022-08-01",
      "dependsOn": [
        "[extensionResourceId(resourceId('Microsoft.OperationalInsights/workspaces', parameters('workspace')), 'Microsoft.SecurityInsights/contentPackages', 'azuresentinel.azure-sentinel-solution-azuredevopsauditing')]"
      ],
      "properties": {
        "contentId": "3d1aa540-b4c7-4789-8c4c-4174b3c2371f",
        "displayName": "",
        "contentKind": "HuntingQuery",
        "mainTemplate": {
          "resources": [
            {
              "type": "Microsoft.OperationalInsights/savedSearches",
              "apiVersion": "2020-08-01",
              "name": "AzureDevOpsAuditing_Hunting_Query_7",
              "location": "[parameters('workspace-location')]",
              "properties": {
                "eTag": "*",
                "displayName": "Azure DevOps - New Package Feed Created",
                "category": "Hunting Queries",
                "query": "let alert_threshold = 0;\nAzureDevOpsAuditing\n| where OperationName matches regex \"Artifacts.Feed.(Org|Project).Create\"\n| extend FeedName = tostring(Data.FeedName)\n| extend FeedId = tostring(Data.FeedId)\n| join kind = leftouter (\nSecurityAlert\n| where ProviderName == \"IPC\"\n| extend AadUserId = tostring(parse_json(Entities)[0].AadUserId)\n| summarize Alerts=count() by AadUserId) on $left.ActorUserId == $right.AadUserId\n| extend Alerts = iif(isempty(Alerts), 0, Alerts)\n| project-reorder TimeGenerated, Details, ActorUPN, IpAddress, UserAgent\n| extend timestamp = TimeGenerated, AccountCustomEntity = ActorUPN, IPCustomEntity = IpAddress\n",
                "version": 2,
                "tags": [
                  {
                    "name": "description",
                    "value": "An attacker could look to introduce upstream compromised software packages by creating a new package feed within Azure DevOps. This query looks for new Feeds and includes details on any Azure AD Identity Protection alerts related to the user account creating the feed to assist in triage."
                  },
                  {
                    "name": "tactics",
                    "value": "InitialAccess"
                  },
                  {
                    "name": "techniques",
                    "value": "T1195"
                  }
                ]
              }
            },
            {
              "type": "Microsoft.OperationalInsights/workspaces/providers/metadata",
              "apiVersion": "2022-01-01-preview",
              "name": "[concat(parameters('workspace'),'/Microsoft.SecurityInsights/',concat('HuntingQuery-', last(split(resourceId('Microsoft.OperationalInsights/savedSearches', '3d1aa540-b4c7-4789-8c4c-4174b3c2371f'),'/'))))]",
              "properties": {
                "description": "AzureDevOpsAuditing Hunting Query 7",
                "parentId": "[resourceId('Microsoft.OperationalInsights/savedSearches', '3d1aa540-b4c7-4789-8c4c-4174b3c2371f')]",
                "contentId": "3d1aa540-b4c7-4789-8c4c-4174b3c2371f",
                "kind": "HuntingQuery",
                "version": "1.0.0",
                "source": {
                  "kind": "Solution",
                  "name": "AzureDevOpsAuditing",
                  "sourceId": "azuresentinel.azure-sentinel-solution-azuredevopsauditing"
                },
                "author": {
                  "name": "Microsoft",
                  "email": "support@microsoft.com"
                },
                "support": {
                  "tier": "Microsoft",
                  "email": "support@microsoft.com",
                  "name": "Microsoft Corporation",
                  "link": "https://support.microsoft.com/"
                }
              }
            }
          ]
        }
      }
    }
  ]
}