{
  "$schema": "https://schema.management.azure.com/schemas/2019-04-01/deploymentTemplate.json#",
  "contentVersion": "1.0.0",
  "parameters": {
    "location": {
      "type": "string",
      "minLength": 1,
      "defaultValue": "[resourceGroup().location]",
      "metadata": {
        "description": "Not used, but needed to pass arm-ttk test `Location-Should-Not-Be-Hardcoded`.  We instead use the `workspace-location` which is derived from the LA workspace"
      }
    },
    "workspace": {
      "defaultValue": "",
      "type": "string",
      "metadata": {
        "description": "Workspace name for Log Analytics where Microsoft Sentinel is setup"
      }
    },
    "workspace-location": {
      "type": "string",
      "defaultValue": "",
      "metadata": {
        "description": "[concat('Region to deploy solution resources -- separate from location selection',parameters('location'))]"
      }
    }
  },
  "resources": [
    {
      "type": "Microsoft.OperationalInsights/workspaces/providers/contentTemplates",
      "name": "[concat(parameters('workspace'),'/Microsoft.SecurityInsights/',concat(concat(parameters('workspace'),'-hq-',uniquestring('940386c3-4b2c-4147-ac8e-dcddedaaae52')),'1.0.0'))]",
      "location": "[parameters('workspace-location')]",
      "apiVersion": "2022-08-01",
      "dependsOn": [
        "[extensionResourceId(resourceId('Microsoft.OperationalInsights/workspaces', parameters('workspace')), 'Microsoft.SecurityInsights/contentPackages', 'azuresentinel.azure-sentinel-solution-azuredevopsauditing')]"
      ],
      "properties": {
        "contentId": "940386c3-4b2c-4147-ac8e-dcddedaaae52",
        "displayName": "",
        "contentKind": "HuntingQuery",
        "mainTemplate": {
          "resources": [
            {
              "type": "Microsoft.OperationalInsights/savedSearches",
              "apiVersion": "2020-08-01",
              "name": "AzureDevOpsAuditing_Hunting_Query_3",
              "location": "[parameters('workspace-location')]",
              "properties": {
                "eTag": "*",
                "displayName": "Azure DevOps - Build Check Deleted.",
                "category": "Hunting Queries",
                "query": "AzureDevOpsAuditing\n  | where OperationName =~ \"CheckConfiguration.Deleted\"\n  | extend ResourceName = tostring(Data.ResourceName)\n  | extend Type = tostring(Data.Type)\n  | project-reorder TimeGenerated, OperationName, ResourceName, Type, ActorUPN, IpAddress, UserAgent\n  | extend timestamp = TimeGenerated, AccountCustomEntity = ActorUPN, IPCustomEntity = IpAddress\n",
                "version": 2,
                "tags": [
                  {
                    "name": "description",
                    "value": "Build checks can be built into a pipeline in order control the release process, these can include things such as the successful passing of certain steps, or an explicit user approval. An attacker who has altered a build process may look to remove a check in order to ensure a compromised build is released. This hunting query simply looks for all check removal events,  these should be relatively uncommon. In the output Type shows the type of Check that was deleted. "
                  },
                  {
                    "name": "tactics",
                    "value": "DefenseEvasion"
                  },
                  {
                    "name": "techniques",
                    "value": "T1578"
                  }
                ]
              }
            },
            {
              "type": "Microsoft.OperationalInsights/workspaces/providers/metadata",
              "apiVersion": "2022-01-01-preview",
              "name": "[concat(parameters('workspace'),'/Microsoft.SecurityInsights/',concat('HuntingQuery-', last(split(resourceId('Microsoft.OperationalInsights/savedSearches', '940386c3-4b2c-4147-ac8e-dcddedaaae52'),'/'))))]",
              "properties": {
                "description": "AzureDevOpsAuditing Hunting Query 3",
                "parentId": "[resourceId('Microsoft.OperationalInsights/savedSearches', '940386c3-4b2c-4147-ac8e-dcddedaaae52')]",
                "contentId": "940386c3-4b2c-4147-ac8e-dcddedaaae52",
                "kind": "HuntingQuery",
                "version": "1.0.0",
                "source": {
                  "kind": "Solution",
                  "name": "AzureDevOpsAuditing",
                  "sourceId": "azuresentinel.azure-sentinel-solution-azuredevopsauditing"
                },
                "author": {
                  "name": "Microsoft",
                  "email": "support@microsoft.com"
                },
                "support": {
                  "tier": "Microsoft",
                  "email": "support@microsoft.com",
                  "name": "Microsoft Corporation",
                  "link": "https://support.microsoft.com/"
                }
              }
            }
          ]
        }
      }
    }
  ]
}