{
  "$schema": "https://schema.management.azure.com/schemas/2019-04-01/deploymentTemplate.json#",
  "contentVersion": "1.0.0",
  "parameters": {
    "location": {
      "type": "string",
      "minLength": 1,
      "defaultValue": "[resourceGroup().location]",
      "metadata": {
        "description": "Not used, but needed to pass arm-ttk test `Location-Should-Not-Be-Hardcoded`.  We instead use the `workspace-location` which is derived from the LA workspace"
      }
    },
    "workspace": {
      "defaultValue": "",
      "type": "string",
      "metadata": {
        "description": "Workspace name for Log Analytics where Microsoft Sentinel is setup"
      }
    },
    "workspace-location": {
      "type": "string",
      "defaultValue": "",
      "metadata": {
        "description": "[concat('Region to deploy solution resources -- separate from location selection',parameters('location'))]"
      }
    }
  },
  "resources": [
    {
      "type": "Microsoft.OperationalInsights/workspaces/providers/contentTemplates",
      "name": "[concat(parameters('workspace'),'/Microsoft.SecurityInsights/',concat(concat(parameters('workspace'),'-hq-',uniquestring('20be967c-4923-4c4b-8e1d-e1c95d537dc3')),'1.0.0'))]",
      "location": "[parameters('workspace-location')]",
      "apiVersion": "2022-08-01",
      "dependsOn": [
        "[extensionResourceId(resourceId('Microsoft.OperationalInsights/workspaces', parameters('workspace')), 'Microsoft.SecurityInsights/contentPackages', 'azuresentinel.azure-sentinel-solution-azuredevopsauditing')]"
      ],
      "properties": {
        "contentId": "20be967c-4923-4c4b-8e1d-e1c95d537dc3",
        "displayName": "",
        "contentKind": "HuntingQuery",
        "mainTemplate": {
          "resources": [
            {
              "type": "Microsoft.OperationalInsights/savedSearches",
              "apiVersion": "2020-08-01",
              "name": "AzureDevOpsAuditing_Hunting_Query_5",
              "location": "[parameters('workspace-location')]",
              "properties": {
                "eTag": "*",
                "displayName": "Azure DevOps - Internal Upstream Package Feed Added.",
                "category": "Hunting Queries",
                "query": "let starttime = todatetime('{{StartTimeISO}}');\nlet endtime = todatetime('{{EndTimeISO}}');\nlet lookback = totimespan((endtime-starttime)*10);\n// Add any known allowed sources and source locations to the filter below.\nlet allowed_sources = dynamic([]);\nlet allowed_locations = dynamic([]);\nlet known_packages = (\nAzureDevOpsAuditing\n| where TimeGenerated > ago(lookback) and TimeGenerated < starttime\n// Look for feeds created or modified at either the organization or project level\n| where OperationName matches regex \"Artifacts.Feed.(Org|Project).Modify\"\n| where Details has \"UpstreamSources, added\"\n| extend UpstreamsAdded = Data.UpstreamsAdded\n// As multiple feeds may be added expand these out\n| mv-expand UpstreamsAdded\n// Only focus on internal feeds\n| where UpstreamsAdded.UpstreamSourceType =~ \"internal\"\n| extend SourceLocation = tostring(UpstreamsAdded.Location)\n| summarize by SourceLocation);\n// Look for internal feeds being added from a new location\nAzureDevOpsAuditing\n| where TimeGenerated between(starttime..endtime)\n| where OperationName matches regex \"Artifacts.Feed.(Org|Project).Modify\"\n| where Details has \"UpstreamSources, added\"\n| extend FeedName = tostring(Data.FeedName)\n| extend FeedId = tostring(Data.FeedId)\n| extend UpstreamsAdded = Data.UpstreamsAdded\n// As multiple feeds may be added expand these out\n| mv-expand UpstreamsAdded\n// Only focus on internal feeds\n| where UpstreamsAdded.UpstreamSourceType =~ \"internal\"\n| extend SourceLocation = tostring(UpstreamsAdded.Location)\n| extend SourceName = tostring(UpstreamsAdded.Name)\n// Exclude sources and locations in the allow list\n| where SourceLocation !in (known_packages)\n| where SourceLocation !in (allowed_locations) and SourceName !in (allowed_sources)\n| extend SourceProtocol = tostring(UpstreamsAdded.Protocol)\n| extend SourceStatus = tostring(UpstreamsAdded.Status)\n| project-reorder TimeGenerated, OperationName, ScopeDisplayName, ProjectName, FeedName, SourceName, SourceLocation, SourceProtocol, ActorUPN, UserAgent, IpAddress\n// See if there are details of who created this feed and when to add context\n| join kind=leftouter (AzureDevOpsAuditing\n| where TimeGenerated > ago(lookback)\n| where OperationName matches regex \"Artifacts.Feed.(Org|Project).Create\"\n| extend FeedId = tostring(Data.FeedId)\n| project FeedId, FeedCreatedBy=ActorUPN, TimeCreated=TimeGenerated) on FeedId, $left.ActorUPN==$right.FeedCreatedBy\n| extend timestamp = TimeGenerated, AccountCustomEntity = ActorUPN, IPCustomEntity = IpAddress\n",
                "version": 2,
                "tags": [
                  {
                    "name": "description",
                    "value": "An attacker aiming to insert malicious code into a build process could look to introduce compromised upstream packages into the build process. Looking at internal packages can have a significant false positive rate compared to looking at external feeds so running this as a hunting query at least initially is advised. If an environment has low number of events it can be upgraded to a detection."
                  },
                  {
                    "name": "tactics",
                    "value": "InitialAccess"
                  },
                  {
                    "name": "techniques",
                    "value": "T1195"
                  }
                ]
              }
            },
            {
              "type": "Microsoft.OperationalInsights/workspaces/providers/metadata",
              "apiVersion": "2022-01-01-preview",
              "name": "[concat(parameters('workspace'),'/Microsoft.SecurityInsights/',concat('HuntingQuery-', last(split(resourceId('Microsoft.OperationalInsights/savedSearches', '20be967c-4923-4c4b-8e1d-e1c95d537dc3'),'/'))))]",
              "properties": {
                "description": "AzureDevOpsAuditing Hunting Query 5",
                "parentId": "[resourceId('Microsoft.OperationalInsights/savedSearches', '20be967c-4923-4c4b-8e1d-e1c95d537dc3')]",
                "contentId": "20be967c-4923-4c4b-8e1d-e1c95d537dc3",
                "kind": "HuntingQuery",
                "version": "1.0.0",
                "source": {
                  "kind": "Solution",
                  "name": "AzureDevOpsAuditing",
                  "sourceId": "azuresentinel.azure-sentinel-solution-azuredevopsauditing"
                },
                "author": {
                  "name": "Microsoft",
                  "email": "support@microsoft.com"
                },
                "support": {
                  "tier": "Microsoft",
                  "email": "support@microsoft.com",
                  "name": "Microsoft Corporation",
                  "link": "https://support.microsoft.com/"
                }
              }
            }
          ]
        }
      }
    }
  ]
}