{
  "$schema": "https://schema.management.azure.com/schemas/2019-04-01/deploymentTemplate.json#",
  "contentVersion": "1.0.0",
  "parameters": {
    "location": {
      "type": "string",
      "minLength": 1,
      "defaultValue": "[resourceGroup().location]",
      "metadata": {
        "description": "Not used, but needed to pass arm-ttk test `Location-Should-Not-Be-Hardcoded`.  We instead use the `workspace-location` which is derived from the LA workspace"
      }
    },
    "workspace": {
      "defaultValue": "",
      "type": "string",
      "metadata": {
        "description": "Workspace name for Log Analytics where Microsoft Sentinel is setup"
      }
    },
    "workspace-location": {
      "type": "string",
      "defaultValue": "",
      "metadata": {
        "description": "[concat('Region to deploy solution resources -- separate from location selection',parameters('location'))]"
      }
    }
  },
  "resources": [
    {
      "type": "Microsoft.OperationalInsights/workspaces/providers/contentTemplates",
      "name": "[concat(parameters('workspace'),'/Microsoft.SecurityInsights/',concat(concat(parameters('workspace'),'-hq-',uniquestring('47857f1f-f8e6-470d-b132-03a8a606b3f4')),'1.0.0'))]",
      "location": "[parameters('workspace-location')]",
      "apiVersion": "2022-08-01",
      "dependsOn": [
        "[extensionResourceId(resourceId('Microsoft.OperationalInsights/workspaces', parameters('workspace')), 'Microsoft.SecurityInsights/contentPackages', 'azuresentinel.azure-sentinel-solution-azuredevopsauditing')]"
      ],
      "properties": {
        "contentId": "47857f1f-f8e6-470d-b132-03a8a606b3f4",
        "displayName": "",
        "contentKind": "HuntingQuery",
        "mainTemplate": {
          "resources": [
            {
              "type": "Microsoft.OperationalInsights/savedSearches",
              "apiVersion": "2020-08-01",
              "name": "AzureDevOpsAuditing_Hunting_Query_4",
              "location": "[parameters('workspace-location')]",
              "properties": {
                "eTag": "*",
                "displayName": "Azure DevOps - Build Deleted After Pipeline Modification",
                "category": "Hunting Queries",
                "query": "AzureDevOpsAuditing\n| where OperationName =~ \"Release.ReleaseDeleted\"\n| extend PipelineId = tostring(Data.PipelineId)\n| extend PipelineName = tostring(Data.PipelineName)\n| extend timekey = bin(TimeGenerated, 1h)\n| join (AzureDevOpsAuditing\n| where OperationName =~ 'Release.ReleasePipelineModified'\n| extend PipelineId = tostring(Data.PipelineId)\n| extend PipelineName = tostring(Data.PipelineName)\n| extend timekey = bin(TimeGenerated, 1h)) on timekey, PipelineId, ActorUPN\n| where TimeGenerated1 < TimeGenerated\n| extend ReleaseName = tostring(Data.ReleaseName)\n| project-rename TimeModified = TimeGenerated1, TimeDeleted = TimeGenerated, ModifyOperation = OperationName1, ModifyUser=ActorUPN1, ModifyIP=IpAddress1, ModifyUA= UserAgent1, DeleteOperation=OperationName, DeleteUser=ActorUPN, DeleteIP=IpAddress, DeleteUA=UserAgent\n| project-reorder TimeModified, ProjectName, PipelineName, ModifyUser, ModifyIP, ModifyUA, TimeDeleted, DeleteOperation, DeleteUser, DeleteIP, DeleteUA,ReleaseName\n| extend timestamp = TimeDeleted, AccountCustomEntity = DeleteUser, IPCustomEntity = DeleteIP\n",
                "version": 2,
                "tags": [
                  {
                    "name": "description",
                    "value": "An attacker altering pipelines may look to delete builds to reduce the footprint they leave on a system. This query looks for a build for a pipline being deleted within 1 hour of a pipeline being modified. This event may produce false positives but should not be so common that it can't be effectively used as part of hunting."
                  },
                  {
                    "name": "tactics",
                    "value": "Persistence"
                  },
                  {
                    "name": "techniques",
                    "value": "T1053"
                  }
                ]
              }
            },
            {
              "type": "Microsoft.OperationalInsights/workspaces/providers/metadata",
              "apiVersion": "2022-01-01-preview",
              "name": "[concat(parameters('workspace'),'/Microsoft.SecurityInsights/',concat('HuntingQuery-', last(split(resourceId('Microsoft.OperationalInsights/savedSearches', '47857f1f-f8e6-470d-b132-03a8a606b3f4'),'/'))))]",
              "properties": {
                "description": "AzureDevOpsAuditing Hunting Query 4",
                "parentId": "[resourceId('Microsoft.OperationalInsights/savedSearches', '47857f1f-f8e6-470d-b132-03a8a606b3f4')]",
                "contentId": "47857f1f-f8e6-470d-b132-03a8a606b3f4",
                "kind": "HuntingQuery",
                "version": "1.0.0",
                "source": {
                  "kind": "Solution",
                  "name": "AzureDevOpsAuditing",
                  "sourceId": "azuresentinel.azure-sentinel-solution-azuredevopsauditing"
                },
                "author": {
                  "name": "Microsoft",
                  "email": "support@microsoft.com"
                },
                "support": {
                  "tier": "Microsoft",
                  "email": "support@microsoft.com",
                  "name": "Microsoft Corporation",
                  "link": "https://support.microsoft.com/"
                }
              }
            }
          ]
        }
      }
    }
  ]
}