{
  "$schema": "https://schema.management.azure.com/schemas/2019-04-01/deploymentTemplate.json#",
  "contentVersion": "1.0.0",
  "parameters": {
    "location": {
      "type": "string",
      "minLength": 1,
      "defaultValue": "[resourceGroup().location]",
      "metadata": {
        "description": "Not used, but needed to pass arm-ttk test `Location-Should-Not-Be-Hardcoded`.  We instead use the `workspace-location` which is derived from the LA workspace"
      }
    },
    "workspace": {
      "defaultValue": "",
      "type": "string",
      "metadata": {
        "description": "Workspace name for Log Analytics where Microsoft Sentinel is setup"
      }
    },
    "workspace-location": {
      "type": "string",
      "defaultValue": "",
      "metadata": {
        "description": "[concat('Region to deploy solution resources -- separate from location selection',parameters('location'))]"
      }
    }
  },
  "resources": [
    {
      "type": "Microsoft.OperationalInsights/workspaces/providers/contentTemplates",
      "name": "[concat(parameters('workspace'),'/Microsoft.SecurityInsights/',concat(concat(parameters('workspace'),'-hq-',uniquestring('0fa523de-ce23-49d0-87a4-e890028e1e50')),'1.0.0'))]",
      "location": "[parameters('workspace-location')]",
      "apiVersion": "2022-08-01",
      "dependsOn": [
        "[extensionResourceId(resourceId('Microsoft.OperationalInsights/workspaces', parameters('workspace')), 'Microsoft.SecurityInsights/contentPackages', 'azuresentinel.azure-sentinel-solution-azuredevopsauditing')]"
      ],
      "properties": {
        "contentId": "0fa523de-ce23-49d0-87a4-e890028e1e50",
        "displayName": "",
        "contentKind": "HuntingQuery",
        "mainTemplate": {
          "resources": [
            {
              "type": "Microsoft.OperationalInsights/savedSearches",
              "apiVersion": "2020-08-01",
              "name": "AzureDevOpsAuditing_Hunting_Query_11",
              "location": "[parameters('workspace-location')]",
              "properties": {
                "eTag": "*",
                "displayName": "Azure DevOps - Variable Created and Deleted",
                "category": "Hunting Queries",
                "query": "AzureDevOpsAuditing\n| where OperationName =~ \"Library.VariableGroupModified\"\n| extend variables = Data.Variables\n| extend VariableGroupName = tostring(Data.VariableGroupName)\n| join (AzureDevOpsAuditing\n| where OperationName =~ \"Library.VariableGroupModified\"\n| extend variables = Data.Variables\n| extend VariableGroupName = tostring(Data.VariableGroupName)) on VariableGroupName\n| extend len = array_length(bag_keys(variables))\n| extend len1 = array_length(bag_keys(variables1))\n| where (TimeGenerated < TimeGenerated1 and len > len1) or (TimeGenerated1 > TimeGenerated and len1 < len)\n| project-away len, len1\n| extend VariablesRemoved = set_difference(bag_keys(variables), bag_keys(variables1)) \n| project-rename TimeCreated=TimeGenerated, TimeDeleted = TimeGenerated1, CreatingUser = ActorUPN, DeletingUser = ActorUPN1, CreatingIP = IpAddress, DeletingIP = IpAddress1, CreatingUA = UserAgent, DeletingUA = UserAgent1\n| project-reorder VariableGroupName, TimeCreated, TimeDeleted, VariablesRemoved, CreatingUser, CreatingIP, CreatingUA, DeletingUser, DeletingIP, DeletingUA\n| extend timestamp = TimeDeleted, AccountCustomEntity = DeletingUser, IPCustomEntity = DeletingIP\n",
                "version": 2,
                "tags": [
                  {
                    "name": "description",
                    "value": "Variables can be used at various stages of a pipeline to inject static variables. Depending on the build process these variables could be added by an attacker to get a build process to conduct an unwanted action such as communicating with an attacker-controlled endpoint or injecting values into code. This query looks for variables that are added and then deleted in a short space of time. This is not normal expected behavior and could ben an indicator of attacker creating elements and then covering tracks. If this hunting query produces only a small number of events in an environment it could be promoted to a detection."
                  },
                  {
                    "name": "tactics",
                    "value": "DefenseEvasion"
                  },
                  {
                    "name": "techniques",
                    "value": "T1578"
                  }
                ]
              }
            },
            {
              "type": "Microsoft.OperationalInsights/workspaces/providers/metadata",
              "apiVersion": "2022-01-01-preview",
              "name": "[concat(parameters('workspace'),'/Microsoft.SecurityInsights/',concat('HuntingQuery-', last(split(resourceId('Microsoft.OperationalInsights/savedSearches', '0fa523de-ce23-49d0-87a4-e890028e1e50'),'/'))))]",
              "properties": {
                "description": "AzureDevOpsAuditing Hunting Query 11",
                "parentId": "[resourceId('Microsoft.OperationalInsights/savedSearches', '0fa523de-ce23-49d0-87a4-e890028e1e50')]",
                "contentId": "0fa523de-ce23-49d0-87a4-e890028e1e50",
                "kind": "HuntingQuery",
                "version": "1.0.0",
                "source": {
                  "kind": "Solution",
                  "name": "AzureDevOpsAuditing",
                  "sourceId": "azuresentinel.azure-sentinel-solution-azuredevopsauditing"
                },
                "author": {
                  "name": "Microsoft",
                  "email": "support@microsoft.com"
                },
                "support": {
                  "tier": "Microsoft",
                  "email": "support@microsoft.com",
                  "name": "Microsoft Corporation",
                  "link": "https://support.microsoft.com/"
                }
              }
            }
          ]
        }
      }
    }
  ]
}