{
  "$schema": "https://schema.management.azure.com/schemas/2019-04-01/deploymentTemplate.json#",
  "contentVersion": "1.0.0",
  "parameters": {
    "location": {
      "type": "string",
      "minLength": 1,
      "defaultValue": "[resourceGroup().location]",
      "metadata": {
        "description": "Not used, but needed to pass arm-ttk test `Location-Should-Not-Be-Hardcoded`.  We instead use the `workspace-location` which is derived from the LA workspace"
      }
    },
    "workspace": {
      "defaultValue": "",
      "type": "string",
      "metadata": {
        "description": "Workspace name for Log Analytics where Microsoft Sentinel is setup"
      }
    },
    "workspace-location": {
      "type": "string",
      "defaultValue": "",
      "metadata": {
        "description": "[concat('Region to deploy solution resources -- separate from location selection',parameters('location'))]"
      }
    }
  },
  "resources": [
    {
      "type": "Microsoft.OperationalInsights/workspaces/providers/contentTemplates",
      "name": "[concat(parameters('workspace'),'/Microsoft.SecurityInsights/',concat(concat(parameters('workspace'),'-hq-',uniquestring('df205daf-fcf3-4b95-a7fd-043b70f6c209')),'1.0.0'))]",
      "location": "[parameters('workspace-location')]",
      "apiVersion": "2022-08-01",
      "dependsOn": [
        "[extensionResourceId(resourceId('Microsoft.OperationalInsights/workspaces', parameters('workspace')), 'Microsoft.SecurityInsights/contentPackages', 'azuresentinel.azure-sentinel-solution-azuredevopsauditing')]"
      ],
      "properties": {
        "contentId": "df205daf-fcf3-4b95-a7fd-043b70f6c209",
        "displayName": "",
        "contentKind": "HuntingQuery",
        "mainTemplate": {
          "resources": [
            {
              "type": "Microsoft.OperationalInsights/savedSearches",
              "apiVersion": "2020-08-01",
              "name": "AzureDevOpsAuditing_Hunting_Query_13",
              "location": "[parameters('workspace-location')]",
              "properties": {
                "eTag": "*",
                "displayName": "Azure DevOps Pull Request Policy Bypassing",
                "category": "Hunting Queries",
                "query": "\nAzureDevOpsAuditing\n| where OperationName == 'Git.RefUpdatePoliciesBypassed'\n| extend timestamp = TimeGenerated, AccountCustomEntity = ActorUPN, IPCustomEntity = IpAddress\n",
                "version": 2,
                "tags": [
                  {
                    "name": "description",
                    "value": "Looks for users bypassing Update Policies in repos"
                  },
                  {
                    "name": "tactics",
                    "value": "Execution"
                  },
                  {
                    "name": "techniques",
                    "value": "T1098"
                  }
                ]
              }
            },
            {
              "type": "Microsoft.OperationalInsights/workspaces/providers/metadata",
              "apiVersion": "2022-01-01-preview",
              "name": "[concat(parameters('workspace'),'/Microsoft.SecurityInsights/',concat('HuntingQuery-', last(split(resourceId('Microsoft.OperationalInsights/savedSearches', 'df205daf-fcf3-4b95-a7fd-043b70f6c209'),'/'))))]",
              "properties": {
                "description": "AzureDevOpsAuditing Hunting Query 13",
                "parentId": "[resourceId('Microsoft.OperationalInsights/savedSearches', 'df205daf-fcf3-4b95-a7fd-043b70f6c209')]",
                "contentId": "df205daf-fcf3-4b95-a7fd-043b70f6c209",
                "kind": "HuntingQuery",
                "version": "1.0.0",
                "source": {
                  "kind": "Solution",
                  "name": "AzureDevOpsAuditing",
                  "sourceId": "azuresentinel.azure-sentinel-solution-azuredevopsauditing"
                },
                "author": {
                  "name": "Microsoft",
                  "email": "support@microsoft.com"
                },
                "support": {
                  "tier": "Microsoft",
                  "email": "support@microsoft.com",
                  "name": "Microsoft Corporation",
                  "link": "https://support.microsoft.com/"
                }
              }
            }
          ]
        }
      }
    }
  ]
}