{
  "$schema": "https://schema.management.azure.com/schemas/2019-04-01/deploymentTemplate.json#",
  "contentVersion": "1.0.0",
  "parameters": {
    "location": {
      "type": "string",
      "minLength": 1,
      "defaultValue": "[resourceGroup().location]",
      "metadata": {
        "description": "Not used, but needed to pass arm-ttk test `Location-Should-Not-Be-Hardcoded`.  We instead use the `workspace-location` which is derived from the LA workspace"
      }
    },
    "workspace": {
      "defaultValue": "",
      "type": "string",
      "metadata": {
        "description": "Workspace name for Log Analytics where Microsoft Sentinel is setup"
      }
    },
    "workspace-location": {
      "type": "string",
      "defaultValue": "",
      "metadata": {
        "description": "[concat('Region to deploy solution resources -- separate from location selection',parameters('location'))]"
      }
    }
  },
  "resources": [
    {
      "type": "Microsoft.OperationalInsights/workspaces/providers/contentTemplates",
      "name": "[concat(parameters('workspace'),'/Microsoft.SecurityInsights/',concat(concat(parameters('workspace'),'-hq-',uniquestring('0c149cc9-78ba-4be1-9f7b-018288e3a829')),'1.0.0'))]",
      "location": "[parameters('workspace-location')]",
      "apiVersion": "2022-08-01",
      "dependsOn": [
        "[extensionResourceId(resourceId('Microsoft.OperationalInsights/workspaces', parameters('workspace')), 'Microsoft.SecurityInsights/contentPackages', 'azuresentinel.azure-sentinel-solution-azuredevopsauditing')]"
      ],
      "properties": {
        "contentId": "0c149cc9-78ba-4be1-9f7b-018288e3a829",
        "displayName": "",
        "contentKind": "HuntingQuery",
        "mainTemplate": {
          "resources": [
            {
              "type": "Microsoft.OperationalInsights/savedSearches",
              "apiVersion": "2020-08-01",
              "name": "AzureDevOpsAuditing_Hunting_Query_9",
              "location": "[parameters('workspace-location')]",
              "properties": {
                "eTag": "*",
                "displayName": "Azure DevOps - New Release Approver",
                "category": "Hunting Queries",
                "query": "let starttime = todatetime('{{StartTimeISO}}');\nlet endtime = todatetime('{{EndTimeISO}}');\nlet lookback = 30d;\nAzureDevOpsAuditing\n| where TimeGenerated > ago(lookback) and TimeGenerated < starttime\n| where OperationName in (\"Release.ApprovalCompleted\", \"Release.ApprovalsCompleted\")\n| extend PipelineName = tostring(Data.PipelineName)\n| extend ApprovalType = tostring(Data.ApprovalType)\n| extend StageName = tostring(Data.StageName)\n| extend ReleaseName = tostring(Data.ReleaseName)\n| summarize by PipelineName, ActorUPN, ApprovalType\n| join kind=rightanti (\nAzureDevOpsAuditing\n| where TimeGenerated between(starttime..endtime)\n| where OperationName in (\"Release.ApprovalCompleted\", \"Release.ApprovalsCompleted\")\n| extend PipelineName = tostring(Data.PipelineName)\n| extend ApprovalType = tostring(Data.ApprovalType)\n| extend StageName = tostring(Data.StageName)\n| extend ReleaseName = tostring(Data.ReleaseName)) on ActorUPN\n| project-reorder TimeGenerated, PipelineName, ActorUPN, ApprovalType, StageName, ReleaseName, IpAddress, UserAgent, AuthenticationMechanism\n| extend timestamp = TimeGenerated, AccountCustomEntity = ActorUPN, IPCustomEntity = IpAddress\n",
                "version": 2,
                "tags": [
                  {
                    "name": "description",
                    "value": "Releases in Azure Pipelines often require a user authorization to perform the release. An attacker that has compromised a build may look to self-approve a release using a compromised account to avoid user focus on that release. This query looks for release approvers in pipelines where they have not approved a release in the last 30 days. This query can have a significant false positive rate so its best suited as a hunting query rather than a detection."
                  },
                  {
                    "name": "tactics",
                    "value": "DefenseEvasion"
                  },
                  {
                    "name": "techniques",
                    "value": "T1078"
                  }
                ]
              }
            },
            {
              "type": "Microsoft.OperationalInsights/workspaces/providers/metadata",
              "apiVersion": "2022-01-01-preview",
              "name": "[concat(parameters('workspace'),'/Microsoft.SecurityInsights/',concat('HuntingQuery-', last(split(resourceId('Microsoft.OperationalInsights/savedSearches', '0c149cc9-78ba-4be1-9f7b-018288e3a829'),'/'))))]",
              "properties": {
                "description": "AzureDevOpsAuditing Hunting Query 9",
                "parentId": "[resourceId('Microsoft.OperationalInsights/savedSearches', '0c149cc9-78ba-4be1-9f7b-018288e3a829')]",
                "contentId": "0c149cc9-78ba-4be1-9f7b-018288e3a829",
                "kind": "HuntingQuery",
                "version": "1.0.0",
                "source": {
                  "kind": "Solution",
                  "name": "AzureDevOpsAuditing",
                  "sourceId": "azuresentinel.azure-sentinel-solution-azuredevopsauditing"
                },
                "author": {
                  "name": "Microsoft",
                  "email": "support@microsoft.com"
                },
                "support": {
                  "tier": "Microsoft",
                  "email": "support@microsoft.com",
                  "name": "Microsoft Corporation",
                  "link": "https://support.microsoft.com/"
                }
              }
            }
          ]
        }
      }
    }
  ]
}