{
  "$schema": "https://schema.management.azure.com/schemas/2019-04-01/deploymentTemplate.json#",
  "contentVersion": "1.0.0",
  "parameters": {
    "location": {
      "type": "string",
      "minLength": 1,
      "defaultValue": "[resourceGroup().location]",
      "metadata": {
        "description": "Not used, but needed to pass arm-ttk test `Location-Should-Not-Be-Hardcoded`.  We instead use the `workspace-location` which is derived from the LA workspace"
      }
    },
    "workspace": {
      "defaultValue": "",
      "type": "string",
      "metadata": {
        "description": "Workspace name for Log Analytics where Microsoft Sentinel is setup"
      }
    },
    "workspace-location": {
      "type": "string",
      "defaultValue": "",
      "metadata": {
        "description": "[concat('Region to deploy solution resources -- separate from location selection',parameters('location'))]"
      }
    }
  },
  "resources": [
    {
      "type": "Microsoft.OperationalInsights/workspaces/providers/contentTemplates",
      "name": "[concat(parameters('workspace'),'/Microsoft.SecurityInsights/',concat(concat(parameters('workspace'),'-hq-',uniquestring('2dfa9c23-1590-4589-995a-d1486be66028')),'1.0.0'))]",
      "location": "[parameters('workspace-location')]",
      "apiVersion": "2022-08-01",
      "dependsOn": [
        "[extensionResourceId(resourceId('Microsoft.OperationalInsights/workspaces', parameters('workspace')), 'Microsoft.SecurityInsights/contentPackages', 'azuresentinel.azure-sentinel-solution-azuredevopsauditing')]"
      ],
      "properties": {
        "contentId": "2dfa9c23-1590-4589-995a-d1486be66028",
        "displayName": "",
        "contentKind": "HuntingQuery",
        "mainTemplate": {
          "resources": [
            {
              "type": "Microsoft.OperationalInsights/savedSearches",
              "apiVersion": "2020-08-01",
              "name": "AzureDevOpsAuditing_Hunting_Query_10",
              "location": "[parameters('workspace-location')]",
              "properties": {
                "eTag": "*",
                "displayName": "Azure DevOps - New Release Pipeline Created",
                "category": "Hunting Queries",
                "query": "\nlet starttime = todatetime('{{StartTimeISO}}');\nlet endtime = todatetime('{{EndTimeISO}}');\nlet lookback = 30d;\n// Set the period for detections\n// Get a list of previous Release Pipeline creators to exclude\nlet releaseusers = AzureDevOpsAuditing\n| where TimeGenerated between(ago(lookback)..starttime)\n| where OperationName =~ \"Release.ReleasePipelineCreated\"\n// We want to look for users performing actions in specific organizations so we creat this userscope object to match on\n| extend UserScope = strcat(ActorUPN, \"-\", ProjectName)\n| summarize by UserScope;\n// Get Release Pipeline creations by new users\nAzureDevOpsAuditing\n| where TimeGenerated between(starttime..endtime)\n| where OperationName =~ \"Release.ReleasePipelineCreated\"\n| extend UserScope = strcat(ActorUPN, \"-\", ProjectName)\n| where UserScope !in (releaseusers)\n| extend ActorUPN = tolower(ActorUPN)\n| project-away Id, ActivityId, ActorCUID, ScopeId, ProjectId, TenantId, SourceSystem, UserScope\n// See if any of these users have Azure AD alerts associated with them in the same timeframe\n| join kind = leftouter (\nSecurityAlert\n| where TimeGenerated between(starttime..endtime)\n| where ProviderName == \"IPC\"\n| extend AadUserId = tostring(parse_json(Entities)[0].AadUserId)\n| summarize Alerts=count() by AadUserId) on $left.ActorUserId == $right.AadUserId\n| project-reorder TimeGenerated, ProjectName, Details, ActorUPN, IpAddress, UserAgent, Alerts\n| extend timestamp = TimeGenerated, AccountCustomEntity = ActorUPN, IPCustomEntity = IpAddress\n",
                "version": 2,
                "tags": [
                  {
                    "name": "description",
                    "value": "An attacker could look to create a new poisoned pipeline in Azure DevOps and attack a build process to it. This hunting query looks for new pipelines being created in projects where the creating user has not been seen creating a pipeline before. This query could have a significant false positive rate and records should be triaged to determine if a user creating a pipeline is authorized and expected."
                  },
                  {
                    "name": "tactics",
                    "value": "Persistence,Execution,PrivilegeEscalation"
                  },
                  {
                    "name": "techniques",
                    "value": "T1053"
                  }
                ]
              }
            },
            {
              "type": "Microsoft.OperationalInsights/workspaces/providers/metadata",
              "apiVersion": "2022-01-01-preview",
              "name": "[concat(parameters('workspace'),'/Microsoft.SecurityInsights/',concat('HuntingQuery-', last(split(resourceId('Microsoft.OperationalInsights/savedSearches', '2dfa9c23-1590-4589-995a-d1486be66028'),'/'))))]",
              "properties": {
                "description": "AzureDevOpsAuditing Hunting Query 10",
                "parentId": "[resourceId('Microsoft.OperationalInsights/savedSearches', '2dfa9c23-1590-4589-995a-d1486be66028')]",
                "contentId": "2dfa9c23-1590-4589-995a-d1486be66028",
                "kind": "HuntingQuery",
                "version": "1.0.0",
                "source": {
                  "kind": "Solution",
                  "name": "AzureDevOpsAuditing",
                  "sourceId": "azuresentinel.azure-sentinel-solution-azuredevopsauditing"
                },
                "author": {
                  "name": "Microsoft",
                  "email": "support@microsoft.com"
                },
                "support": {
                  "tier": "Microsoft",
                  "email": "support@microsoft.com",
                  "name": "Microsoft Corporation",
                  "link": "https://support.microsoft.com/"
                }
              }
            }
          ]
        }
      }
    }
  ]
}