{
  "$schema": "https://schema.management.azure.com/schemas/2019-04-01/deploymentTemplate.json#",
  "contentVersion": "1.0",
  "parameters": {
    "location": {
      "type": "string",
      "minLength": 1,
      "defaultValue": "[resourceGroup().location]",
      "metadata": {
        "description": "Not used, but needed to pass arm-ttk test `Location-Should-Not-Be-Hardcoded`.  We instead use the `workspace-location` which is derived from the LA workspace"
      }
    },
    "workspace": {
      "defaultValue": "",
      "type": "string",
      "metadata": {
        "description": "Workspace name for Log Analytics where Microsoft Sentinel is setup"
      }
    }
  },
  "resources": [
    {
      "type": "Microsoft.OperationalInsights/workspaces/providers/contentTemplates",
      "name": "[concat(parameters('workspace'),'/Microsoft.SecurityInsights/',concat(concat(parameters('workspace'),'-fa-',uniquestring('AWSAthena_FunctionAppConnector')),'1.0'))]",
      "location": "[parameters('workspace-location')]",
      "apiVersion": "2022-08-01",
      "dependsOn": [
        "[extensionResourceId(resourceId('Microsoft.OperationalInsights/workspaces', parameters('workspace')), 'Microsoft.SecurityInsights/contentPackages', 'azuresentinel.azure-sentinel-solution-awsathena')]"
      ],
      "properties": {
        "contentId": "AWSAthena_FunctionAppConnector",
        "displayName": "awsathena",
        "contentKind": "AzureFunction",
        "mainTemplate": {
          "resources": [
            {
              "type": "Microsoft.Storage/storageAccounts",
              "apiVersion": "2021-02-01",
              "name": "[variables('storageAccountName')]",
              "location": "[variables('workspace-location-inline')]",
              "sku": {
                "name": "Standard_LRS",
                "tier": "Standard"
              },
              "kind": "StorageV2",
              "properties": {
                "networkAcls": {
                  "bypass": "AzureServices",
                  "defaultAction": "Allow"
                },
                "supportsHttpsTrafficOnly": true,
                "encryption": {
                  "services": {
                    "file": {
                      "keyType": "Account",
                      "enabled": true
                    },
                    "blob": {
                      "keyType": "Account",
                      "enabled": true
                    }
                  },
                  "keySource": "Microsoft.Storage"
                }
              }
            },
            {
              "type": "Microsoft.Web/serverfarms",
              "apiVersion": "2021-02-01",
              "name": "[variables('hostingPlanName')]",
              "location": "[variables('workspace-location-inline')]",
              "sku": {
                "name": "Y1",
                "tier": "Dynamic",
                "size": "Y1",
                "family": "Y"
              },
              "properties": {
                "computeMode": "Dynamic",
                "reserved": true
              }
            },
            {
              "type": "Microsoft.Insights/components",
              "apiVersion": "2020-02-02",
              "name": "[variables('applicationInsightsName')]",
              "location": "[variables('workspace-location-inline')]",
              "tags": {
                "[concat('hidden-link:', resourceId('Microsoft.Web/sites', 'AWSAthenaFunctionApp'))]": "Resource"
              },
              "properties": {
                "Application_Type": "web"
              },
              "kind": "web"
            },
            {
              "type": "Microsoft.Web/sites",
              "apiVersion": "2021-02-01",
              "name": "[variables('functionAppName')]",
              "location": "[variables('workspace-location-inline')]",
              "kind": "functionapp,linux",
              "dependsOn": [
                "[resourceId('Microsoft.Web/serverfarms', variables('hostingPlanName'))]",
                "[resourceId('Microsoft.Storage/storageAccounts', variables('storageAccountName'))]",
                "[resourceId('Microsoft.Insights/components', variables('applicationInsightsName'))]"
              ],
              "properties": {
                "reserved": true,
                "httpsOnly": true,
                "serverFarmId": "[resourceId('Microsoft.Web/serverfarms', variables('hostingPlanName'))]",
                "siteConfig": {
                  "linuxFxVersion": "python|3.9",
                  "appSettings": [
                    {
                      "name": "APPINSIGHTS_INSTRUMENTATIONKEY",
                      "value": "[reference(resourceId('Microsoft.Insights/components', variables('functionAppName')), '2020-02-02').InstrumentationKey]"
                    },
                    {
                      "name": "AzureWebJobsStorage",
                      "value": "[concat('DefaultEndpointsProtocol=https;AccountName=', variables('storageAccountName'), ';EndpointSuffix=', environment().suffixes.storage, ';AccountKey=',listKeys(resourceId('Microsoft.Storage/storageAccounts', variables('storageAccountName')), '2022-05-01').keys[0].value)]"
                    },
                    {
                      "name": "FUNCTIONS_EXTENSION_VERSION",
                      "value": "~4"
                    },
                    {
                      "name": "FUNCTIONS_WORKER_RUNTIME",
                      "value": "python"
                    },
                    {
                      "name": "WEBSITE_RUN_FROM_PACKAGE",
                      "value": "https://github.com/Azure/Azure-Sentinel/blob/origin/users/rahul/aws-athena/Solutions/AWSAthena/Playbooks/CustomConnector/AWSAthena_FunctionAppConnector/AWSAthenaFunctionApp.zip?raw=true"
                    },
                    {
                      "name": "AWSAccessKeyID",
                      "value": "[parameters('AWSAccessKeyID')]"
                    },
                    {
                      "name": "AWSSecretAccessKey",
                      "value": "[parameters('AWSSecretAccessKey')]"
                    },
                    {
                      "name": "AWSRegionName",
                      "value": "[parameters('AWSRegionName')]"
                    }
                  ]
                }
              }
            },
            {
              "type": "Microsoft.OperationalInsights/workspaces/providers/metadata",
              "apiVersion": "2022-01-01-preview",
              "name": "[concat(variables('workspace-name'),'/Microsoft.SecurityInsights/',concat('AzureFunction-', last(split(variables('playbookId1'),'/'))))]",
              "properties": {
                "parentId": "[variables('playbookId1')]",
                "contentId": "AWSAthena_FunctionAppConnector",
                "kind": "AzureFunction",
                "version": "1.0",
                "source": {
                  "kind": "Solution",
                  "name": "AWSAthena",
                  "sourceId": "azuresentinel.azure-sentinel-solution-awsathena"
                },
                "author": {
                  "name": "Microsoft",
                  "email": "support@microsoft.com"
                },
                "support": {
                  "tier": "Microsoft",
                  "name": "Microsoft Corporation",
                  "email": "support@microsoft.com",
                  "link": "https://support.microsoft.com/"
                }
              }
            }
          ]
        }
      }
    }
  ]
}