{
  "$schema": "https://schema.management.azure.com/schemas/2019-04-01/deploymentTemplate.json#",
  "contentVersion": "1.0",
  "parameters": {
    "location": {
      "type": "string",
      "minLength": 1,
      "defaultValue": "[resourceGroup().location]",
      "metadata": {
        "description": "Not used, but needed to pass arm-ttk test `Location-Should-Not-Be-Hardcoded`.  We instead use the `workspace-location` which is derived from the LA workspace"
      }
    },
    "workspace": {
      "defaultValue": "",
      "type": "string",
      "metadata": {
        "description": "Workspace name for Log Analytics where Microsoft Sentinel is setup"
      }
    },
    "workspace-location": {
      "type": "string",
      "defaultValue": "",
      "metadata": {
        "description": "[concat('Region to deploy solution resources -- separate from location selection',parameters('location'))]"
      }
    }
  },
  "resources": [
    {
      "type": "Microsoft.OperationalInsights/workspaces/providers/contentTemplates",
      "name": "[concat(parameters('workspace'),'/Microsoft.SecurityInsights/',concat(concat(parameters('workspace'),'-pl-',uniquestring('AWSAthena-GetQueryResults')),'1.0'))]",
      "location": "[parameters('workspace-location')]",
      "apiVersion": "2022-08-01",
      "dependsOn": [
        "[extensionResourceId(resourceId('Microsoft.OperationalInsights/workspaces', parameters('workspace')), 'Microsoft.SecurityInsights/contentPackages', 'azuresentinel.azure-sentinel-solution-awsathena')]"
      ],
      "properties": {
        "contentId": "AWSAthena-GetQueryResults",
        "displayName": "AWS Athena - Execute Query and Get Results",
        "contentKind": "Playbook",
        "mainTemplate": {
          "resources": [
            {
              "properties": {
                "provisioningState": "Succeeded",
                "state": "Enabled",
                "definition": {
                  "$schema": "https://schema.management.azure.com/providers/Microsoft.Logic/schemas/2016-06-01/workflowdefinition.json#",
                  "contentVersion": "1.0.0.0",
                  "parameters": {
                    "$connections": {
                      "type": "Object"
                    },
                    "DataCatalog": {
                      "defaultValue": "[parameters('DataCatalog')]",
                      "type": "string"
                    },
                    "Database": {
                      "defaultValue": "[parameters('Database')]",
                      "type": "string"
                    },
                    "OutputLocation": {
                      "defaultValue": "[parameters('OutputLocation')]",
                      "type": "string"
                    },
                    "QueryString": {
                      "defaultValue": "[parameters('QueryString')]",
                      "type": "string"
                    }
                  },
                  "triggers": {
                    "Microsoft_Sentinel_incident": {
                      "type": "ApiConnectionWebhook",
                      "inputs": {
                        "body": {
                          "callback_url": "@{listCallbackUrl()}"
                        },
                        "host": {
                          "connection": {
                            "name": "@parameters('$connections')['azuresentinel']['connectionId']"
                          }
                        },
                        "path": "/incident-creation"
                      }
                    }
                  },
                  "actions": {
                    "Add_comment_to_incident_(V3)": {
                      "runAfter": {
                        "Check_Condition_if_Query_execution_failed": [
                          "Succeeded"
                        ]
                      },
                      "type": "ApiConnection",
                      "inputs": {
                        "body": {
                          "incidentArmId": "@triggerBody()?['object']?['id']",
                          "message": "<p>@{body('Create_HTML_table')}@{variables('OutputMessage')}</p>"
                        },
                        "host": {
                          "connection": {
                            "name": "@parameters('$connections')['azuresentinel']['connectionId']"
                          }
                        },
                        "method": "post",
                        "path": "/Incidents/Comment"
                      }
                    },
                    "Check_Condition_if_Query_execution_failed": {
                      "actions": {
                        "Create_HTML_table": {
                          "runAfter": {
                            "GetQueryResults": [
                              "Succeeded"
                            ]
                          },
                          "type": "Table",
                          "inputs": {
                            "format": "HTML",
                            "from": "@array(body('GetQueryResults'))"
                          }
                        },
                        "GetQueryResults": {
                          "type": "Function",
                          "inputs": {
                            "body": {
                              "QueryExecutionId": "@body('StartQueryExecution')"
                            },
                            "function": {
                              "id": "[concat(variables('AWSAthenaFuntionAppId'), '/functions/GetQueryResults')]"
                            },
                            "method": "POST"
                          }
                        }
                      },
                      "runAfter": {
                        "Wait_Until_query_execution_is_succeeded": [
                          "Succeeded"
                        ]
                      },
                      "else": {
                        "actions": {
                          "Set_variable_-_OutputMessage": {
                            "type": "SetVariable",
                            "inputs": {
                              "name": "OutputMessage",
                              "value": "<strong> Query (QueryExecutionId: ) failed or cancelled or timedout. </strong>"
                            }
                          }
                        }
                      },
                      "expression": {
                        "and": [
                          {
                            "equals": [
                              "@variables('IsQueryExecutionFailed')",
                              0
                            ]
                          }
                        ]
                      },
                      "type": "If"
                    },
                    "GetQueryExecution": {
                      "runAfter": {
                        "StartQueryExecution": [
                          "Succeeded"
                        ]
                      },
                      "type": "Function",
                      "inputs": {
                        "body": {
                          "QueryExecutionId": "@body('StartQueryExecution')"
                        },
                        "function": {
                          "id": "[concat(variables('AWSAthenaFuntionAppId'), '/functions/GetQueryExecution')]"
                        },
                        "method": "POST"
                      }
                    },
                    "Initialize_variable_-_IsQueryExecutionFailed": {
                      "runAfter": {
                        "Initialize_variable_-_QueryStatus": [
                          "Succeeded"
                        ]
                      },
                      "type": "InitializeVariable",
                      "inputs": {
                        "variables": [
                          {
                            "name": "IsQueryExecutionFailed",
                            "type": "integer",
                            "value": 0
                          }
                        ]
                      }
                    },
                    "Initialize_variable_-_OutputMessage": {
                      "runAfter": {
                        "Initialize_variable_-_IsQueryExecutionFailed": [
                          "Succeeded"
                        ]
                      },
                      "type": "InitializeVariable",
                      "inputs": {
                        "variables": [
                          {
                            "name": "OutputMessage",
                            "type": "string"
                          }
                        ]
                      }
                    },
                    "Initialize_variable_-_QueryStatus": {
                      "type": "InitializeVariable",
                      "inputs": {
                        "variables": [
                          {
                            "name": "QueryStatus",
                            "type": "string"
                          }
                        ]
                      }
                    },
                    "Set_variable_-_QueryStatus": {
                      "runAfter": {
                        "GetQueryExecution": [
                          "Succeeded"
                        ]
                      },
                      "type": "SetVariable",
                      "inputs": {
                        "name": "QueryStatus",
                        "value": "@{body('GetQueryExecution')}"
                      }
                    },
                    "StartQueryExecution": {
                      "runAfter": {
                        "Initialize_variable_-_OutputMessage": [
                          "Succeeded"
                        ]
                      },
                      "type": "Function",
                      "inputs": {
                        "body": {
                          "Catalog": "@parameters('DataCatalog')",
                          "Database": "@parameters('Database')",
                          "OutputLocation": "@parameters('OutputLocation')",
                          "QueryString": "@parameters('QueryString')"
                        },
                        "function": {
                          "id": "[concat(variables('AWSAthenaFuntionAppId'), '/functions/StartQueryExecution')]"
                        },
                        "method": "POST"
                      }
                    },
                    "Wait_Until_query_execution_is_succeeded": {
                      "actions": {
                        "Check_if_Query_failed_or_cancelled": {
                          "actions": {
                            "Set_variable_-_IsQueryExecutionFailed_to_1": {
                              "runAfter": {
                                "Set_variable_QueryStaus_to_SUCCEEDED_to_break_until_loop_": [
                                  "Succeeded"
                                ]
                              },
                              "type": "SetVariable",
                              "inputs": {
                                "name": "IsQueryExecutionFailed",
                                "value": 1
                              }
                            },
                            "Set_variable_QueryStaus_to_SUCCEEDED_to_break_until_loop_": {
                              "type": "SetVariable",
                              "inputs": {
                                "name": "QueryStatus",
                                "value": "SUCCEEDED"
                              }
                            }
                          },
                          "runAfter": {
                            "Update_variable_-_QueryStatus_": [
                              "Succeeded"
                            ]
                          },
                          "expression": {
                            "or": [
                              {
                                "equals": [
                                  "@variables('QueryStatus')",
                                  "FAILED"
                                ]
                              },
                              {
                                "equals": [
                                  "@variables('QueryStatus')",
                                  "CANCELLED"
                                ]
                              }
                            ]
                          },
                          "type": "If"
                        },
                        "Delay_for_10_seconds": {
                          "type": "Wait",
                          "inputs": {
                            "interval": {
                              "count": 10,
                              "unit": "Second"
                            }
                          }
                        },
                        "GetQueryExecution_again": {
                          "runAfter": {
                            "Delay_for_10_seconds": [
                              "Succeeded"
                            ]
                          },
                          "type": "Function",
                          "inputs": {
                            "body": {
                              "QueryExecutionId": "@body('StartQueryExecution')"
                            },
                            "function": {
                              "id": "[concat(variables('AWSAthenaFuntionAppId'), '/functions/GetQueryExecution')]"
                            },
                            "method": "POST"
                          }
                        },
                        "Update_variable_-_QueryStatus_": {
                          "runAfter": {
                            "GetQueryExecution_again": [
                              "Succeeded"
                            ]
                          },
                          "type": "SetVariable",
                          "inputs": {
                            "name": "QueryStatus",
                            "value": "@{body('GetQueryExecution_again')}"
                          }
                        }
                      },
                      "runAfter": {
                        "Set_variable_-_QueryStatus": [
                          "Succeeded"
                        ]
                      },
                      "expression": "@equals(variables('QueryStatus'), 'SUCCEEDED')",
                      "limit": {
                        "count": 50,
                        "timeout": "PT1H"
                      },
                      "type": "Until"
                    }
                  }
                },
                "parameters": {
                  "$connections": {
                    "value": {
                      "azuresentinel": {
                        "connectionId": "[resourceId('Microsoft.Web/connections', variables('MicrosoftSentinelConnectionName'))]",
                        "connectionName": "[variables('MicrosoftSentinelConnectionName')]",
                        "id": "[concat('/subscriptions/', subscription().subscriptionId, '/providers/Microsoft.Web/locations/', variables('workspace-location-inline'), '/managedApis/Azuresentinel')]",
                        "connectionProperties": {
                          "authentication": {
                            "type": "ManagedServiceIdentity"
                          }
                        }
                      }
                    }
                  }
                }
              },
              "name": "[parameters('PlaybookName')]",
              "type": "Microsoft.Logic/workflows",
              "location": "[variables('workspace-location-inline')]",
              "tags": {
                "hidden-SentinelTemplateName": "AWSAthena-GetQueryResults",
                "hidden-SentinelTemplateVersion": "1.0",
                "hidden-SentinelWorkspaceId": "[resourceId('microsoft.OperationalInsights/Workspaces', parameters('workspace'))]"
              },
              "identity": {
                "type": "SystemAssigned"
              },
              "apiVersion": "2017-07-01",
              "dependsOn": [
                "[resourceId('Microsoft.Web/connections', variables('MicrosoftSentinelConnectionName'))]"
              ]
            },
            {
              "type": "Microsoft.Web/connections",
              "apiVersion": "2016-06-01",
              "name": "[variables('MicrosoftSentinelConnectionName')]",
              "location": "[variables('workspace-location-inline')]",
              "kind": "V1",
              "properties": {
                "displayName": "[variables('MicrosoftSentinelConnectionName')]",
                "parameterValueType": "Alternative",
                "api": {
                  "id": "[variables('_connection-2')]"
                }
              }
            },
            {
              "type": "Microsoft.OperationalInsights/workspaces/providers/metadata",
              "apiVersion": "2022-01-01-preview",
              "name": "[concat(parameters('workspace'),'/Microsoft.SecurityInsights/',concat('Playbook-', last(split(resourceId('Microsoft.Logic/workflows', 'AWSAthena-GetQueryResults'),'/'))))]",
              "properties": {
                "parentId": "[resourceId('Microsoft.Logic/workflows', 'AWSAthena-GetQueryResults')]",
                "contentId": "AWSAthena-GetQueryResults",
                "kind": "Playbook",
                "version": "1.0",
                "source": {
                  "kind": "Solution",
                  "name": "AWSAthena",
                  "sourceId": "azuresentinel.azure-sentinel-solution-awsathena"
                },
                "author": {
                  "name": "Microsoft",
                  "email": "support@microsoft.com"
                },
                "support": {
                  "tier": "Microsoft",
                  "name": "Microsoft Corporation",
                  "email": "support@microsoft.com",
                  "link": "https://support.microsoft.com/"
                },
                "dependencies": {
                  "criteria": [
                    {
                      "kind": "AzureFunction",
                      "contentId": "AWSAthena_FunctionAppConnector",
                      "version": "1.0"
                    }
                  ]
                }
              }
            }
          ]
        }
      }
    }
  ]
}