{
  "$schema": "https://schema.management.azure.com/schemas/2019-04-01/deploymentTemplate.json#",
  "contentVersion": "1.0.0.0",
  "parameters": {
    "location": {
      "type": "string",
      "minLength": 1,
      "defaultValue": "[resourceGroup().location]",
      "metadata": {
        "description": "Not used, but needed to pass arm-ttk test `Location-Should-Not-Be-Hardcoded`.  We instead use the `workspace-location` which is derived from the LA workspace"
      }
    },
    "workspace-location": {
      "type": "string",
      "defaultValue": "",
      "metadata": {
        "description": "[concat('Region to deploy solution resources -- separate from location selection',parameters('location'))]"
      }
    },
    "workspace": {
      "defaultValue": "",
      "type": "string",
      "metadata": {
        "description": "Workspace name for Log Analytics where Microsoft Sentinel is setup"
      }
    }
  },
  "variables": {},
  "resources": [
    {
      "type": "Microsoft.OperationalInsights/workspaces/providers/packages",
      "location": "[parameters('workspace-location')]",
      "apiVersion": "2022-08-01",
      "properties": {
        "packageKind": "Standalone",
        "packageItems": {
          "resources": [
            {
              "type": "Microsoft.OperationalInsights/workspaces/providers/contentTemplates",
              "name": "[concat(parameters('workspace'),'/Microsoft.SecurityInsights/', '3cc5ccd8-b416-4141-bb2d-4eba370e37a5')]",
              "location": "[parameters('workspace-location')]",
              "apiVersion": "2022-08-01",
              "properties": {
                "contentId": "3cc5ccd8-b416-4141-bb2d-4eba370e37a5",
                "displayName": "OMI Vulnerability Exploitation",
                "contentKind": "AnalyticsRule",
                "mainTemplate": {
                  "$schema": "https://schema.management.azure.com/schemas/2019-04-01/deploymentTemplate.json#",
                  "contentVersion": "1.1.3",
                  "resources": [
                    {
                      "type": "Microsoft.OperationalInsights/workspaces/providers/alertRules",
                      "apiVersion": "2022-04-01-preview",
                      "name": "3cc5ccd8-b416-4141-bb2d-4eba370e37a5",
                      "kind": "Scheduled",
                      "location": "[parameters('workspace-location')]",
                      "properties": {
                        "description": "Following the September 14th, 2021 release of three Elevation of Privilege\n(EoP) vulnerabilities (CVE-2021-38645, CVE-2021-38649, CVE-2021-38648) and one\nunauthenticated Remote Code Execution (RCE) vulnerability (CVE-2021-38647) in\nthe Open Management Infrastructure (OMI) Framework.\nThis detection validates that any OMS-agent that is reporting to the Microsoft\nSentinel workspace is updated with the patch. The detection will go over the\nheartbeats received from all agents over the last day and will create alert\nfor those agents who are not updated.",
                        "displayName": "OMI Vulnerability Exploitation",
                        "enabled": false,
                        "query": "let OMIVulnerabilityPatchVersion = \"OMIVulnerabilityPatchVersion:1.13.40-0\";\nHeartbeat\n| where Category == \"Direct Agent\"\n| summarize arg_max(TimeGenerated,*) by Computer\n| parse strcat(\"Version:\" , Version) with * \"Version:\" Major:long \".\"\nMinor:long \".\" Patch:long \"-\" *\n| parse OMIVulnerabilityPatchVersion with * \"OMIVulnerabilityPatchVersion:\"\nOMIVersionMajor:long \".\" OMIVersionMinor:long \".\" OMIVersionPatch:long \"-\" *\n| where Major <OMIVersionMajor or (Major==OMIVersionMajor and Minor\n<OMIVersionMinor) or (Major==OMIVersionMajor and Minor==OMIVersionMinor and\nPatch<OMIVersionPatch) \n| project Version, Major,Minor,Patch,\nComputer,ComputerIP,OSType,OSName,ResourceId\n",
                        "queryFrequency": "P1D",
                        "queryPeriod": "P1D",
                        "severity": "Medium",
                        "status": "Available",
                        "suppressionDuration": "PT1H",
                        "suppressionEnabled": false,
                        "triggerOperator": "GreaterThan",
                        "triggerThreshold": 0,
                        "tactics": [
                          "InitialAccess"
                        ],
                        "entityMappings": [
                          {
                            "entityType": "AzureResource",
                            "fieldMappings": [
                              {
                                "columnName": "ResourceId",
                                "identifier": "ResourceId"
                              }
                            ]
                          },
                          {
                            "entityType": "Host",
                            "fieldMappings": [
                              {
                                "columnName": "Computer",
                                "identifier": "HostName"
                              }
                            ]
                          }
                        ],
                        "customDetails": {
                          "HostIp": "ComputerIP",
                          "OSName": "OSName",
                          "OSType": "OSType"
                        }
                      }
                    },
                    {
                      "type": "Microsoft.OperationalInsights/workspaces/providers/metadata",
                      "apiVersion": "2021-03-01-preview",
                      "properties": {
                        "description": "Following the September 14th, 2021 release of three Elevation of Privilege\n(EoP) vulnerabilities (CVE-2021-38645, CVE-2021-38649, CVE-2021-38648) and one\nunauthenticated Remote Code Execution (RCE) vulnerability (CVE-2021-38647) in\nthe Open Management Infrastructure (OMI) Framework.\nThis detection validates that any OMS-agent that is reporting to the Microsoft\nSentinel workspace is updated with the patch. The detection will go over the\nheartbeats received from all agents over the last day and will create alert\nfor those agents who are not updated.",
                        "version": "1.1.3",
                        "author": {
                          "name": "Ron Marsiano"
                        },
                        "support": {
                          "tier": "Community",
                          "name": "Community",
                          "link": "https://github.com/Azure/Azure-Sentinel/issues"
                        },
                        "source": {
                          "kind": "Community",
                          "name": "Standalone"
                        },
                        "threatAnalysisTactics": [
                          "InitialAccess"
                        ],
                        "contentId": "3cc5ccd8-b416-4141-bb2d-4eba370e37a5",
                        "parentId": "3cc5ccd8-b416-4141-bb2d-4eba370e37a5",
                        "kind": "AnalyticsRule"
                      }
                    }
                  ]
                }
              }
            }
          ]
        },
        "author": {
          "name": "Ron Marsiano"
        },
        "categories": {
          "domains": [
            "Security - Vulnerability Management"
          ]
        },
        "dependencies": {
          "operator": "AND",
          "criteria": [
            {
              "contentId": "3cc5ccd8-b416-4141-bb2d-4eba370e37a5",
              "kind": "AnalyticsRule"
            }
          ]
        },
        "description": "Following the September 14th, 2021 release of three Elevation of Privilege\n(EoP) vulnerabilities (CVE-2021-38645, CVE-2021-38649, CVE-2021-38648) and one\nunauthenticated Remote Code Execution (RCE) vulnerability (CVE-2021-38647) in\nthe Open Management Infrastructure (OMI) Framework.\nThis detection validates that any OMS-agent that is reporting to the Microsoft\nSentinel workspace is updated with the patch. The detection will go over the\nheartbeats received from all agents over the last day and will create alert\nfor those agents who are not updated.",
        "displayName": "OMI Vulnerability Exploitation",
        "packageId": "3cc5ccd8-b416-4141-bb2d-4eba370e37a5",
        "source": {
          "kind": "Community",
          "name": "Standalone"
        },
        "support": {
          "tier": "Community",
          "name": "Community",
          "link": "https://github.com/Azure/Azure-Sentinel/issues"
        },
        "threatAnalysisTactics": [
          "InitialAccess"
        ],
        "version": "1.1.3"
      },
      "name": "[concat(parameters('workspace'),'/Microsoft.SecurityInsights/', '3cc5ccd8-b416-4141-bb2d-4eba370e37a5')]"
    }
  ]
}