{
  "$schema": "https://schema.management.azure.com/schemas/2019-04-01/deploymentTemplate.json#",
  "contentVersion": "1.1.1",
  "parameters": {
    "location": {
      "type": "string",
      "minLength": 1,
      "defaultValue": "[resourceGroup().location]",
      "metadata": {
        "description": "Not used, but needed to pass arm-ttk test `Location-Should-Not-Be-Hardcoded`.  We instead use the `workspace-location` which is derived from the LA workspace"
      }
    },
    "workspace": {
      "defaultValue": "",
      "type": "string",
      "metadata": {
        "description": "Workspace name for Log Analytics where Microsoft Sentinel is setup"
      }
    },
    "workspace-location": {
      "type": "string",
      "defaultValue": "",
      "metadata": {
        "description": "[concat('Region to deploy solution resources -- separate from location selection',parameters('location'))]"
      }
    }
  },
  "resources": [
    {
      "type": "Microsoft.OperationalInsights/workspaces/providers/contentTemplates",
      "name": "[concat(parameters('workspace'),'/Microsoft.SecurityInsights/',concat(concat(parameters('workspace'),'-ar-',uniquestring('ef88eb96-861c-43a0-ab16-f3835a97c928')),'1.1.1'))]",
      "location": "[parameters('workspace-location')]",
      "apiVersion": "2022-08-01",
      "dependsOn": [
        "[extensionResourceId(resourceId('Microsoft.OperationalInsights/workspaces', parameters('workspace')), 'Microsoft.SecurityInsights/contentPackages', 'azuresentinel.azure-sentinel-solution-attackertools')]"
      ],
      "properties": {
        "contentId": "ef88eb96-861c-43a0-ab16-f3835a97c928",
        "displayName": "Powershell Empire cmdlets seen in command line",
        "contentKind": "AnalyticsRule",
        "mainTemplate": {
          "resources": [
            {
              "type": "Microsoft.SecurityInsights/AlertRuleTemplates",
              "name": "ef88eb96-861c-43a0-ab16-f3835a97c928",
              "apiVersion": "2022-04-01-preview",
              "kind": "Scheduled",
              "location": "[parameters('workspace-location')]",
              "properties": {
                "description": "Identifies instances of PowerShell Empire cmdlets in powershell process command line data.",
                "displayName": "Powershell Empire cmdlets seen in command line",
                "enabled": false,
                "query": "\nlet regexEmpire = @\"SetDelay|GetDelay|Set-LostLimit|Get-LostLimit|Set-Killdate|Get-Killdate|Set-WorkingHours|Get-WorkingHours|Get-Sysinfo|Add-Servers|Invoke-ShellCommand|Start-AgentJob|Update-Profile|Get-FilePart|Encrypt-Bytes|Decrypt-Bytes|Encode-Packet|Decode-Packet|Send-Message|Process-Packet|Process-Tasking|Get-Task|Start-Negotiate|Invoke-DllInjection|Invoke-ReflectivePEInjection|Invoke-Shellcode|Invoke-ShellcodeMSIL|Get-ChromeDump|Get-ClipboardContents|Get-IndexedItem|Get-Keystrokes|Invoke-Inveigh|Invoke-NetRipper|local:Invoke-PatchDll|Invoke-NinjaCopy|Get-Win32Types|Get-Win32Constants|Get-Win32Functions|Sub-SignedIntAsUnsigned|Add-SignedIntAsUnsigned|Compare-Val1GreaterThanVal2AsUInt|Convert-UIntToInt|Test-MemoryRangeValid|Write-BytesToMemory|Get-DelegateType|Get-ProcAddress|Enable-SeDebugPrivilege|Invoke-CreateRemoteThread|Get-ImageNtHeaders|Get-PEBasicInfo|Get-PEDetailedInfo|Import-DllInRemoteProcess|Get-RemoteProcAddress|Copy-Sections|Update-MemoryAddresses|Import-DllImports|Get-VirtualProtectValue|Update-MemoryProtectionFlags|Update-ExeFunctions|Copy-ArrayOfMemAddresses|Get-MemoryProcAddress|Invoke-MemoryLoadLibrary|Invoke-MemoryFreeLibrary|Out-Minidump|Get-VaultCredential|Invoke-DCSync|Translate-Name|Get-NetDomain|Get-NetForest|Get-NetForestDomain|Get-DomainSearcher|Get-NetComputer|Get-NetGroupMember|Get-NetUser|Invoke-Mimikatz|Invoke-PowerDump|Invoke-TokenManipulation|Exploit-JMXConsole|Exploit-JBoss|Invoke-Thunderstruck|Invoke-VoiceTroll|Set-WallPaper|Invoke-PsExec|Invoke-SSHCommand|Invoke-PSInject|Invoke-RunAs|Invoke-SendMail|Invoke-Rule|Get-OSVersion|Select-EmailItem|View-Email|Get-OutlookFolder|Get-EmailItems|Invoke-MailSearch|Get-SubFolders|Get-GlobalAddressList|Invoke-SearchGAL|Get-SMTPAddress|Disable-SecuritySettings|Reset-SecuritySettings|Get-OutlookInstance|New-HoneyHash|Set-MacAttribute|Invoke-PatchDll|Get-SecurityPackages|Install-SSP|Invoke-BackdoorLNK|New-ElevatedPersistenceOption|New-UserPersistenceOption|Add-Persistence|Invoke-CallbackIEX|Add-PSFirewallRules|Invoke-EventLoop|Invoke-PortBind|Invoke-DNSLoop|Invoke-PacketKnock|Invoke-CallbackLoop|Invoke-BypassUAC|Get-DecryptedCpassword|Get-GPPInnerFields|Invoke-WScriptBypassUAC|Get-ModifiableFile|Get-ServiceUnquoted|Get-ServiceFilePermission|Get-ServicePermission|Invoke-ServiceUserAdd|Invoke-ServiceCMD|Write-UserAddServiceBinary|Write-CMDServiceBinary|Write-ServiceEXE|Write-ServiceEXECMD|Restore-ServiceEXE|Invoke-ServiceStart|Invoke-ServiceStop|Invoke-ServiceEnable|Invoke-ServiceDisable|Get-ServiceDetail|Find-DLLHijack|Find-PathHijack|Write-HijackDll|Get-RegAlwaysInstallElevated|Get-RegAutoLogon|Get-VulnAutoRun|Get-VulnSchTask|Get-UnattendedInstallFile|Get-Webconfig|Get-ApplicationHost|Write-UserAddMSI|Invoke-AllChecks|Invoke-ThreadedFunction|Test-Login|Get-UserAgent|Test-Password|Get-ComputerDetails|Find-4648Logons|Find-4624Logons|Find-AppLockerLogs|Find-PSScriptsInPSAppLog|Find-RDPClientConnections|Get-SystemDNSServer|Invoke-Paranoia|Invoke-WinEnum{|Get-SPN|Invoke-ARPScan|Invoke-Portscan|Invoke-ReverseDNSLookup|Invoke-SMBScanner|New-InMemoryModule|Add-Win32Type|Export-PowerViewCSV|Get-MacAttribute|Copy-ClonedFile|Get-IPAddress|Convert-NameToSid|Convert-SidToName|Convert-NT4toCanonical|Get-Proxy|Get-PathAcl|Get-NameField|Convert-LDAPProperty|Get-NetDomainController|Add-NetUser|Add-NetGroupUser|Get-UserProperty|Find-UserField|Get-UserEvent|Get-ObjectAcl|Add-ObjectAcl|Invoke-ACLScanner|Get-GUIDMap|Get-ADObject|Set-ADObject|Get-ComputerProperty|Find-ComputerField|Get-NetOU|Get-NetSite|Get-NetSubnet|Get-DomainSID|Get-NetGroup|Get-NetFileServer|SplitPath|Get-DFSshare|Get-DFSshareV1|Get-DFSshareV2|Get-GptTmpl|Get-GroupsXML|Get-NetGPO|Get-NetGPOGroup|Find-GPOLocation|Find-GPOComputerAdmin|Get-DomainPolicy|Get-NetLocalGroup|Get-NetShare|Get-NetLoggedon|Get-NetSession|Get-NetRDPSession|Invoke-CheckLocalAdminAccess|Get-LastLoggedOn|Get-NetProcess|Find-InterestingFile|Invoke-CheckWrite|Invoke-UserHunter|Invoke-StealthUserHunter|Invoke-ProcessHunter|Invoke-EventHunter|Invoke-ShareFinder|Invoke-FileFinder|Find-LocalAdminAccess|Get-ExploitableSystem|Invoke-EnumerateLocalAdmin|Get-NetDomainTrust|Get-NetForestTrust|Find-ForeignUser|Find-ForeignGroup|Invoke-MapDomainTrust|Get-Hex|Create-RemoteThread|Get-FoxDump|Decrypt-CipherText|Get-Screenshot|Start-HTTP-Server|Local:Invoke-CreateRemoteThread|Local:Get-Win32Functions|Local:Inject-NetRipper|GetCommandLine|ElevatePrivs|Get-RegKeyClass|Get-BootKey|Get-HBootKey|Get-UserName|Get-UserHashes|DecryptHashes|DecryptSingleHash|Get-UserKeys|DumpHashes|Enable-SeAssignPrimaryTokenPrivilege|Enable-Privilege|Set-DesktopACLs|Set-DesktopACLToAllowEveryone|Get-PrimaryToken|Get-ThreadToken|Get-TokenInformation|Get-UniqueTokens|Find-GPOLocation|Find-GPOComputerAdmin|Get-DomainPolicy|Get-NetLocalGroup|Get-NetShare|Get-NetLoggedon|Get-NetSession|Get-NetRDPSession|Invoke-CheckLocalAdminAccess|Get-LastLoggedOn|Get-NetProcess|Find-InterestingFile|Invoke-CheckWrite|Invoke-UserHunter|Invoke-StealthUserHunter|Invoke-ProcessHunter|Invoke-EventHunter|Invoke-ShareFinder|Invoke-FileFinder|Find-LocalAdminAccess|Get-ExploitableSystem|Invoke-EnumerateLocalAdmin|Get-NetDomainTrust|Get-NetForestTrust|Find-ForeignUser|Find-ForeignGroup|Invoke-MapDomainTrust|Get-Hex|Create-RemoteThread|Get-FoxDump|Decrypt-CipherText|Get-Screenshot|Start-HTTP-Server|Local:Invoke-CreateRemoteThread|Local:Get-Win32Functions|Local:Inject-NetRipper|GetCommandLine|ElevatePrivs|Get-RegKeyClass|Get-BootKey|Get-HBootKey|Get-UserName|Get-UserHashes|DecryptHashes|DecryptSingleHash|Get-UserKeys|DumpHashes|Enable-SeAssignPrimaryTokenPrivilege|Enable-Privilege|Set-DesktopACLs|Set-DesktopACLToAllowEveryone|Get-PrimaryToken|Get-ThreadToken|Get-TokenInformation|Get-UniqueTokens|Invoke-ImpersonateUser|Create-ProcessWithToken|Free-AllTokens|Enum-AllTokens|Invoke-RevertToSelf|Set-Speaker\\(\\$Volume\\){\\$wshShell|Local:Get-RandomString|Local:Invoke-PsExecCmd|Get-GPPPassword|Local:Inject-BypassStuff|Local:Invoke-CopyFile\\(\\$sSource,|ind-Fruit|New-IPv4Range|New-IPv4RangeFromCIDR|Parse-Hosts|Parse-ILHosts|Exclude-Hosts|Get-TopPort|Parse-Ports|Parse-IpPorts|Remove-Ports|Write-PortscanOut|Convert-SwitchtoBool|Get-ForeignUser|Get-ForeignGroup\";\n(union isfuzzy=true\n (SecurityEvent\n| where EventID == 4688\n//consider filtering on filename if perf issues occur\n//where FileName in~ (\"powershell.exe\",\"powershell_ise.exe\",\"pwsh.exe\")\n| where not(ParentProcessName has_any ('gc_worker.exe', 'gc_service.exe'))\n| where CommandLine has \"-encodedCommand\"\n| parse kind=regex flags=i CommandLine with * \"-EncodedCommand \" encodedCommand\n| extend encodedCommand = iff(encodedCommand has \" \", tostring(split(encodedCommand, \" \")[0]), encodedCommand)\n// Note: currently the base64_decode_tostring function is limited to supporting UTF8\n| extend decodedCommand = translate('\\0','', base64_decode_tostring(substring(encodedCommand, 0, strlen(encodedCommand) -  (strlen(encodedCommand) %8)))), encodedCommand, CommandLine , strlen(encodedCommand)\n| extend EfectiveCommand = iff(isnotempty(encodedCommand), decodedCommand, CommandLine)\n| where EfectiveCommand matches regex regexEmpire\n| project TimeGenerated, Computer, Account = SubjectUserName, AccountDomain = SubjectDomainName, FileName = Process, EfectiveCommand, decodedCommand, encodedCommand, CommandLine, ParentProcessName\n| extend timestamp = TimeGenerated, AccountCustomEntity = Account, HostCustomEntity = Computer\n),\n(WindowsEvent\n| where EventID == 4688 \n| where EventData has_any (\"-encodedCommand\", \"powershell.exe\",\"powershell_ise.exe\",\"pwsh.exe\")\n| where not(EventData has_any ('gc_worker.exe', 'gc_service.exe'))\n//consider filtering on filename if perf issues occur\n//extend NewProcessName = tostring(EventData.NewProcessName)\n//extend Process=tostring(split(NewProcessName, '\\\\')[-1])\n//FileName = Process\n//where FileName in~ (\"powershell.exe\",\"powershell_ise.exe\",\"pwsh.exe\")\n| extend ParentProcessName = tostring(EventData.ParentProcessName)\n| where not(ParentProcessName has_any ('gc_worker.exe', 'gc_service.exe'))\n| extend CommandLine = tostring(EventData.CommandLine)\n| where CommandLine has \"-encodedCommand\"\n| parse kind=regex flags=i CommandLine with * \"-EncodedCommand \" encodedCommand\n| extend encodedCommand = iff(encodedCommand has \" \", tostring(split(encodedCommand, \" \")[0]), encodedCommand)\n// Note: currently the base64_decode_tostring function is limited to supporting UTF8\n| extend decodedCommand = translate('\\0','', base64_decode_tostring(substring(encodedCommand, 0, strlen(encodedCommand) -  (strlen(encodedCommand) %8)))), encodedCommand, CommandLine , strlen(encodedCommand)\n| extend EfectiveCommand = iff(isnotempty(encodedCommand), decodedCommand, CommandLine)\n| where EfectiveCommand matches regex regexEmpire\n| extend SubjectUserName = tostring(EventData.SubjectUserName)\n| extend SubjectDomainName = tostring(EventData.SubjectDomainName)\n| extend NewProcessName = tostring(EventData.NewProcessName)\n| extend Process=tostring(split(NewProcessName, '\\\\')[-1])\n| project TimeGenerated, Computer, Account = SubjectUserName, AccountDomain = SubjectDomainName, FileName = Process, EfectiveCommand, decodedCommand, encodedCommand, CommandLine, ParentProcessName\n| extend timestamp = TimeGenerated, AccountCustomEntity = Account, HostCustomEntity = Computer\n))\n",
                "queryFrequency": "PT12H",
                "queryPeriod": "PT12H",
                "severity": "Medium",
                "suppressionDuration": "PT1H",
                "suppressionEnabled": false,
                "triggerOperator": "GreaterThan",
                "triggerThreshold": 0,
                "status": "Available",
                "requiredDataConnectors": [
                  {
                    "connectorId": "SecurityEvents",
                    "dataTypes": [
                      "SecurityEvent"
                    ]
                  },
                  {
                    "connectorId": "WindowsSecurityEvents",
                    "dataTypes": [
                      "SecurityEvent"
                    ]
                  },
                  {
                    "connectorId": "WindowsSecurityEvents",
                    "dataTypes": [
                      "SecurityEvents"
                    ]
                  },
                  {
                    "connectorId": "WindowsForwardedEvents",
                    "dataTypes": [
                      "WindowsEvent"
                    ]
                  }
                ],
                "tactics": [
                  "Execution",
                  "Persistence"
                ],
                "entityMappings": [
                  {
                    "fieldMappings": [
                      {
                        "columnName": "AccountCustomEntity",
                        "identifier": "FullName"
                      }
                    ],
                    "entityType": "Account"
                  },
                  {
                    "fieldMappings": [
                      {
                        "columnName": "HostCustomEntity",
                        "identifier": "FullName"
                      }
                    ],
                    "entityType": "Host"
                  }
                ]
              }
            },
            {
              "type": "Microsoft.OperationalInsights/workspaces/providers/metadata",
              "apiVersion": "2022-01-01-preview",
              "name": "[concat(parameters('workspace'),'/Microsoft.SecurityInsights/',concat('AnalyticsRule-', last(split(resourceId('Microsoft.SecurityInsights/AlertRuleTemplates', 'ef88eb96-861c-43a0-ab16-f3835a97c928'),'/'))))]",
              "properties": {
                "description": "Attacker Tools Threat Protection Essentials Analytics Rule 4",
                "parentId": "[resourceId('Microsoft.SecurityInsights/AlertRuleTemplates', 'ef88eb96-861c-43a0-ab16-f3835a97c928')]",
                "contentId": "ef88eb96-861c-43a0-ab16-f3835a97c928",
                "kind": "AnalyticsRule",
                "version": "1.1.1",
                "source": {
                  "kind": "Solution",
                  "name": "Attacker Tools Threat Protection Essentials",
                  "sourceId": "azuresentinel.azure-sentinel-solution-attackertools"
                },
                "author": {
                  "name": "Microsoft",
                  "email": "support@microsoft.com"
                },
                "support": {
                  "name": "Microsoft Corporation",
                  "email": "support@microsoft.com",
                  "tier": "Microsoft",
                  "link": "https://support.microsoft.com"
                }
              }
            }
          ]
        }
      }
    }
  ]
}