{
  "$schema": "https://schema.management.azure.com/schemas/2019-04-01/deploymentTemplate.json#",
  "contentVersion": "1.0.0",
  "parameters": {
    "location": {
      "type": "string",
      "minLength": 1,
      "defaultValue": "[resourceGroup().location]",
      "metadata": {
        "description": "Not used, but needed to pass arm-ttk test `Location-Should-Not-Be-Hardcoded`.  We instead use the `workspace-location` which is derived from the LA workspace"
      }
    },
    "workspace": {
      "defaultValue": "",
      "type": "string",
      "metadata": {
        "description": "Workspace name for Log Analytics where Microsoft Sentinel is setup"
      }
    }
  },
  "resources": [
    {
      "type": "Microsoft.OperationalInsights/workspaces/providers/contentTemplates",
      "name": "[concat(parameters('workspace'),'/Microsoft.SecurityInsights/',concat(concat(parameters('workspace'),'-hq-',uniquestring('dde206fc-3f0b-4175-bb5d-42d2aae9d4c9')),'1.0.0'))]",
      "location": "[parameters('workspace-location')]",
      "apiVersion": "2022-08-01",
      "dependsOn": [
        "[extensionResourceId(resourceId('Microsoft.OperationalInsights/workspaces', parameters('workspace')), 'Microsoft.SecurityInsights/contentPackages', 'azuresentinel.azure-sentinel-solution-attackertools')]"
      ],
      "properties": {
        "contentId": "dde206fc-3f0b-4175-bb5d-42d2aae9d4c9",
        "displayName": "",
        "contentKind": "HuntingQuery",
        "mainTemplate": {
          "resources": [
            {
              "type": "Microsoft.OperationalInsights/savedSearches",
              "apiVersion": "2020-08-01",
              "name": "Attacker_Tools_Threat_Protection_Essentials_Hunting_Query_1",
              "location": "[parameters('workspace-location')]",
              "properties": {
                "eTag": "*",
                "displayName": "Cobalt Strike DNS Beaconing",
                "category": "Hunting Queries",
                "query": "\nlet badNames = dynamic([\"aaa.stage.\", \"post.1\"]);\n(union isfuzzy=true\n(DnsEvents \n| where Name has_any (badNames)\n| extend Domain = Name, SourceIp = ClientIP, RemoteIP = todynamic(IPAddresses)\n| mvexpand RemoteIP\n| extend RemoteIP = tostring(RemoteIP)),\n(VMConnection\n| where isnotempty(RemoteDnsCanonicalNames) \n| parse RemoteDnsCanonicalNames with * '[\"' DNSName '\"]' *\n| where DNSName has_any (badNames)\n| extend Domain = DNSName, RemoteIP = RemoteIp\n))\n| summarize StartTimeUtc = min(TimeGenerated), EndTimeUtc = max(TimeGenerated) by Domain, SourceIp, RemoteIP, Computer\n| extend timestamp = StartTimeUtc, HostCustomEntity = Computer, IPCustomEntity = RemoteIP\n",
                "version": 2,
                "tags": [
                  {
                    "name": "description",
                    "value": "Cobalt Strike is a famous Pen Test tool that is used by pen testers as well as attackers alike To compromise an environment. \nThe query tries to detect suspicious DNS queries known from Cobalt Strike beacons.\nThis is based out of sigma rules described here: https://github.com/Neo23x0/sigma/blob/master/rules/network/net_mal_dns_cobaltstrike.yml"
                  },
                  {
                    "name": "tactics",
                    "value": "CommandAndControl"
                  },
                  {
                    "name": "techniques",
                    "value": "T1568,T1008"
                  }
                ]
              }
            },
            {
              "type": "Microsoft.OperationalInsights/workspaces/providers/metadata",
              "apiVersion": "2022-01-01-preview",
              "name": "[concat(parameters('workspace'),'/Microsoft.SecurityInsights/',concat('HuntingQuery-', last(split(resourceId('Microsoft.OperationalInsights/savedSearches', 'dde206fc-3f0b-4175-bb5d-42d2aae9d4c9'),'/'))))]",
              "properties": {
                "description": "Attacker Tools Threat Protection Essentials Hunting Query 1",
                "parentId": "[resourceId('Microsoft.OperationalInsights/savedSearches', 'dde206fc-3f0b-4175-bb5d-42d2aae9d4c9')]",
                "contentId": "dde206fc-3f0b-4175-bb5d-42d2aae9d4c9",
                "kind": "HuntingQuery",
                "version": "1.0.0",
                "source": {
                  "kind": "Solution",
                  "name": "Attacker Tools Threat Protection Essentials",
                  "sourceId": "azuresentinel.azure-sentinel-solution-attackertools"
                },
                "author": {
                  "name": "Microsoft",
                  "email": "support@microsoft.com"
                },
                "support": {
                  "name": "Microsoft Corporation",
                  "email": "support@microsoft.com",
                  "tier": "Microsoft",
                  "link": "https://support.microsoft.com"
                }
              }
            }
          ]
        }
      }
    }
  ]
}