{
  "$schema": "https://schema.management.azure.com/schemas/2019-04-01/deploymentTemplate.json#",
  "contentVersion": "1.0.0.0",
  "metadata": {
    "author": "Microsoft - support@microsoft.com",
    "comments": "Solution template for Attacker Tools Threat Protection Essentials"
  },
  "parameters": {
    "location": {
      "type": "string",
      "minLength": 1,
      "defaultValue": "[resourceGroup().location]",
      "metadata": {
        "description": "Not used, but needed to pass arm-ttk test `Location-Should-Not-Be-Hardcoded`.  We instead use the `workspace-location` which is derived from the LA workspace"
      }
    },
    "workspace-location": {
      "type": "string",
      "defaultValue": "",
      "metadata": {
        "description": "[concat('Region to deploy solution resources -- separate from location selection',parameters('location'))]"
      }
    },
    "workspace": {
      "defaultValue": "",
      "type": "string",
      "metadata": {
        "description": "Workspace name for Log Analytics where Microsoft Sentinel is setup"
      }
    }
  },
  "resources": [
    {
      "name": "pid-8168e919-91a7-4521-94e5-3c430ecc158b-partnercenter",
      "type": "Microsoft.Resources/deployments",
      "apiVersion": "2020-10-01",
      "properties": {
        "mode": "Incremental",
        "template": {
          "$schema": "https://schema.management.azure.com/schemas/2019-04-01/deploymentTemplate.json#",
          "contentVersion": "1.0.0.0",
          "resources": []
        }
      }
    },
    {
      "type": "Microsoft.OperationalInsights/workspaces/providers/contentTemplates",
      "name": "[concat(parameters('workspace'),'/Microsoft.SecurityInsights/',concat(concat(parameters('workspace'),'-hq-',uniquestring('dde206fc-3f0b-4175-bb5d-42d2aae9d4c9')),'1.0.0'))]",
      "location": "[parameters('workspace-location')]",
      "apiVersion": "2022-08-01",
      "dependsOn": [
        "[extensionResourceId(resourceId('Microsoft.OperationalInsights/workspaces', parameters('workspace')), 'Microsoft.SecurityInsights/contentPackages', 'azuresentinel.azure-sentinel-solution-attackertools')]"
      ],
      "properties": {
        "contentId": "dde206fc-3f0b-4175-bb5d-42d2aae9d4c9",
        "displayName": "",
        "contentKind": "HuntingQuery",
        "mainTemplate": {
          "resources": [
            {
              "type": "Microsoft.OperationalInsights/savedSearches",
              "apiVersion": "2020-08-01",
              "name": "Attacker_Tools_Threat_Protection_Essentials_Hunting_Query_1",
              "location": "[parameters('workspace-location')]",
              "properties": {
                "eTag": "*",
                "displayName": "Cobalt Strike DNS Beaconing",
                "category": "Hunting Queries",
                "query": "\nlet badNames = dynamic([\"aaa.stage.\", \"post.1\"]);\n(union isfuzzy=true\n(DnsEvents \n| where Name has_any (badNames)\n| extend Domain = Name, SourceIp = ClientIP, RemoteIP = todynamic(IPAddresses)\n| mvexpand RemoteIP\n| extend RemoteIP = tostring(RemoteIP)),\n(VMConnection\n| where isnotempty(RemoteDnsCanonicalNames) \n| parse RemoteDnsCanonicalNames with * '[\"' DNSName '\"]' *\n| where DNSName has_any (badNames)\n| extend Domain = DNSName, RemoteIP = RemoteIp\n))\n| summarize StartTimeUtc = min(TimeGenerated), EndTimeUtc = max(TimeGenerated) by Domain, SourceIp, RemoteIP, Computer\n| extend timestamp = StartTimeUtc, HostCustomEntity = Computer, IPCustomEntity = RemoteIP\n",
                "version": 2,
                "tags": [
                  {
                    "name": "description",
                    "value": "Cobalt Strike is a famous Pen Test tool that is used by pen testers as well as attackers alike To compromise an environment. \nThe query tries to detect suspicious DNS queries known from Cobalt Strike beacons.\nThis is based out of sigma rules described here: https://github.com/Neo23x0/sigma/blob/master/rules/network/net_mal_dns_cobaltstrike.yml"
                  },
                  {
                    "name": "tactics",
                    "value": "CommandAndControl"
                  },
                  {
                    "name": "techniques",
                    "value": "T1568,T1008"
                  }
                ]
              }
            },
            {
              "type": "Microsoft.OperationalInsights/workspaces/providers/metadata",
              "apiVersion": "2022-01-01-preview",
              "name": "[concat(parameters('workspace'),'/Microsoft.SecurityInsights/',concat('HuntingQuery-', last(split(resourceId('Microsoft.OperationalInsights/savedSearches', 'dde206fc-3f0b-4175-bb5d-42d2aae9d4c9'),'/'))))]",
              "properties": {
                "description": "Attacker Tools Threat Protection Essentials Hunting Query 1",
                "parentId": "[resourceId('Microsoft.OperationalInsights/savedSearches', 'dde206fc-3f0b-4175-bb5d-42d2aae9d4c9')]",
                "contentId": "dde206fc-3f0b-4175-bb5d-42d2aae9d4c9",
                "kind": "HuntingQuery",
                "version": "1.0.0",
                "source": {
                  "kind": "Solution",
                  "name": "Attacker Tools Threat Protection Essentials",
                  "sourceId": "azuresentinel.azure-sentinel-solution-attackertools"
                },
                "author": {
                  "name": "Microsoft",
                  "email": "support@microsoft.com"
                },
                "support": {
                  "name": "Microsoft Corporation",
                  "email": "support@microsoft.com",
                  "tier": "Microsoft",
                  "link": "https://support.microsoft.com"
                }
              }
            }
          ]
        }
      }
    },
    {
      "type": "Microsoft.OperationalInsights/workspaces/providers/contentTemplates",
      "name": "[concat(parameters('workspace'),'/Microsoft.SecurityInsights/',concat(concat(parameters('workspace'),'-hq-',uniquestring('24ae555c-5e33-4b5d-827a-44206e39f6b4')),'1.0.0'))]",
      "location": "[parameters('workspace-location')]",
      "apiVersion": "2022-08-01",
      "dependsOn": [
        "[extensionResourceId(resourceId('Microsoft.OperationalInsights/workspaces', parameters('workspace')), 'Microsoft.SecurityInsights/contentPackages', 'azuresentinel.azure-sentinel-solution-attackertools')]"
      ],
      "properties": {
        "contentId": "24ae555c-5e33-4b5d-827a-44206e39f6b4",
        "displayName": "",
        "contentKind": "HuntingQuery",
        "mainTemplate": {
          "resources": [
            {
              "type": "Microsoft.OperationalInsights/savedSearches",
              "apiVersion": "2020-08-01",
              "name": "Attacker_Tools_Threat_Protection_Essentials_Hunting_Query_2",
              "location": "[parameters('workspace-location')]",
              "properties": {
                "eTag": "*",
                "displayName": "Potential Impacket Execution",
                "category": "Hunting Queries",
                "query": "(union isfuzzy=true\n(SecurityEvent\n| where EventID == '5145'\n| where RelativeTargetName has 'SYSTEM32' and RelativeTargetName endswith @\".tmp\"\n| where ShareName has \"\\\\\\\\*\\\\ADMIN$\"\n),\n(WindowsEvent\n| where EventID == '5145' \n| extend RelativeTargetName= tostring(EventData.RelativeTargetName)\n| extend ShareName= tostring(EventData.ShareName)\n| where RelativeTargetName has 'SYSTEM32' and RelativeTargetName endswith @\".tmp\"\n| where ShareName has \"\\\\\\\\*\\\\ADMIN$\"\n| extend Account =  strcat(tostring(EventData.SubjectDomainName),\"\\\\\", tostring(EventData.SubjectUserName))\n)\n)\n| extend timestamp = TimeGenerated, AccountCustomEntity = Account, HostCustomEntity = Computer\n",
                "version": 2,
                "tags": [
                  {
                    "name": "description",
                    "value": "This hunting query identifies execution of Impacket tool. Impacket is a popular tool used by attackers for remote service execution, Kerberos manipulation and Windows credential dumping.\n Refrence: https://twitter.com/SBousseaden/status/1286750095296335883"
                  },
                  {
                    "name": "tactics",
                    "value": "CredentialAccess"
                  },
                  {
                    "name": "techniques",
                    "value": "T1003"
                  }
                ]
              }
            },
            {
              "type": "Microsoft.OperationalInsights/workspaces/providers/metadata",
              "apiVersion": "2022-01-01-preview",
              "name": "[concat(parameters('workspace'),'/Microsoft.SecurityInsights/',concat('HuntingQuery-', last(split(resourceId('Microsoft.OperationalInsights/savedSearches', '24ae555c-5e33-4b5d-827a-44206e39f6b4'),'/'))))]",
              "properties": {
                "description": "Attacker Tools Threat Protection Essentials Hunting Query 2",
                "parentId": "[resourceId('Microsoft.OperationalInsights/savedSearches', '24ae555c-5e33-4b5d-827a-44206e39f6b4')]",
                "contentId": "24ae555c-5e33-4b5d-827a-44206e39f6b4",
                "kind": "HuntingQuery",
                "version": "1.0.0",
                "source": {
                  "kind": "Solution",
                  "name": "Attacker Tools Threat Protection Essentials",
                  "sourceId": "azuresentinel.azure-sentinel-solution-attackertools"
                },
                "author": {
                  "name": "Microsoft",
                  "email": "support@microsoft.com"
                },
                "support": {
                  "name": "Microsoft Corporation",
                  "email": "support@microsoft.com",
                  "tier": "Microsoft",
                  "link": "https://support.microsoft.com"
                }
              }
            }
          ]
        }
      }
    },
    {
      "type": "Microsoft.OperationalInsights/workspaces/providers/contentTemplates",
      "name": "[concat(parameters('workspace'),'/Microsoft.SecurityInsights/',concat(concat(parameters('workspace'),'-ar-',uniquestring('c63ae777-d5e0-4113-8c9a-c2c9d3d09fcd')),'1.0.1'))]",
      "location": "[parameters('workspace-location')]",
      "apiVersion": "2022-08-01",
      "dependsOn": [
        "[extensionResourceId(resourceId('Microsoft.OperationalInsights/workspaces', parameters('workspace')), 'Microsoft.SecurityInsights/contentPackages', 'azuresentinel.azure-sentinel-solution-attackertools')]"
      ],
      "properties": {
        "contentId": "c63ae777-d5e0-4113-8c9a-c2c9d3d09fcd",
        "displayName": "Probable AdFind Recon Tool Usage",
        "contentKind": "AnalyticsRule",
        "mainTemplate": {
          "resources": [
            {
              "type": "Microsoft.SecurityInsights/AlertRuleTemplates",
              "name": "c63ae777-d5e0-4113-8c9a-c2c9d3d09fcd",
              "apiVersion": "2022-04-01-preview",
              "kind": "Scheduled",
              "location": "[parameters('workspace-location')]",
              "properties": {
                "description": "Identifies the host and account that executed AdFind by hash and filename in addition to common and unique flags that are used by many threat actors in discovery.",
                "displayName": "Probable AdFind Recon Tool Usage",
                "enabled": false,
                "query": "\nlet args = dynamic([\"objectcategory\",\"domainlist\",\"dcmodes\",\"adinfo\",\"trustdmp\",\"computers_pwdnotreqd\",\"Domain Admins\", \"objectcategory=person\", \"objectcategory=computer\", \"objectcategory=*\",\"dclist\"]);\nlet parentProcesses = dynamic([\"pwsh.exe\",\"powershell.exe\",\"cmd.exe\"]);\nDeviceProcessEvents\n//looks for execution from a shell\n| where InitiatingProcessFileName in (parentProcesses)\n// main filter\n| where FileName =~ \"AdFind.exe\" or SHA256 == \"c92c158d7c37fea795114fa6491fe5f145ad2f8c08776b18ae79db811e8e36a3\"\n   // AdFind common Flags to check for from various threat actor TTPs\n    or ProcessCommandLine has_any (args)\n| extend AccountCustomEntity = AccountName, HostCustomEntity = DeviceName, ProcessCustomEntity = InitiatingProcessFileName, CommandLineCustomEntity = ProcessCommandLine, AlgorithmCustomEntity = \"SHA256\", FileHashCustomEntity = SHA256\n",
                "queryFrequency": "PT1H",
                "queryPeriod": "PT1H",
                "severity": "High",
                "suppressionDuration": "PT1H",
                "suppressionEnabled": false,
                "triggerOperator": "GreaterThan",
                "triggerThreshold": 0,
                "status": "Available",
                "requiredDataConnectors": [
                  {
                    "connectorId": "MicrosoftThreatProtection",
                    "dataTypes": [
                      "DeviceProcessEvents"
                    ]
                  }
                ],
                "tactics": [
                  "Discovery"
                ],
                "entityMappings": [
                  {
                    "fieldMappings": [
                      {
                        "columnName": "AccountCustomEntity",
                        "identifier": "FullName"
                      }
                    ],
                    "entityType": "Account"
                  },
                  {
                    "fieldMappings": [
                      {
                        "columnName": "HostCustomEntity",
                        "identifier": "HostName"
                      }
                    ],
                    "entityType": "Host"
                  },
                  {
                    "fieldMappings": [
                      {
                        "columnName": "ProcessCustomEntity",
                        "identifier": "ProcessId"
                      },
                      {
                        "columnName": "CommandLineCustomEntity",
                        "identifier": "CommandLine"
                      }
                    ],
                    "entityType": "Process"
                  },
                  {
                    "fieldMappings": [
                      {
                        "columnName": "AlgorithmCustomEntity",
                        "identifier": "Algorithm"
                      },
                      {
                        "columnName": "FileHashCustomEntity",
                        "identifier": "Value"
                      }
                    ],
                    "entityType": "FileHash"
                  }
                ]
              }
            },
            {
              "type": "Microsoft.OperationalInsights/workspaces/providers/metadata",
              "apiVersion": "2022-01-01-preview",
              "name": "[concat(parameters('workspace'),'/Microsoft.SecurityInsights/',concat('AnalyticsRule-', last(split(resourceId('Microsoft.SecurityInsights/AlertRuleTemplates', 'c63ae777-d5e0-4113-8c9a-c2c9d3d09fcd'),'/'))))]",
              "properties": {
                "description": "Attacker Tools Threat Protection Essentials Analytics Rule 1",
                "parentId": "[resourceId('Microsoft.SecurityInsights/AlertRuleTemplates', 'c63ae777-d5e0-4113-8c9a-c2c9d3d09fcd')]",
                "contentId": "c63ae777-d5e0-4113-8c9a-c2c9d3d09fcd",
                "kind": "AnalyticsRule",
                "version": "1.0.1",
                "source": {
                  "kind": "Solution",
                  "name": "Attacker Tools Threat Protection Essentials",
                  "sourceId": "azuresentinel.azure-sentinel-solution-attackertools"
                },
                "author": {
                  "name": "Microsoft",
                  "email": "support@microsoft.com"
                },
                "support": {
                  "name": "Microsoft Corporation",
                  "email": "support@microsoft.com",
                  "tier": "Microsoft",
                  "link": "https://support.microsoft.com"
                }
              }
            }
          ]
        }
      }
    },
    {
      "type": "Microsoft.OperationalInsights/workspaces/providers/contentTemplates",
      "name": "[concat(parameters('workspace'),'/Microsoft.SecurityInsights/',concat(concat(parameters('workspace'),'-ar-',uniquestring('4ebbb5c2-8802-11ec-a8a3-0242ac120002')),'1.0.1'))]",
      "location": "[parameters('workspace-location')]",
      "apiVersion": "2022-08-01",
      "dependsOn": [
        "[extensionResourceId(resourceId('Microsoft.OperationalInsights/workspaces', parameters('workspace')), 'Microsoft.SecurityInsights/contentPackages', 'azuresentinel.azure-sentinel-solution-attackertools')]"
      ],
      "properties": {
        "contentId": "4ebbb5c2-8802-11ec-a8a3-0242ac120002",
        "displayName": "Credential Dumping Tools - Service Installation",
        "contentKind": "AnalyticsRule",
        "mainTemplate": {
          "resources": [
            {
              "type": "Microsoft.SecurityInsights/AlertRuleTemplates",
              "name": "4ebbb5c2-8802-11ec-a8a3-0242ac120002",
              "apiVersion": "2022-04-01-preview",
              "kind": "Scheduled",
              "location": "[parameters('workspace-location')]",
              "properties": {
                "description": "This query detects the installation of a Windows service that contains artifacts from credential dumping tools such as Mimikatz.\nRef: https://blueteamblog.com/darkside-ransomware-operations-preventions-and-detections",
                "displayName": "Credential Dumping Tools - Service Installation",
                "enabled": false,
                "query": "// Enter a reference list of decoy users (usernames) \"Case Sensitive\"\nlet MaliciousServiceArtifacts = dynamic ([\"fgexec\",\"cachedump\",\"mimikatz\",\"mimidrv\",\"wceservice\",\"pwdump\"]);\nEvent\n| where Source == \"Service Control Manager\" and EventID == 7045\n| parse EventData with * 'ServiceName\">' ServiceName \"<\" * 'ImagePath\">' ImagePath \"<\" *\n| where ServiceName has_any (MaliciousServiceArtifacts) or ImagePath has_any (MaliciousServiceArtifacts)\n| parse EventData with * 'AccountName\">' AccountName \"<\" *\n|summarize StartTime = min(TimeGenerated), EndTime = max(TimeGenerated) by EventID, Computer, ServiceName, ImagePath, AccountName\n",
                "queryFrequency": "PT1H",
                "queryPeriod": "PT1H",
                "severity": "High",
                "suppressionDuration": "PT1H",
                "suppressionEnabled": false,
                "triggerOperator": "GreaterThan",
                "triggerThreshold": 0,
                "status": "Available",
                "requiredDataConnectors": [
                  {
                    "connectorId": "SecurityEvents",
                    "dataTypes": [
                      "Event"
                    ]
                  }
                ],
                "tactics": [
                  "CredentialAccess"
                ],
                "entityMappings": [
                  {
                    "fieldMappings": [
                      {
                        "columnName": "AccountName",
                        "identifier": "FullName"
                      }
                    ],
                    "entityType": "Account"
                  },
                  {
                    "fieldMappings": [
                      {
                        "columnName": "ImagePath",
                        "identifier": "Name"
                      }
                    ],
                    "entityType": "File"
                  },
                  {
                    "fieldMappings": [
                      {
                        "columnName": "Computer",
                        "identifier": "FullName"
                      }
                    ],
                    "entityType": "Host"
                  }
                ]
              }
            },
            {
              "type": "Microsoft.OperationalInsights/workspaces/providers/metadata",
              "apiVersion": "2022-01-01-preview",
              "name": "[concat(parameters('workspace'),'/Microsoft.SecurityInsights/',concat('AnalyticsRule-', last(split(resourceId('Microsoft.SecurityInsights/AlertRuleTemplates', '4ebbb5c2-8802-11ec-a8a3-0242ac120002'),'/'))))]",
              "properties": {
                "description": "Attacker Tools Threat Protection Essentials Analytics Rule 2",
                "parentId": "[resourceId('Microsoft.SecurityInsights/AlertRuleTemplates', '4ebbb5c2-8802-11ec-a8a3-0242ac120002')]",
                "contentId": "4ebbb5c2-8802-11ec-a8a3-0242ac120002",
                "kind": "AnalyticsRule",
                "version": "1.0.1",
                "source": {
                  "kind": "Solution",
                  "name": "Attacker Tools Threat Protection Essentials",
                  "sourceId": "azuresentinel.azure-sentinel-solution-attackertools"
                },
                "author": {
                  "name": "Microsoft",
                  "email": "support@microsoft.com"
                },
                "support": {
                  "name": "Microsoft Corporation",
                  "email": "support@microsoft.com",
                  "tier": "Microsoft",
                  "link": "https://support.microsoft.com"
                }
              }
            }
          ]
        }
      }
    },
    {
      "type": "Microsoft.OperationalInsights/workspaces/providers/contentTemplates",
      "name": "[concat(parameters('workspace'),'/Microsoft.SecurityInsights/',concat(concat(parameters('workspace'),'-ar-',uniquestring('32ffb19e-8ed8-40ed-87a0-1adb4746b7c4')),'1.0.1'))]",
      "location": "[parameters('workspace-location')]",
      "apiVersion": "2022-08-01",
      "dependsOn": [
        "[extensionResourceId(resourceId('Microsoft.OperationalInsights/workspaces', parameters('workspace')), 'Microsoft.SecurityInsights/contentPackages', 'azuresentinel.azure-sentinel-solution-attackertools')]"
      ],
      "properties": {
        "contentId": "32ffb19e-8ed8-40ed-87a0-1adb4746b7c4",
        "displayName": "Credential Dumping Tools - File Artifacts",
        "contentKind": "AnalyticsRule",
        "mainTemplate": {
          "resources": [
            {
              "type": "Microsoft.SecurityInsights/AlertRuleTemplates",
              "name": "32ffb19e-8ed8-40ed-87a0-1adb4746b7c4",
              "apiVersion": "2022-04-01-preview",
              "kind": "Scheduled",
              "location": "[parameters('workspace-location')]",
              "properties": {
                "description": "This query detects the creation of credential dumping tools files. Several credential dumping tools export files with hardcoded file names.\nRef: https://jpcertcc.github.io/ToolAnalysisResultSheet/",
                "displayName": "Credential Dumping Tools - File Artifacts",
                "enabled": false,
                "query": "// Enter a reference list of malicious file artifacts\nlet MaliciousFileArtifacts = dynamic ([\"lsass.dmp\",\"test.pwd\",\"lsremora.dll\",\"lsremora64.dll\",\"fgexec.exe\",\"pwdump\",\"kirbi\",\"wce_ccache\",\"wce_krbtkts\",\"wceaux.dll\",\"PwHashes\",\"SAM.out\",\"SECURITY.out\",\"SYSTEM.out\",\"NTDS.out\" \"DumpExt.dll\",\"DumpSvc.exe\",\"cachedump64.exe\",\"cachedump.exe\",\"pstgdump.exe\",\"servpw64.exe\",\"servpw.exe\",\"pwdump.exe\",\"fgdump-log\"]);\nEvent\n| where EventLog == \"Microsoft-Windows-Sysmon/Operational\" and EventID==11\n| parse EventData with * 'TargetFilename\">' TargetFilename \"<\" *\n| where TargetFilename has_any (MaliciousFileArtifacts)\n| parse EventData with * 'ProcessGuid\">' ProcessGuid \"<\" * 'Image\">' Image \"<\" *\n| summarize StartTime = min(TimeGenerated), EndTime = max(TimeGenerated) by EventID, Computer, Image, ProcessGuid, TargetFilename\n",
                "queryFrequency": "PT1H",
                "queryPeriod": "PT1H",
                "severity": "High",
                "suppressionDuration": "PT1H",
                "suppressionEnabled": false,
                "triggerOperator": "GreaterThan",
                "triggerThreshold": 0,
                "status": "Available",
                "requiredDataConnectors": [
                  {
                    "connectorId": "SecurityEvents",
                    "dataTypes": [
                      "Event"
                    ]
                  }
                ],
                "tactics": [
                  "CredentialAccess"
                ],
                "entityMappings": [
                  {
                    "fieldMappings": [
                      {
                        "columnName": "TargetFilename",
                        "identifier": "Name"
                      }
                    ],
                    "entityType": "File"
                  },
                  {
                    "fieldMappings": [
                      {
                        "columnName": "Computer",
                        "identifier": "FullName"
                      }
                    ],
                    "entityType": "Host"
                  },
                  {
                    "fieldMappings": [
                      {
                        "columnName": "Image",
                        "identifier": "CommandLine"
                      }
                    ],
                    "entityType": "Process"
                  }
                ]
              }
            },
            {
              "type": "Microsoft.OperationalInsights/workspaces/providers/metadata",
              "apiVersion": "2022-01-01-preview",
              "name": "[concat(parameters('workspace'),'/Microsoft.SecurityInsights/',concat('AnalyticsRule-', last(split(resourceId('Microsoft.SecurityInsights/AlertRuleTemplates', '32ffb19e-8ed8-40ed-87a0-1adb4746b7c4'),'/'))))]",
              "properties": {
                "description": "Attacker Tools Threat Protection Essentials Analytics Rule 3",
                "parentId": "[resourceId('Microsoft.SecurityInsights/AlertRuleTemplates', '32ffb19e-8ed8-40ed-87a0-1adb4746b7c4')]",
                "contentId": "32ffb19e-8ed8-40ed-87a0-1adb4746b7c4",
                "kind": "AnalyticsRule",
                "version": "1.0.1",
                "source": {
                  "kind": "Solution",
                  "name": "Attacker Tools Threat Protection Essentials",
                  "sourceId": "azuresentinel.azure-sentinel-solution-attackertools"
                },
                "author": {
                  "name": "Microsoft",
                  "email": "support@microsoft.com"
                },
                "support": {
                  "name": "Microsoft Corporation",
                  "email": "support@microsoft.com",
                  "tier": "Microsoft",
                  "link": "https://support.microsoft.com"
                }
              }
            }
          ]
        }
      }
    },
    {
      "type": "Microsoft.OperationalInsights/workspaces/providers/contentTemplates",
      "name": "[concat(parameters('workspace'),'/Microsoft.SecurityInsights/',concat(concat(parameters('workspace'),'-ar-',uniquestring('ef88eb96-861c-43a0-ab16-f3835a97c928')),'1.1.1'))]",
      "location": "[parameters('workspace-location')]",
      "apiVersion": "2022-08-01",
      "dependsOn": [
        "[extensionResourceId(resourceId('Microsoft.OperationalInsights/workspaces', parameters('workspace')), 'Microsoft.SecurityInsights/contentPackages', 'azuresentinel.azure-sentinel-solution-attackertools')]"
      ],
      "properties": {
        "contentId": "ef88eb96-861c-43a0-ab16-f3835a97c928",
        "displayName": "Powershell Empire cmdlets seen in command line",
        "contentKind": "AnalyticsRule",
        "mainTemplate": {
          "resources": [
            {
              "type": "Microsoft.SecurityInsights/AlertRuleTemplates",
              "name": "ef88eb96-861c-43a0-ab16-f3835a97c928",
              "apiVersion": "2022-04-01-preview",
              "kind": "Scheduled",
              "location": "[parameters('workspace-location')]",
              "properties": {
                "description": "Identifies instances of PowerShell Empire cmdlets in powershell process command line data.",
                "displayName": "Powershell Empire cmdlets seen in command line",
                "enabled": false,
                "query": "\nlet regexEmpire = @\"SetDelay|GetDelay|Set-LostLimit|Get-LostLimit|Set-Killdate|Get-Killdate|Set-WorkingHours|Get-WorkingHours|Get-Sysinfo|Add-Servers|Invoke-ShellCommand|Start-AgentJob|Update-Profile|Get-FilePart|Encrypt-Bytes|Decrypt-Bytes|Encode-Packet|Decode-Packet|Send-Message|Process-Packet|Process-Tasking|Get-Task|Start-Negotiate|Invoke-DllInjection|Invoke-ReflectivePEInjection|Invoke-Shellcode|Invoke-ShellcodeMSIL|Get-ChromeDump|Get-ClipboardContents|Get-IndexedItem|Get-Keystrokes|Invoke-Inveigh|Invoke-NetRipper|local:Invoke-PatchDll|Invoke-NinjaCopy|Get-Win32Types|Get-Win32Constants|Get-Win32Functions|Sub-SignedIntAsUnsigned|Add-SignedIntAsUnsigned|Compare-Val1GreaterThanVal2AsUInt|Convert-UIntToInt|Test-MemoryRangeValid|Write-BytesToMemory|Get-DelegateType|Get-ProcAddress|Enable-SeDebugPrivilege|Invoke-CreateRemoteThread|Get-ImageNtHeaders|Get-PEBasicInfo|Get-PEDetailedInfo|Import-DllInRemoteProcess|Get-RemoteProcAddress|Copy-Sections|Update-MemoryAddresses|Import-DllImports|Get-VirtualProtectValue|Update-MemoryProtectionFlags|Update-ExeFunctions|Copy-ArrayOfMemAddresses|Get-MemoryProcAddress|Invoke-MemoryLoadLibrary|Invoke-MemoryFreeLibrary|Out-Minidump|Get-VaultCredential|Invoke-DCSync|Translate-Name|Get-NetDomain|Get-NetForest|Get-NetForestDomain|Get-DomainSearcher|Get-NetComputer|Get-NetGroupMember|Get-NetUser|Invoke-Mimikatz|Invoke-PowerDump|Invoke-TokenManipulation|Exploit-JMXConsole|Exploit-JBoss|Invoke-Thunderstruck|Invoke-VoiceTroll|Set-WallPaper|Invoke-PsExec|Invoke-SSHCommand|Invoke-PSInject|Invoke-RunAs|Invoke-SendMail|Invoke-Rule|Get-OSVersion|Select-EmailItem|View-Email|Get-OutlookFolder|Get-EmailItems|Invoke-MailSearch|Get-SubFolders|Get-GlobalAddressList|Invoke-SearchGAL|Get-SMTPAddress|Disable-SecuritySettings|Reset-SecuritySettings|Get-OutlookInstance|New-HoneyHash|Set-MacAttribute|Invoke-PatchDll|Get-SecurityPackages|Install-SSP|Invoke-BackdoorLNK|New-ElevatedPersistenceOption|New-UserPersistenceOption|Add-Persistence|Invoke-CallbackIEX|Add-PSFirewallRules|Invoke-EventLoop|Invoke-PortBind|Invoke-DNSLoop|Invoke-PacketKnock|Invoke-CallbackLoop|Invoke-BypassUAC|Get-DecryptedCpassword|Get-GPPInnerFields|Invoke-WScriptBypassUAC|Get-ModifiableFile|Get-ServiceUnquoted|Get-ServiceFilePermission|Get-ServicePermission|Invoke-ServiceUserAdd|Invoke-ServiceCMD|Write-UserAddServiceBinary|Write-CMDServiceBinary|Write-ServiceEXE|Write-ServiceEXECMD|Restore-ServiceEXE|Invoke-ServiceStart|Invoke-ServiceStop|Invoke-ServiceEnable|Invoke-ServiceDisable|Get-ServiceDetail|Find-DLLHijack|Find-PathHijack|Write-HijackDll|Get-RegAlwaysInstallElevated|Get-RegAutoLogon|Get-VulnAutoRun|Get-VulnSchTask|Get-UnattendedInstallFile|Get-Webconfig|Get-ApplicationHost|Write-UserAddMSI|Invoke-AllChecks|Invoke-ThreadedFunction|Test-Login|Get-UserAgent|Test-Password|Get-ComputerDetails|Find-4648Logons|Find-4624Logons|Find-AppLockerLogs|Find-PSScriptsInPSAppLog|Find-RDPClientConnections|Get-SystemDNSServer|Invoke-Paranoia|Invoke-WinEnum{|Get-SPN|Invoke-ARPScan|Invoke-Portscan|Invoke-ReverseDNSLookup|Invoke-SMBScanner|New-InMemoryModule|Add-Win32Type|Export-PowerViewCSV|Get-MacAttribute|Copy-ClonedFile|Get-IPAddress|Convert-NameToSid|Convert-SidToName|Convert-NT4toCanonical|Get-Proxy|Get-PathAcl|Get-NameField|Convert-LDAPProperty|Get-NetDomainController|Add-NetUser|Add-NetGroupUser|Get-UserProperty|Find-UserField|Get-UserEvent|Get-ObjectAcl|Add-ObjectAcl|Invoke-ACLScanner|Get-GUIDMap|Get-ADObject|Set-ADObject|Get-ComputerProperty|Find-ComputerField|Get-NetOU|Get-NetSite|Get-NetSubnet|Get-DomainSID|Get-NetGroup|Get-NetFileServer|SplitPath|Get-DFSshare|Get-DFSshareV1|Get-DFSshareV2|Get-GptTmpl|Get-GroupsXML|Get-NetGPO|Get-NetGPOGroup|Find-GPOLocation|Find-GPOComputerAdmin|Get-DomainPolicy|Get-NetLocalGroup|Get-NetShare|Get-NetLoggedon|Get-NetSession|Get-NetRDPSession|Invoke-CheckLocalAdminAccess|Get-LastLoggedOn|Get-NetProcess|Find-InterestingFile|Invoke-CheckWrite|Invoke-UserHunter|Invoke-StealthUserHunter|Invoke-ProcessHunter|Invoke-EventHunter|Invoke-ShareFinder|Invoke-FileFinder|Find-LocalAdminAccess|Get-ExploitableSystem|Invoke-EnumerateLocalAdmin|Get-NetDomainTrust|Get-NetForestTrust|Find-ForeignUser|Find-ForeignGroup|Invoke-MapDomainTrust|Get-Hex|Create-RemoteThread|Get-FoxDump|Decrypt-CipherText|Get-Screenshot|Start-HTTP-Server|Local:Invoke-CreateRemoteThread|Local:Get-Win32Functions|Local:Inject-NetRipper|GetCommandLine|ElevatePrivs|Get-RegKeyClass|Get-BootKey|Get-HBootKey|Get-UserName|Get-UserHashes|DecryptHashes|DecryptSingleHash|Get-UserKeys|DumpHashes|Enable-SeAssignPrimaryTokenPrivilege|Enable-Privilege|Set-DesktopACLs|Set-DesktopACLToAllowEveryone|Get-PrimaryToken|Get-ThreadToken|Get-TokenInformation|Get-UniqueTokens|Find-GPOLocation|Find-GPOComputerAdmin|Get-DomainPolicy|Get-NetLocalGroup|Get-NetShare|Get-NetLoggedon|Get-NetSession|Get-NetRDPSession|Invoke-CheckLocalAdminAccess|Get-LastLoggedOn|Get-NetProcess|Find-InterestingFile|Invoke-CheckWrite|Invoke-UserHunter|Invoke-StealthUserHunter|Invoke-ProcessHunter|Invoke-EventHunter|Invoke-ShareFinder|Invoke-FileFinder|Find-LocalAdminAccess|Get-ExploitableSystem|Invoke-EnumerateLocalAdmin|Get-NetDomainTrust|Get-NetForestTrust|Find-ForeignUser|Find-ForeignGroup|Invoke-MapDomainTrust|Get-Hex|Create-RemoteThread|Get-FoxDump|Decrypt-CipherText|Get-Screenshot|Start-HTTP-Server|Local:Invoke-CreateRemoteThread|Local:Get-Win32Functions|Local:Inject-NetRipper|GetCommandLine|ElevatePrivs|Get-RegKeyClass|Get-BootKey|Get-HBootKey|Get-UserName|Get-UserHashes|DecryptHashes|DecryptSingleHash|Get-UserKeys|DumpHashes|Enable-SeAssignPrimaryTokenPrivilege|Enable-Privilege|Set-DesktopACLs|Set-DesktopACLToAllowEveryone|Get-PrimaryToken|Get-ThreadToken|Get-TokenInformation|Get-UniqueTokens|Invoke-ImpersonateUser|Create-ProcessWithToken|Free-AllTokens|Enum-AllTokens|Invoke-RevertToSelf|Set-Speaker\\(\\$Volume\\){\\$wshShell|Local:Get-RandomString|Local:Invoke-PsExecCmd|Get-GPPPassword|Local:Inject-BypassStuff|Local:Invoke-CopyFile\\(\\$sSource,|ind-Fruit|New-IPv4Range|New-IPv4RangeFromCIDR|Parse-Hosts|Parse-ILHosts|Exclude-Hosts|Get-TopPort|Parse-Ports|Parse-IpPorts|Remove-Ports|Write-PortscanOut|Convert-SwitchtoBool|Get-ForeignUser|Get-ForeignGroup\";\n(union isfuzzy=true\n (SecurityEvent\n| where EventID == 4688\n//consider filtering on filename if perf issues occur\n//where FileName in~ (\"powershell.exe\",\"powershell_ise.exe\",\"pwsh.exe\")\n| where not(ParentProcessName has_any ('gc_worker.exe', 'gc_service.exe'))\n| where CommandLine has \"-encodedCommand\"\n| parse kind=regex flags=i CommandLine with * \"-EncodedCommand \" encodedCommand\n| extend encodedCommand = iff(encodedCommand has \" \", tostring(split(encodedCommand, \" \")[0]), encodedCommand)\n// Note: currently the base64_decode_tostring function is limited to supporting UTF8\n| extend decodedCommand = translate('\\0','', base64_decode_tostring(substring(encodedCommand, 0, strlen(encodedCommand) -  (strlen(encodedCommand) %8)))), encodedCommand, CommandLine , strlen(encodedCommand)\n| extend EfectiveCommand = iff(isnotempty(encodedCommand), decodedCommand, CommandLine)\n| where EfectiveCommand matches regex regexEmpire\n| project TimeGenerated, Computer, Account = SubjectUserName, AccountDomain = SubjectDomainName, FileName = Process, EfectiveCommand, decodedCommand, encodedCommand, CommandLine, ParentProcessName\n| extend timestamp = TimeGenerated, AccountCustomEntity = Account, HostCustomEntity = Computer\n),\n(WindowsEvent\n| where EventID == 4688 \n| where EventData has_any (\"-encodedCommand\", \"powershell.exe\",\"powershell_ise.exe\",\"pwsh.exe\")\n| where not(EventData has_any ('gc_worker.exe', 'gc_service.exe'))\n//consider filtering on filename if perf issues occur\n//extend NewProcessName = tostring(EventData.NewProcessName)\n//extend Process=tostring(split(NewProcessName, '\\\\')[-1])\n//FileName = Process\n//where FileName in~ (\"powershell.exe\",\"powershell_ise.exe\",\"pwsh.exe\")\n| extend ParentProcessName = tostring(EventData.ParentProcessName)\n| where not(ParentProcessName has_any ('gc_worker.exe', 'gc_service.exe'))\n| extend CommandLine = tostring(EventData.CommandLine)\n| where CommandLine has \"-encodedCommand\"\n| parse kind=regex flags=i CommandLine with * \"-EncodedCommand \" encodedCommand\n| extend encodedCommand = iff(encodedCommand has \" \", tostring(split(encodedCommand, \" \")[0]), encodedCommand)\n// Note: currently the base64_decode_tostring function is limited to supporting UTF8\n| extend decodedCommand = translate('\\0','', base64_decode_tostring(substring(encodedCommand, 0, strlen(encodedCommand) -  (strlen(encodedCommand) %8)))), encodedCommand, CommandLine , strlen(encodedCommand)\n| extend EfectiveCommand = iff(isnotempty(encodedCommand), decodedCommand, CommandLine)\n| where EfectiveCommand matches regex regexEmpire\n| extend SubjectUserName = tostring(EventData.SubjectUserName)\n| extend SubjectDomainName = tostring(EventData.SubjectDomainName)\n| extend NewProcessName = tostring(EventData.NewProcessName)\n| extend Process=tostring(split(NewProcessName, '\\\\')[-1])\n| project TimeGenerated, Computer, Account = SubjectUserName, AccountDomain = SubjectDomainName, FileName = Process, EfectiveCommand, decodedCommand, encodedCommand, CommandLine, ParentProcessName\n| extend timestamp = TimeGenerated, AccountCustomEntity = Account, HostCustomEntity = Computer\n))\n",
                "queryFrequency": "PT12H",
                "queryPeriod": "PT12H",
                "severity": "Medium",
                "suppressionDuration": "PT1H",
                "suppressionEnabled": false,
                "triggerOperator": "GreaterThan",
                "triggerThreshold": 0,
                "status": "Available",
                "requiredDataConnectors": [
                  {
                    "connectorId": "SecurityEvents",
                    "dataTypes": [
                      "SecurityEvent"
                    ]
                  },
                  {
                    "connectorId": "WindowsSecurityEvents",
                    "dataTypes": [
                      "SecurityEvent"
                    ]
                  },
                  {
                    "connectorId": "WindowsSecurityEvents",
                    "dataTypes": [
                      "SecurityEvents"
                    ]
                  },
                  {
                    "connectorId": "WindowsForwardedEvents",
                    "dataTypes": [
                      "WindowsEvent"
                    ]
                  }
                ],
                "tactics": [
                  "Execution",
                  "Persistence"
                ],
                "entityMappings": [
                  {
                    "fieldMappings": [
                      {
                        "columnName": "AccountCustomEntity",
                        "identifier": "FullName"
                      }
                    ],
                    "entityType": "Account"
                  },
                  {
                    "fieldMappings": [
                      {
                        "columnName": "HostCustomEntity",
                        "identifier": "FullName"
                      }
                    ],
                    "entityType": "Host"
                  }
                ]
              }
            },
            {
              "type": "Microsoft.OperationalInsights/workspaces/providers/metadata",
              "apiVersion": "2022-01-01-preview",
              "name": "[concat(parameters('workspace'),'/Microsoft.SecurityInsights/',concat('AnalyticsRule-', last(split(resourceId('Microsoft.SecurityInsights/AlertRuleTemplates', 'ef88eb96-861c-43a0-ab16-f3835a97c928'),'/'))))]",
              "properties": {
                "description": "Attacker Tools Threat Protection Essentials Analytics Rule 4",
                "parentId": "[resourceId('Microsoft.SecurityInsights/AlertRuleTemplates', 'ef88eb96-861c-43a0-ab16-f3835a97c928')]",
                "contentId": "ef88eb96-861c-43a0-ab16-f3835a97c928",
                "kind": "AnalyticsRule",
                "version": "1.1.1",
                "source": {
                  "kind": "Solution",
                  "name": "Attacker Tools Threat Protection Essentials",
                  "sourceId": "azuresentinel.azure-sentinel-solution-attackertools"
                },
                "author": {
                  "name": "Microsoft",
                  "email": "support@microsoft.com"
                },
                "support": {
                  "name": "Microsoft Corporation",
                  "email": "support@microsoft.com",
                  "tier": "Microsoft",
                  "link": "https://support.microsoft.com"
                }
              }
            }
          ]
        }
      }
    },
    {
      "type": "Microsoft.OperationalInsights/workspaces/providers/contentPackages",
      "name": "[concat(parameters('workspace'),'/Microsoft.SecurityInsights/', 'azuresentinel.azure-sentinel-solution-attackertools')]",
      "location": "[parameters('workspace-location')]",
      "apiVersion": "2022-08-01",
      "properties": {
        "version": "3.0.0",
        "kind": "Solution",
        "contentSchemaVersion": "3.0.0",
        "source": {
          "kind": "Solution",
          "name": "Attacker Tools Threat Protection Essentials",
          "sourceId": "azuresentinel.azure-sentinel-solution-attackertools"
        },
        "author": {
          "name": "Microsoft",
          "email": "support@microsoft.com"
        },
        "support": {
          "name": "Microsoft Corporation",
          "email": "support@microsoft.com",
          "tier": "Microsoft",
          "link": "https://support.microsoft.com"
        },
        "dependencies": {
          "operator": "AND",
          "criteria": [
            {
              "kind": "HuntingQuery",
              "contentId": "dde206fc-3f0b-4175-bb5d-42d2aae9d4c9",
              "version": "1.0.0"
            },
            {
              "kind": "HuntingQuery",
              "contentId": "24ae555c-5e33-4b5d-827a-44206e39f6b4",
              "version": "1.0.0"
            },
            {
              "kind": "AnalyticsRule",
              "contentId": "c63ae777-d5e0-4113-8c9a-c2c9d3d09fcd",
              "version": "1.0.1"
            },
            {
              "kind": "AnalyticsRule",
              "contentId": "4ebbb5c2-8802-11ec-a8a3-0242ac120002",
              "version": "1.0.1"
            },
            {
              "kind": "AnalyticsRule",
              "contentId": "32ffb19e-8ed8-40ed-87a0-1adb4746b7c4",
              "version": "1.0.1"
            },
            {
              "kind": "AnalyticsRule",
              "contentId": "ef88eb96-861c-43a0-ab16-f3835a97c928",
              "version": "1.1.1"
            },
            {
              "criteria": [
                {
                  "contentId": "azuresentinel.azure-sentinel-solution-securityevents",
                  "kind": "Solution",
                  "version": "2.0.1"
                },
                {
                  "contentId": "azuresentinel.azure-sentinel-solution-dns",
                  "kind": "Solution",
                  "version": "2.0.1"
                },
                {
                  "contentId": "azuresentinel.azure-sentinel-solution-windowsforwardedevents",
                  "kind": "Solution",
                  "version": "2.0.0"
                },
                {
                  "contentId": "azuresentinel.azure-sentinel-solution-azureactivedirectory",
                  "kind": "Solution",
                  "version": "2.0.5"
                }
              ],
              "Operator": "OR"
            }
          ]
        },
        "firstPublishDate": "2022-11-16",
        "providers": [
          "Microsoft"
        ],
        "categories": {
          "domains": [
            "Security - Threat Protection"
          ]
        },
        "contentVersion": "3.0.0",
        "id": "azuresentinel.azure-sentinel-solution-attackertools",
        "packageKind": "Solution",
        "displayName": "Attacker Tools Threat Protection Essentials"
      }
    }
  ]
}