{
  "$schema": "https://schema.management.azure.com/schemas/2019-04-01/deploymentTemplate.json#",
  "contentVersion": "1.0.0.0",
  "metadata": {
    "author": "Microsoft - support@microsoft.com",
    "comments": "Solution template for Australian Cyber Security Centre"
  },
  "parameters": {
    "location": {
      "type": "string",
      "minLength": 1,
      "defaultValue": "[resourceGroup().location]",
      "metadata": {
        "description": "Not used, but needed to pass arm-ttk test `Location-Should-Not-Be-Hardcoded`.  We instead use the `workspace-location` which is derived from the LA workspace"
      }
    },
    "workspace-location": {
      "type": "string",
      "defaultValue": "",
      "metadata": {
        "description": "[concat('Region to deploy solution resources -- separate from location selection',parameters('location'))]"
      }
    },
    "workspace": {
      "defaultValue": "",
      "type": "string",
      "metadata": {
        "description": "Workspace name for Log Analytics where Microsoft Sentinel is setup"
      }
    }
  },
  "resources": [
    {
      "name": "pid-ab35a704-8c59-48b0-84c1-c452b20a0b1b-partnercenter",
      "type": "Microsoft.Resources/deployments",
      "apiVersion": "2020-10-01",
      "properties": {
        "mode": "Incremental",
        "template": {
          "$schema": "https://schema.management.azure.com/schemas/2019-04-01/deploymentTemplate.json#",
          "contentVersion": "1.0.0.0",
          "resources": []
        }
      }
    },
    {
      "type": "Microsoft.OperationalInsights/workspaces/providers/contentTemplates",
      "name": "[concat(parameters('workspace'),'/Microsoft.SecurityInsights/',concat(concat(parameters('workspace'),'-pl-',uniquestring('AusCtisExportTaggedIndicators')),'1.0'))]",
      "location": "[parameters('workspace-location')]",
      "apiVersion": "2022-08-01",
      "dependsOn": [
        "[extensionResourceId(resourceId('Microsoft.OperationalInsights/workspaces', parameters('workspace')), 'Microsoft.SecurityInsights/contentPackages', 'azuresentinel.azure-sentinel-solution-australiancybersecurity')]"
      ],
      "properties": {
        "contentId": "AusCtisExportTaggedIndicators",
        "displayName": "AusCtisExportTaggedIndicators",
        "contentKind": "Playbook",
        "mainTemplate": {
          "resources": [
            {
              "properties": {
                "provisioningState": "Succeeded",
                "state": "Enabled",
                "definition": {
                  "$schema": "https://schema.management.azure.com/providers/Microsoft.Logic/schemas/2016-06-01/workflowdefinition.json#",
                  "contentVersion": "1.0.0.0",
                  "parameters": {
                    "CollectionID": {
                      "defaultValue": "[parameters('CollectionID')]",
                      "type": "string"
                    },
                    "ResourceGroup": {
                      "defaultValue": "[variables('ResourceGroup')]",
                      "type": "string"
                    },
                    "SubscriptionID": {
                      "defaultValue": "[variables('SubscriptionID')]",
                      "type": "string"
                    },
                    "TAXIIServerRootURL": {
                      "defaultValue": "[parameters('TAXIIServerRootURL')]",
                      "type": "string"
                    },
                    "TAXIIServerPassword": {
                      "defaultValue": "[parameters('TAXIIServerPassword')]",
                      "type": "securestring"
                    },
                    "TAXIIServerUsername": {
                      "defaultValue": "[parameters('TAXIIServerUsername')]",
                      "type": "string"
                    },
                    "Tag for indicator export completion": {
                      "defaultValue": "[parameters('Tag for indicator export completion')]",
                      "type": "string"
                    },
                    "Tag for indicators to be exported": {
                      "defaultValue": "[parameters('Tag for indicators to be exported')]",
                      "type": "string"
                    },
                    "Workspace": {
                      "defaultValue": "[parameters('SentinelWorkspace')]",
                      "type": "string"
                    }
                  },
                  "triggers": {
                    "Recurrence_trigger_once_per_day": {
                      "recurrence": {
                        "frequency": "Day",
                        "interval": 1
                      },
                      "evaluatedRecurrence": {
                        "frequency": "Hour",
                        "interval": 1
                      },
                      "type": "Recurrence"
                    }
                  },
                  "actions": {
                    "Filter_array_of_indicators_where_tags_contain_Export": {
                      "runAfter": {
                        "Parse_JSON_queryIndicators_response": [
                          "Succeeded"
                        ]
                      },
                      "type": "Query",
                      "inputs": {
                        "from": "@body('Parse_JSON_queryIndicators_response')?['value']",
                        "where": "@contains(item()?['properties']?['threatIntelligenceTags'], parameters('Tag for indicators to be exported'))"
                      }
                    },
                    "Filter_array_of_indicators_where_tags_do_not_contain_Export_Complete": {
                      "runAfter": {
                        "Filter_array_of_indicators_where_tags_contain_Export": [
                          "Succeeded"
                        ]
                      },
                      "type": "Query",
                      "inputs": {
                        "from": "@body('Filter_array_of_indicators_where_tags_contain_Export')",
                        "where": "@not(contains(item()?['properties']?['threatIntelligenceTags'], parameters('Tag for indicator export completion')))"
                      }
                    },
                    "For_each_filtered_indicator": {
                      "foreach": "@body('Filter_array_of_indicators_where_tags_do_not_contain_Export_Complete')",
                      "actions": {
                        "HTTP_appendTags_request": {
                          "type": "Http",
                          "inputs": {
                            "authentication": {
                              "type": "ManagedServiceIdentity"
                            },
                            "body": {
                              "threatIntelligenceTags": [
                                "@{parameters('Tag for indicator export completion')}"
                              ]
                            },
                            "method": "POST",
                            "uri": "[uriComponentToString(uri(variables('azure'),'subscriptions/@{parameters(''SubscriptionID'')}/resourceGroups/@{parameters(''ResourceGroup'')}/providers/Microsoft.OperationalInsights/workspaces/@{parameters(''Workspace'')}/providers/Microsoft.SecurityInsights/threatIntelligence/main/indicators/@{items(''For_each_filtered_indicator'')?[''name'']}/appendTags?api-version=2021-10-01'))]"
                          }
                        }
                      },
                      "runAfter": {
                        "HTTP_POST_stix_bundle_to_TAXII_server": [
                          "Succeeded"
                        ]
                      },
                      "type": "Foreach"
                    },
                    "HTTP_POST_stix_bundle_to_TAXII_server": {
                      "runAfter": {
                        "Initialize_variable_for_STIX_bundle_JSON": [
                          "Succeeded"
                        ]
                      },
                      "type": "Http",
                      "inputs": {
                        "authentication": {
                          "password": "@parameters('TAXIIServerPassword')",
                          "type": "Basic",
                          "username": "@parameters('TAXIIServerUsername')"
                        },
                        "body": "@variables('StixBundle')",
                        "headers": {
                          "Accept": "application/taxii+json;version=2.1",
                          "Content-type": "application/taxii+json;version=2.1"
                        },
                        "method": "POST",
                        "retryPolicy": {
                          "type": "none"
                        },
                        "uri": "@{parameters('TAXIIServerRootURL')}/collections/@{parameters('CollectionID')}/objects/"
                      }
                    },
                    "HTTP_queryIndicators_request": {
                      "type": "Http",
                      "inputs": {
                        "authentication": {
                          "type": "ManagedServiceIdentity"
                        },
                        "body": {
                          "keywords": "tags:@{parameters('Tag for indicators to be exported')}",
                          "pageSize": 100,
                          "sortBy": [
                            {
                              "itemKey": "lastUpdatedTimeUtc",
                              "sortOrder": "descending"
                            }
                          ]
                        },
                        "method": "POST",
                        "retryPolicy": {
                          "type": "none"
                        },
                        "uri": "[uriComponentToString(uri(variables('azure'),'subscriptions/@{parameters(''SubscriptionID'')}/resourceGroups/@{parameters(''ResourceGroup'')}/providers/Microsoft.OperationalInsights/workspaces/@{parameters(''Workspace'')}/providers/Microsoft.SecurityInsights/threatIntelligence/main/queryIndicators?api-version=2022-06-01-preview'))]"
                      }
                    },
                    "Initialize_variable_for_STIX_bundle_JSON": {
                      "runAfter": {
                        "Select_indicators_into_STIX_format": [
                          "Succeeded"
                        ]
                      },
                      "type": "InitializeVariable",
                      "inputs": {
                        "variables": [
                          {
                            "name": "StixBundle",
                            "type": "string",
                            "value": "{\n    \"type\": \"bundle\",\n    \"id\": \"bundle--1736e032-a96a-41e9-8302-126677d4d781\",\n    \"objects\": @{body('Select_indicators_into_STIX_format')}\n}"
                          }
                        ]
                      }
                    },
                    "Parse_JSON_queryIndicators_response": {
                      "runAfter": {
                        "HTTP_queryIndicators_request": [
                          "Succeeded"
                        ]
                      },
                      "type": "ParseJson",
                      "inputs": {
                        "content": "@body('HTTP_queryIndicators_request')",
                        "schema": {
                          "properties": {
                            "value": {
                              "items": {
                                "properties": {
                                  "etag": {
                                    "type": "string"
                                  },
                                  "id": {
                                    "type": "string"
                                  },
                                  "kind": {
                                    "type": "string"
                                  },
                                  "name": {
                                    "type": "string"
                                  },
                                  "properties": {
                                    "properties": {
                                      "confidence": {
                                        "type": "integer"
                                      },
                                      "created": {
                                        "type": "string"
                                      },
                                      "description": {
                                        "type": "string"
                                      },
                                      "displayName": {
                                        "type": "string"
                                      },
                                      "extensions": {
                                        "properties": {
                                          "sentinel-ext": {
                                            "type": "object"
                                          },
                                          "sentinelExtension": {
                                            "properties": {
                                              "severity": {
                                                "type": "integer"
                                              }
                                            },
                                            "type": "object"
                                          }
                                        },
                                        "type": "object"
                                      },
                                      "externalId": {
                                        "type": "string"
                                      },
                                      "externalLastUpdatedTimeUtc": {
                                        "type": "string"
                                      },
                                      "labels": {
                                        "items": {
                                          "type": "string"
                                        },
                                        "type": "array"
                                      },
                                      "lastUpdatedTimeUtc": {
                                        "type": "string"
                                      },
                                      "objectMarkingRefs": {
                                        "items": {
                                          "type": "string"
                                        },
                                        "type": "array"
                                      },
                                      "parsedPattern": {
                                        "items": {
                                          "properties": {
                                            "patternTypeKey": {
                                              "type": "string"
                                            },
                                            "patternTypeValues": {
                                              "items": {
                                                "properties": {
                                                  "value": {
                                                    "type": "string"
                                                  },
                                                  "valueType": {
                                                    "type": "string"
                                                  }
                                                },
                                                "required": [
                                                  "valueType",
                                                  "value"
                                                ],
                                                "type": "object"
                                              },
                                              "type": "array"
                                            }
                                          },
                                          "required": [
                                            "patternTypeKey",
                                            "patternTypeValues"
                                          ],
                                          "type": "object"
                                        },
                                        "type": "array"
                                      },
                                      "pattern": {
                                        "type": "string"
                                      },
                                      "patternType": {
                                        "type": "string"
                                      },
                                      "revoked": {
                                        "type": "boolean"
                                      },
                                      "source": {
                                        "type": "string"
                                      },
                                      "threatIntelligenceTags": {
                                        "items": {
                                          "type": "string"
                                        },
                                        "type": "array"
                                      },
                                      "threatTypes": {
                                        "items": {
                                          "type": "string"
                                        },
                                        "type": "array"
                                      },
                                      "validFrom": {
                                        "type": "string"
                                      },
                                      "validUntil": {
                                        "type": "string"
                                      }
                                    },
                                    "type": "object"
                                  },
                                  "type": {
                                    "type": "string"
                                  }
                                },
                                "required": [
                                  "id",
                                  "name",
                                  "etag",
                                  "type",
                                  "kind",
                                  "properties"
                                ],
                                "type": "object"
                              },
                              "type": "array"
                            }
                          },
                          "type": "object"
                        }
                      }
                    },
                    "Select_indicators_into_STIX_format": {
                      "runAfter": {
                        "Filter_array_of_indicators_where_tags_do_not_contain_Export_Complete": [
                          "Succeeded"
                        ]
                      },
                      "type": "Select",
                      "inputs": {
                        "from": "@body('Filter_array_of_indicators_where_tags_do_not_contain_Export_Complete')",
                        "select": {
                          "confidence": "@item()?['properties']?['confidence']",
                          "created": "@item()?['properties']?['created']",
                          "created_by_ref": "[replace('b', 'b', '')]",
                          "description": "@item()?['properties']?['description']",
                          "external_references": "[replace('b', 'b', '')]",
                          "granular_markings": "[replace('b', 'b', '')]",
                          "id": "indicator--@{item()?['name']}",
                          "indicator_types": "@item()?['properties']?['threatTypes']",
                          "kill_chain_phases": "[replace('b', 'b', '')]",
                          "labels": "@item()?['properties']?['threatIntelligenceTags']",
                          "lang": "[replace('b', 'b', '')]",
                          "modified": "@item()?['properties']?['lastUpdatedTimeUtc']",
                          "name": "@item()?['properties']?['displayName']",
                          "object_marking_refs": "@item()?['properties']?['objectMarkingRefs']",
                          "pattern": "@item()?['properties']?['pattern']",
                          "pattern_type": "@item()?['properties']?['patternType']",
                          "pattern_version": "2.1",
                          "revoked": "@item()?['properties']?['revoked']",
                          "spec_version": "2.1",
                          "type": "indicator",
                          "valid_from": "@item()?['properties']?['validFrom']",
                          "valid_until": "@item()?['properties']?['validUntil']"
                        }
                      }
                    }
                  }
                }
              },
              "name": "[parameters('PlaybookName')]",
              "type": "Microsoft.Logic/workflows",
              "location": "[variables('workspace-location-inline')]",
              "tags": {
                "hidden-SentinelTemplateName": "AusCtisExportTaggedIndicatorsv2",
                "hidden-SentinelTemplateVersion": "1.0",
                "hidden-SentinelWorkspaceId": "[resourceId('microsoft.OperationalInsights/Workspaces', parameters('workspace'))]"
              },
              "identity": {
                "type": "SystemAssigned"
              },
              "apiVersion": "2017-07-01"
            },
            {
              "type": "Microsoft.OperationalInsights/workspaces/providers/metadata",
              "apiVersion": "2022-01-01-preview",
              "name": "[concat(parameters('workspace'),'/Microsoft.SecurityInsights/',concat('Playbook-', last(split(resourceId('Microsoft.Logic/workflows', 'AusCtisExportTaggedIndicators'),'/'))))]",
              "properties": {
                "parentId": "[resourceId('Microsoft.Logic/workflows', 'AusCtisExportTaggedIndicators')]",
                "contentId": "AusCtisExportTaggedIndicators",
                "kind": "Playbook",
                "version": "1.0",
                "source": {
                  "kind": "Solution",
                  "name": "Australian Cyber Security Centre",
                  "sourceId": "azuresentinel.azure-sentinel-solution-australiancybersecurity"
                },
                "author": {
                  "name": "Microsoft",
                  "email": "support@microsoft.com"
                },
                "support": {
                  "name": "Microsoft Corporation",
                  "email": "support@microsoft.com",
                  "tier": "Microsoft",
                  "link": "https://support.microsoft.com"
                }
              }
            }
          ]
        }
      }
    },
    {
      "type": "Microsoft.OperationalInsights/workspaces/providers/contentPackages",
      "name": "[concat(parameters('workspace'),'/Microsoft.SecurityInsights/', 'azuresentinel.azure-sentinel-solution-australiancybersecurity')]",
      "location": "[parameters('workspace-location')]",
      "apiVersion": "2022-08-01",
      "properties": {
        "version": "3.0.0",
        "kind": "Solution",
        "contentSchemaVersion": "3.0.0",
        "source": {
          "kind": "Solution",
          "name": "Australian Cyber Security Centre",
          "sourceId": "azuresentinel.azure-sentinel-solution-australiancybersecurity"
        },
        "author": {
          "name": "Microsoft",
          "email": "support@microsoft.com"
        },
        "support": {
          "name": "Microsoft Corporation",
          "email": "support@microsoft.com",
          "tier": "Microsoft",
          "link": "https://support.microsoft.com"
        },
        "dependencies": {
          "operator": "AND",
          "criteria": [
            {
              "kind": "Playbook",
              "contentId": "AusCtisExportTaggedIndicators",
              "version": "1.0"
            }
          ]
        },
        "firstPublishDate": "2022-11-23",
        "providers": [
          "Australian Cyber Security Centre"
        ],
        "categories": {
          "domains": [
            "Security - Threat Intelligence"
          ]
        },
        "contentVersion": "3.0.0",
        "id": "azuresentinel.azure-sentinel-solution-australiancybersecurity",
        "packageKind": "Solution",
        "displayName": "Australian Cyber Security Centre"
      }
    }
  ]
}