{
  "$schema": "https://schema.management.azure.com/schemas/2019-04-01/deploymentTemplate.json#",
  "contentVersion": "1.0.0.0",
  "parameters": {
    "location": {
      "type": "string",
      "minLength": 1,
      "defaultValue": "[resourceGroup().location]",
      "metadata": {
        "description": "Not used, but needed to pass arm-ttk test `Location-Should-Not-Be-Hardcoded`.  We instead use the `workspace-location` which is derived from the LA workspace"
      }
    },
    "workspace-location": {
      "type": "string",
      "defaultValue": "",
      "metadata": {
        "description": "[concat('Region to deploy solution resources -- separate from location selection',parameters('location'))]"
      }
    },
    "workspace": {
      "defaultValue": "",
      "type": "string",
      "metadata": {
        "description": "Workspace name for Log Analytics where Microsoft Sentinel is setup"
      }
    }
  },
  "variables": {},
  "resources": [
    {
      "type": "Microsoft.OperationalInsights/workspaces/providers/packages",
      "location": "[parameters('workspace-location')]",
      "apiVersion": "2022-08-01",
      "properties": {
        "packageKind": "Standalone",
        "packageItems": {
          "resources": [
            {
              "type": "Microsoft.OperationalInsights/workspaces/providers/contentTemplates",
              "name": "[concat(parameters('workspace'),'/Microsoft.SecurityInsights/', '8d5996b2-7d4c-4dcf-bb0d-0d7fdf0e2c75')]",
              "location": "[parameters('workspace-location')]",
              "kind": "shared",
              "apiVersion": "2022-08-01",
              "properties": {
                "contentId": "8d5996b2-7d4c-4dcf-bb0d-0d7fdf0e2c75",
                "displayName": "Azure Resources assigned Public IP Addresses",
                "contentKind": "HuntingQuery",
                "mainTemplate": {
                  "$schema": "https://schema.management.azure.com/schemas/2019-04-01/deploymentTemplate.json#",
                  "contentVersion": "1.0.0",
                  "resources": [
                    {
                      "type": "Microsoft.OperationalInsights/savedSearches",
                      "apiVersion": "2020-08-01",
                      "name": "8d5996b2-7d4c-4dcf-bb0d-0d7fdf0e2c75",
                      "location": "[parameters('workspace-location')]",
                      "properties": {
                        "eTag": "*",
                        "displayName": "Azure Resources assigned Public IP Addresses",
                        "category": "Hunting Queries",
                        "query": "let OperationNames = dynamic([\"microsoft.compute/virtualMachines/write\", \"microsoft.resources/deployments/write\"]);\nAzureActivity\n// We look for any Operation that modified and then was accepted or succeeded where a publicipaddress component is referenced\n| where OperationNameValue in~ (OperationNames)\n| where ActivityStatusValue has_any (\"Succeeded\", \"Accepted\")\n| where Properties contains \"publicipaddress\"\n//| extend frontendIPConfigurations = Properties.responseBody.properties.frontendIPConfigurations\n// parsing the publicIPAddress from Properties. It is only available if the allocation method is Static.\n| parse Properties with * \"publicIPAddress\\\\\" PublicIPAddressParse\n| extend publicIPAddress_ = tostring(parse_json(tostring(parse_json(tostring(parse_json(Properties).responseBody)).properties)).ipAddress) \n| extend publicIPAddressVersion_ = tostring(parse_json(tostring(parse_json(tostring(parse_json(Properties).responseBody)).properties)).publicIPAddressVersion) \n| extend publicIPAllocationMethod_ = tostring(parse_json(tostring(parse_json(tostring(parse_json(Properties).responseBody)).properties)).publicIPAllocationMethod) \n| extend scope_ = tostring(parse_json(Authorization).scope) \n| project TimeGenerated, OperationNameValue, publicIPAllocationMethod_ , publicIPAddressVersion_, scope_ , Caller, CallerIpAddress, ActivityStatusValue, Resource \n// Join in the AzureNetworkAnalytics so that we can determine if any connections were made via the public ip address and get the currently assigned ip address when allocation method is Dynamic\n| join kind= inner (\nunion isfuzzy=true\n(AzureNetworkAnalytics_CL\n// Controlling for Schema Version and later parsing - This is Version 2 and Public IPs only\n| where isnotempty(FASchemaVersion_s) and isnotempty(DestPublicIPs_s)\n| extend SchemaVersion = FASchemaVersion_s\n| extend PublicIPs = tostring(split(DestPublicIPs_s,\"|\")[0])\n| summarize StartTimeUtc = min(TimeGenerated), EndTimeUtc = max(TimeGenerated), FirstProcessedTimeUTC = min(FlowStartTime_t), LastProcessedTimeUtc = max(FlowEndTime_t), \nRegions = makeset(Region_s), AzureRegions = makeset(AzureRegion_s), VMs = makeset(VM_s), MACAddresses = makeset(MACAddress_s), PublicIPs = makeset(PublicIPs), DestPort = makeset(DestPort_d), SrcIP = makeset(SrcIP_s), \nActivityCount = count() by NSGRule_s, NSGList_s, SubNet = Subnet1_s, FlowDirection_s, Subscription = Subscription1_g, Tags_s, SchemaVersion\n//NSGList_s contains the subscription ID, remove that as we already have a field for this and now it will match what we get for SchemaVersion 1\n| extend NSG = case(isnotempty(NSGList_s), strcat(split(NSGList_s, \"/\")[-2],\"/\",split(NSGList_s, \"/\")[-1]), \"NotAvailable\")\n// Depending on the SchemaVersion, we will need to provide the NSG_Name for matching against the resource identified in AzureActivity\n| extend NSG_Name = tostring(split(NSG, \"/\")[-1])\n),\n(\nAzureNetworkAnalytics_CL \n// Controlling for Schema Version and later parsing - This is Version 1\n| where isempty(FASchemaVersion_s)\n// Controlling for public IPs only\n| where isnotempty(PublicFrontendIPs_s) or isnotempty(PublicIPAddresses_s)\n| where PublicFrontendIPs_s != \"null\" or PublicIPAddresses_s != \"null\"\n| extend SchemaVersion = SchemaVersion_s\n// The Public IP can be indicated in one of 2 locations, assigning here for easy union results\n| extend PublicIPs = case(isnotempty(PublicFrontendIPs_s), PublicFrontendIPs_s,\nPublicIPAddresses_s) \n| summarize StartTimeUtc = min(TimeGenerated), EndTimeUtc = max(TimeGenerated), FirstProcessedTimeUTC = min(TimeProcessed_t), LastProcessedTimeUtc = max(TimeProcessed_t), \nRegions = makeset(Region_s), AzureRegions = makeset(DiscoveryRegion_s), VMs = makeset(VirtualMachine_s), MACAddresses = makeset(MACAddress_s), PublicIPs = makeset(PublicIPs), \nSrcIP = makeset(PrivateIPAddresses_s), Name = makeset(Name_s), DestPort = makeset(DestinationPortRange_s),\nActivityCount = count() by NSG = NSG_s, SubNet = Subnetwork_s, Subscription = Subscription_g, Tags_s, SchemaVersion\n// Some events don't have an NSG listed, populating so it is clear it is not available in the datatype\n| extend NSG = case(isnotempty(NSG), NSG, \"NotAvailable\")\n// Depending on the SchemaVersion, we will need to provide the NSG_Name for matching against the resource identified in AzureActivity\n| extend NSG_Name = tostring(split(NSG, \"/\")[-1])\n)\n| project StartTimeUtc, EndTimeUtc, FirstProcessedTimeUTC, LastProcessedTimeUtc, PublicIPs, NSG, NSG_Name, SrcIP, DestPort, SubNet, Name, VMs, MACAddresses, ActivityCount, Regions, AzureRegions, Subscription, Tags_s, SchemaVersion\n) on $left.Resource == $right.NSG_Name\n| extend timestamp = StartTimeUtc, AccountCustomEntity = Caller, IPCustomEntity = CallerIpAddress\n",
                        "version": 2,
                        "tags": [
                          {
                            "name": "description",
                            "value": "Identifies when public IP addresses are assigned to Azure Resources.  Additionally, shows connections to those resources.\nResources: \nhttps://docs.microsoft.com/azure/azure-monitor/insights/azure-networking-analytics\nhttps://docs.microsoft.com/azure/network-watcher/traffic-analytics-schema"
                          },
                          {
                            "name": "techniques",
                            "value": ""
                          },
                          {
                            "name": "tactics",
                            "value": "Impact"
                          }
                        ]
                      }
                    },
                    {
                      "type": "Microsoft.OperationalInsights/workspaces/providers/metadata",
                      "apiVersion": "2021-03-01-preview",
                      "name": "[concat(parameters('workspace'),'/Microsoft.SecurityInsights/',concat('huntingQuery-', '8d5996b2-7d4c-4dcf-bb0d-0d7fdf0e2c75'))]",
                      "properties": {
                        "description": "Identifies when public IP addresses are assigned to Azure Resources.  Additionally, shows connections to those resources.\nResources: \nhttps://docs.microsoft.com/azure/azure-monitor/insights/azure-networking-analytics\nhttps://docs.microsoft.com/azure/network-watcher/traffic-analytics-schema",
                        "version": "1.0.0",
                        "author": {
                          "name": "Shain"
                        },
                        "support": {
                          "tier": "Community",
                          "name": "Community",
                          "link": "https://github.com/Azure/Azure-Sentinel/issues"
                        },
                        "source": {
                          "kind": "Community",
                          "name": "Standalone"
                        },
                        "threatAnalysisTactics": [
                          "Impact"
                        ],
                        "threatAnalyticsTechniques": [
                          "T1496"
                        ],
                        "contentId": "8d5996b2-7d4c-4dcf-bb0d-0d7fdf0e2c75",
                        "parentId": "8d5996b2-7d4c-4dcf-bb0d-0d7fdf0e2c75",
                        "kind": "HuntingQuery",
                        "dependencies": {
                          "operator": "AND",
                          "criteria": [
                            {
                              "contentId": "AzureActivity",
                              "kind": "DataType"
                            },
                            {
                              "contentId": "AzureNetworkAnalytics_CL",
                              "kind": "DataType"
                            }
                          ]
                        }
                      }
                    }
                  ]
                }
              }
            }
          ]
        },
        "author": {
          "name": "Shain"
        },
        "categories": {
          "domains": [
            "Security - Threat Protection",
            "Cloud Provider"
          ]
        },
        "dependencies": {
          "operator": "AND",
          "criteria": [
            {
              "contentId": "8d5996b2-7d4c-4dcf-bb0d-0d7fdf0e2c75",
              "kind": "HuntingQuery"
            }
          ]
        },
        "description": "Identifies when public IP addresses are assigned to Azure Resources.  Additionally, shows connections to those resources.\nResources: \nhttps://docs.microsoft.com/azure/azure-monitor/insights/azure-networking-analytics\nhttps://docs.microsoft.com/azure/network-watcher/traffic-analytics-schema",
        "displayName": "Azure Resources assigned Public IP Addresses",
        "packageId": "8d5996b2-7d4c-4dcf-bb0d-0d7fdf0e2c75",
        "source": {
          "kind": "Community",
          "name": "Standalone"
        },
        "support": {
          "tier": "Community",
          "name": "Community",
          "link": "https://github.com/Azure/Azure-Sentinel/issues"
        },
        "threatAnalysisTactics": [
          "Impact"
        ],
        "threatAnalyticsTechniques": [
          "T1496"
        ],
        "version": "1.0.0"
      },
      "name": "8d5996b2-7d4c-4dcf-bb0d-0d7fdf0e2c75"
    }
  ]
}