{
  "$schema": "https://schema.management.azure.com/schemas/2019-04-01/deploymentTemplate.json#",
  "contentVersion": "1.0.0",
  "parameters": {
    "location": {
      "type": "string",
      "minLength": 1,
      "defaultValue": "[resourceGroup().location]",
      "metadata": {
        "description": "Not used, but needed to pass arm-ttk test `Location-Should-Not-Be-Hardcoded`.  We instead use the `workspace-location` which is derived from the LA workspace"
      }
    },
    "workspace": {
      "defaultValue": "",
      "type": "string",
      "metadata": {
        "description": "Workspace name for Log Analytics where Microsoft Sentinel is setup"
      }
    },
    "workspace-location": {
      "type": "string",
      "defaultValue": "",
      "metadata": {
        "description": "[concat('Region to deploy solution resources -- separate from location selection',parameters('location'))]"
      }
    }
  },
  "resources": [
    {
      "type": "Microsoft.OperationalInsights/workspaces/providers/contentTemplates",
      "name": "[concat(parameters('workspace'),'/Microsoft.SecurityInsights/',concat(concat(parameters('workspace'),'-hq-',uniquestring('017d1bee-3aea-11ec-8d3d-0242ac130003')),'1.0.0'))]",
      "location": "[parameters('workspace-location')]",
      "apiVersion": "2022-08-01",
      "dependsOn": [
        "[extensionResourceId(resourceId('Microsoft.OperationalInsights/workspaces', parameters('workspace')), 'Microsoft.SecurityInsights/contentPackages', 'azuresentinel.azure-sentinel-solution-apachehttpserver')]"
      ],
      "properties": {
        "contentId": "017d1bee-3aea-11ec-8d3d-0242ac130003",
        "displayName": "",
        "contentKind": "HuntingQuery",
        "mainTemplate": {
          "resources": [
            {
              "type": "Microsoft.OperationalInsights/savedSearches",
              "apiVersion": "2020-08-01",
              "name": "ApacheHTTPServer_Hunting_Query_7",
              "location": "[parameters('workspace-location')]",
              "properties": {
                "eTag": "*",
                "displayName": "Apache - Requests to unexisting files",
                "category": "Hunting Queries",
                "query": "ApacheHTTPServer\n| where TimeGenerated > ago(24h)\n| where EventType =~ \"ErrorLog\"\n| where EventMessage contains \"File does not exist\"\n| extend File = extract(@\"(.*\\/)(.*)\", 2, tostring(EventMessage))\n| extend FileCustomEntity = File\n",
                "version": 2,
                "tags": [
                  {
                    "name": "description",
                    "value": "Query shows list of requests to unexisting files"
                  },
                  {
                    "name": "tactics",
                    "value": "InitialAccess"
                  },
                  {
                    "name": "techniques",
                    "value": "T1190,T1133"
                  }
                ]
              }
            },
            {
              "type": "Microsoft.OperationalInsights/workspaces/providers/metadata",
              "apiVersion": "2022-01-01-preview",
              "name": "[concat(parameters('workspace'),'/Microsoft.SecurityInsights/',concat('HuntingQuery-', last(split(resourceId('Microsoft.OperationalInsights/savedSearches', '017d1bee-3aea-11ec-8d3d-0242ac130003'),'/'))))]",
              "properties": {
                "description": "ApacheHTTPServer Hunting Query 7",
                "parentId": "[resourceId('Microsoft.OperationalInsights/savedSearches', '017d1bee-3aea-11ec-8d3d-0242ac130003')]",
                "contentId": "017d1bee-3aea-11ec-8d3d-0242ac130003",
                "kind": "HuntingQuery",
                "version": "1.0.0",
                "source": {
                  "kind": "Solution",
                  "name": "ApacheHTTPServer",
                  "sourceId": "azuresentinel.azure-sentinel-solution-apachehttpserver"
                },
                "author": {
                  "name": "Microsoft",
                  "email": "support@microsoft.com"
                },
                "support": {
                  "name": "Microsoft Corporation",
                  "email": "support@microsoft.com",
                  "tier": "Microsoft",
                  "link": "https://support.microsoft.com"
                }
              }
            }
          ]
        }
      }
    }
  ]
}