{
  "$schema": "https://schema.management.azure.com/schemas/2019-04-01/deploymentTemplate.json#",
  "contentVersion": "1.0.0.0",
  "metadata": {
    "author": "Microsoft - support@microsoft.com",
    "comments": "Solution template for Azure Information Protection"
  },
  "parameters": {
    "location": {
      "type": "string",
      "minLength": 1,
      "defaultValue": "[resourceGroup().location]",
      "metadata": {
        "description": "Not used, but needed to pass arm-ttk test `Location-Should-Not-Be-Hardcoded`.  We instead use the `workspace-location` which is derived from the LA workspace"
      }
    },
    "workspace-location": {
      "type": "string",
      "defaultValue": "",
      "metadata": {
        "description": "[concat('Region to deploy solution resources -- separate from location selection',parameters('location'))]"
      }
    },
    "workspace": {
      "defaultValue": "",
      "type": "string",
      "metadata": {
        "description": "Workspace name for Log Analytics where Microsoft Sentinel is setup"
      }
    },
    "workbook1-name": {
      "type": "string",
      "defaultValue": "Azure Information Protection - Usage Report",
      "minLength": 1,
      "metadata": {
        "description": "Name for the workbook"
      }
    }
  },
  "resources": [
    {
      "name": "pid-7f1bacbf-9d06-43ba-95e9-063d64b468ea-partnercenter",
      "type": "Microsoft.Resources/deployments",
      "apiVersion": "2020-10-01",
      "properties": {
        "mode": "Incremental",
        "template": {
          "$schema": "https://schema.management.azure.com/schemas/2019-04-01/deploymentTemplate.json#",
          "contentVersion": "1.0.0.0",
          "resources": []
        }
      }
    },
    {
      "type": "Microsoft.OperationalInsights/workspaces/providers/contentTemplates",
      "name": "[concat(parameters('workspace'),'/Microsoft.SecurityInsights/',concat(concat(parameters('workspace'),'-wb-',uniquestring('AzureInformationProtectionWorkbook')),'1.1.0'))]",
      "location": "[parameters('workspace-location')]",
      "apiVersion": "2022-08-01",
      "dependsOn": [
        "[extensionResourceId(resourceId('Microsoft.OperationalInsights/workspaces', parameters('workspace')), 'Microsoft.SecurityInsights/contentPackages', 'azuresentinel.azure-sentinel-solution-azureinformationprotection')]"
      ],
      "properties": {
        "contentId": "AzureInformationProtectionWorkbook",
        "displayName": "Azure Information Protection - Usage Report",
        "contentKind": "Workbook",
        "mainTemplate": {
          "resources": [
            {
              "type": "Microsoft.Insights/workbooks",
              "name": "AzureInformationProtectionWorkbook",
              "location": "[parameters('workspace-location')]",
              "kind": "shared",
              "apiVersion": "2021-08-01",
              "metadata": {
                "description": "The Azure Information Protection Usage report workbook provides information on the volume of labeled and protected documents and emails over time, label distribution of files by label type, along with where the label was applied."
              },
              "properties": {
                "displayName": "Azure Information Protection - Usage Report",
                "serializedData": "{\"version\":\"Notebook/1.0\",\"items\":[{\"type\":1,\"content\":{\"json\":\"## Azure Information Protection - Usage report\"},\"name\":\"text - 0\"},{\"type\":9,\"content\":{\"version\":\"KqlParameterItem/1.0\",\"query\":\"\",\"parameters\":[{\"id\":\"d54e6c15-7c98-48bd-b3d9-0169345ccfa8\",\"version\":\"KqlParameterItem/1.0\",\"name\":\"TimeRange\",\"type\":4,\"isRequired\":true,\"value\":{\"durationMs\":2592000000},\"typeSettings\":{\"selectableValues\":[{\"durationMs\":300000},{\"durationMs\":900000},{\"durationMs\":1800000},{\"durationMs\":3600000},{\"durationMs\":14400000},{\"durationMs\":43200000},{\"durationMs\":86400000},{\"durationMs\":172800000},{\"durationMs\":259200000},{\"durationMs\":604800000},{\"durationMs\":1209600000},{\"durationMs\":2419200000},{\"durationMs\":2592000000},{\"durationMs\":5184000000},{\"durationMs\":7776000000}],\"allowCustom\":true}}],\"style\":\"pills\",\"queryType\":0,\"resourceType\":\"microsoft.operationalinsights/workspaces\"},\"name\":\"parameters - 1\"},{\"type\":3,\"content\":{\"version\":\"KqlItem/1.0\",\"query\":\"let Logs = InformationProtectionLogs_CL | extend MachineName_s = columnifexists(\\\"MachineName_s\\\",\\\"\\\"), ObjectId_s = columnifexists(\\\"ObjectId_s\\\",\\\"\\\"), Activity_s = columnifexists(\\\"Activity_s\\\",\\\"\\\"), LabelId_g = columnifexists(\\\"LabelId_g\\\",\\\"\\\"), Protected_b = columnifexists(\\\"Protected_b\\\",false);\\r\\nlet minTime = toscalar(Logs | where isnotempty(MachineName_s) | summarize min(TimeGenerated));\\r\\nlet dates = range [\\\"date\\\"] from bin(minTime, {TimeRange:grain}) to now() step {TimeRange:grain};\\r\\nLogs\\r\\n| where isnotempty(MachineName_s)\\r\\n| summarize labels=countif(isnotempty(ObjectId_s) and Activity_s in (\\\"NewLabel\\\", \\\"UpgradeLabel\\\", \\\"DowngradeLabel\\\", \\\"RemoveProtection\\\", \\\"NewProtection\\\", \\\"ChangeProtection\\\") and isnotempty(LabelId_g)),\\r\\nprotected=countif(isnotempty(ObjectId_s) and Activity_s in (\\\"NewLabel\\\", \\\"UpgradeLabel\\\", \\\"DowngradeLabel\\\", \\\"RemoveProtection\\\", \\\"NewProtection\\\", \\\"ChangeProtection\\\") and Protected_b) by bin(TimeGenerated, {TimeRange:grain})\\r\\n| join kind= rightouter (\\r\\n    dates\\r\\n)\\r\\non $left.TimeGenerated == $right.[\\\"date\\\"]\\r\\n| project [\\\"date\\\"], Labels = coalesce(labels, 0), [\\\"Protected Labels\\\"] = coalesce(protected, 0)\",\"size\":0,\"exportToExcelOptions\":\"visible\",\"title\":\"Label and protect activity\",\"timeContext\":{\"durationMs\":0},\"timeContextFromParameter\":\"TimeRange\",\"queryType\":0,\"resourceType\":\"microsoft.operationalinsights/workspaces\",\"visualization\":\"linechart\"},\"customWidth\":\"50\",\"name\":\"query - 2\"},{\"type\":3,\"content\":{\"version\":\"KqlItem/1.0\",\"query\":\"let Logs = InformationProtectionLogs_CL | extend MachineName_s = columnifexists(\\\"MachineName_s\\\",\\\"\\\"), UserId_s = columnifexists(\\\"UserId_s\\\",\\\"\\\");\\r\\nlet minTime = toscalar(Logs | where isnotempty(MachineName_s) | summarize min(TimeGenerated));\\r\\nlet dates = range [\\\"date\\\"] from bin(minTime, {TimeRange:grain}) to now() step {TimeRange:grain};\\r\\nLogs\\r\\n| where isnotempty(MachineName_s)\\r\\n| summarize users=dcount(UserId_s), devices = dcount(MachineName_s) by bin(TimeGenerated, {TimeRange:grain})\\r\\n| join kind= rightouter\\r\\n(\\r\\n    dates\\r\\n)\\r\\non $left.TimeGenerated == $right.[\\\"date\\\"]\\r\\n| project [\\\"date\\\"], users = coalesce(users, 0), devices = coalesce(devices, 0)\\r\\n\\r\\n\",\"size\":0,\"exportToExcelOptions\":\"visible\",\"title\":\"Users and devices\",\"timeContext\":{\"durationMs\":0},\"timeContextFromParameter\":\"TimeRange\",\"queryType\":0,\"resourceType\":\"microsoft.operationalinsights/workspaces\",\"visualization\":\"linechart\"},\"customWidth\":\"50\",\"name\":\"query - 3\"},{\"type\":3,\"content\":{\"version\":\"KqlItem/1.0\",\"query\":\"let Logs = InformationProtectionLogs_CL | extend LabelName_s = columnifexists(\\\"LabelName_s\\\",\\\"\\\"), LabelId_g = columnifexists(\\\"LabelId_g\\\",\\\"\\\"), ObjectId_s = columnifexists(\\\"ObjectId_s\\\",\\\"\\\"), Activity_s = columnifexists(\\\"Activity_s\\\",\\\"\\\");\\r\\nLogs\\r\\n| where isnotempty(LabelId_g)\\r\\n| where isnotempty(ObjectId_s)\\r\\n| where Activity_s in (\\\"NewLabel\\\", \\\"UpgradeLabel\\\", \\\"DowngradeLabel\\\", \\\"RemoveProtection\\\", \\\"NewProtection\\\", \\\"ChangeProtection\\\")\\r\\n| summarize value=count() by LabelName_s\\r\\n| order by value\\r\\n\",\"size\":0,\"exportToExcelOptions\":\"visible\",\"title\":\"Labels\",\"timeContext\":{\"durationMs\":0},\"timeContextFromParameter\":\"TimeRange\",\"queryType\":0,\"resourceType\":\"microsoft.operationalinsights/workspaces\",\"visualization\":\"piechart\"},\"customWidth\":\"50\",\"name\":\"query - 4\"},{\"type\":3,\"content\":{\"version\":\"KqlItem/1.0\",\"query\":\"let Logs = InformationProtectionLogs_CL | extend ApplicationName_s = columnifexists(\\\"ApplicationName_s\\\",\\\"\\\"), LabelId_g = columnifexists(\\\"LabelId_g\\\",\\\"\\\"), ObjectId_s = columnifexists(\\\"ObjectId_s\\\",\\\"\\\"), Activity_s = columnifexists(\\\"Activity_s\\\",\\\"\\\");\\r\\nLogs\\r\\n| where isnotempty(LabelId_g)\\r\\n| where isnotempty(ObjectId_s)\\r\\n| where Activity_s in (\\\"NewLabel\\\", \\\"UpgradeLabel\\\", \\\"DowngradeLabel\\\", \\\"RemoveProtection\\\", \\\"NewProtection\\\", \\\"ChangeProtection\\\")\\r\\n| summarize value=count() by ApplicationName_s\\r\\n| order by value\\r\\n\",\"size\":0,\"exportToExcelOptions\":\"visible\",\"title\":\"Labels by application\",\"timeContext\":{\"durationMs\":0},\"timeContextFromParameter\":\"TimeRange\",\"queryType\":0,\"resourceType\":\"microsoft.operationalinsights/workspaces\",\"visualization\":\"piechart\"},\"customWidth\":\"50\",\"name\":\"query - 5\"}],\"fromTemplateId\":\"sentinel-AzureInformationProtection\",\"$schema\":\"https://github.com/Microsoft/Application-Insights-Workbooks/blob/master/schema/workbook.json\"}\r\n",
                "version": "1.0",
                "sourceId": "[resourceId('microsoft.OperationalInsights/Workspaces', parameters('workspace'))]",
                "category": "sentinel"
              }
            },
            {
              "type": "Microsoft.OperationalInsights/workspaces/providers/metadata",
              "apiVersion": "2022-01-01-preview",
              "name": "[concat(parameters('workspace'),'/Microsoft.SecurityInsights/',concat('Workbook-', last(split(resourceId('Microsoft.Insights/workbooks', 'AzureInformationProtectionWorkbook'),'/'))))]",
              "properties": {
                "description": "@{workbookKey=AzureInformationProtectionWorkbook; logoFileName=informationProtection.svg; description=The Azure Information Protection Usage report workbook provides information on the volume of labeled and protected documents and emails over time, label distribution of files by label type, along with where the label was applied.; dataTypesDependencies=System.Object[]; dataConnectorsDependencies=System.Object[]; previewImagesFileNames=System.Object[]; version=1.1.0; title=Azure Information Protection - Usage Report; templateRelativePath=AzureInformationProtection.json; subtitle=; provider=Microsoft}.description",
                "parentId": "[resourceId('Microsoft.Insights/workbooks', 'AzureInformationProtectionWorkbook')]",
                "contentId": "AzureInformationProtectionWorkbook",
                "kind": "Workbook",
                "version": "1.1.0",
                "source": {
                  "kind": "Solution",
                  "name": "Azure Information Protection",
                  "sourceId": "azuresentinel.azure-sentinel-solution-azureinformationprotection"
                },
                "author": {
                  "name": "Microsoft",
                  "email": "support@microsoft.com"
                },
                "support": {
                  "tier": "Microsoft",
                  "name": "Microsoft Corporation",
                  "link": "https://support.microsoft.com",
                  "email": "support@microsoft.com"
                },
                "dependencies": {
                  "operator": "AND",
                  "criteria": [
                    {
                      "contentId": "InformationProtectionLogs_CL",
                      "kind": "DataType"
                    },
                    {
                      "contentId": "AzureInformationProtection",
                      "kind": "DataConnector"
                    }
                  ]
                }
              }
            }
          ]
        }
      }
    },
    {
      "type": "Microsoft.OperationalInsights/workspaces/providers/contentTemplates",
      "name": "[concat(parameters('workspace'),'/Microsoft.SecurityInsights/',concat(concat(parameters('workspace'),'-dc-',uniquestring('AzureInformationProtection')),'1.0.0'))]",
      "location": "[parameters('workspace-location')]",
      "apiVersion": "2022-08-01",
      "dependsOn": [
        "[extensionResourceId(resourceId('Microsoft.OperationalInsights/workspaces', parameters('workspace')), 'Microsoft.SecurityInsights/contentPackages', 'azuresentinel.azure-sentinel-solution-azureinformationprotection')]"
      ],
      "properties": {
        "contentId": "AzureInformationProtection",
        "displayName": "Azure Information Protection",
        "contentKind": "DataConnector",
        "mainTemplate": {
          "resources": [
            {
              "name": "[concat(parameters('workspace'),'/Microsoft.SecurityInsights/','AzureInformationProtection')]",
              "apiVersion": "2021-03-01-preview",
              "type": "Microsoft.OperationalInsights/workspaces/providers/dataConnectors",
              "location": "[parameters('workspace-location')]",
              "kind": "StaticUI",
              "properties": {
                "connectorUiConfig": {
                  "id": "AzureInformationProtection",
                  "title": "Azure Information Protection",
                  "publisher": "Microsoft",
                  "descriptionMarkdown": "**Azure Information Protection**  helps protect your data whether it’s stored in the cloud or in on-premises infrastructures. Control and help secure email, documents, and sensitive data that you share outside your company. From easy classification to embedded labels and permissions, enhance data protection at all times with Azure Information Protection. With Azure Information Protection you can:\n\n-   Classify your data based on sensitivity​.\n-   Protect your data at all times.\n-   Add visibility and control by powerful logging and reporting​.\n-   Collaborate more securely with others.\n\nIntegrate Microsoft Azure Information Protection logs with Sentinel to view dashboards, create custom alerts, and improve investigation.\n\n[Get started with Azure Information Protection >](https://aka.ms/asi-aip-get-started)",
                  "graphQueries": [
                    {
                      "metricName": "Total data received",
                      "legend": "InformationProtectionLogs_CL",
                      "baseQuery": "InformationProtectionLogs_CL​​"
                    }
                  ],
                  "connectivityCriterias": [
                    {
                      "type": "IsConnectedQuery",
                      "value": [
                        "InformationProtectionLogs_CL​​\n            | summarize LastLogReceived = max(TimeGenerated)\n            | project IsConnected = LastLogReceived > ago(7d)"
                      ]
                    }
                  ],
                  "dataTypes": [
                    {
                      "name": "InformationProtectionLogs_CL",
                      "lastDataReceivedQuery": "InformationProtectionLogs_CL​​\n            | summarize Time = max(TimeGenerated)\n            | where isnotempty(Time)"
                    }
                  ]
                }
              }
            },
            {
              "type": "Microsoft.OperationalInsights/workspaces/providers/metadata",
              "apiVersion": "2022-01-01-preview",
              "name": "[concat(parameters('workspace'),'/Microsoft.SecurityInsights/',concat('DataConnector-', last(split(extensionResourceId(resourceId('Microsoft.OperationalInsights/workspaces', parameters('workspace')), 'Microsoft.SecurityInsights/dataConnectors', 'AzureInformationProtection'),'/'))))]",
              "properties": {
                "parentId": "[extensionResourceId(resourceId('Microsoft.OperationalInsights/workspaces', parameters('workspace')), 'Microsoft.SecurityInsights/dataConnectors', 'AzureInformationProtection')]",
                "contentId": "AzureInformationProtection",
                "kind": "DataConnector",
                "version": "1.0.0",
                "source": {
                  "kind": "Solution",
                  "name": "Azure Information Protection",
                  "sourceId": "azuresentinel.azure-sentinel-solution-azureinformationprotection"
                },
                "author": {
                  "name": "Microsoft",
                  "email": "support@microsoft.com"
                },
                "support": {
                  "tier": "Microsoft",
                  "name": "Microsoft Corporation",
                  "link": "https://support.microsoft.com",
                  "email": "support@microsoft.com"
                }
              }
            }
          ]
        }
      }
    },
    {
      "type": "Microsoft.OperationalInsights/workspaces/providers/metadata",
      "apiVersion": "2022-01-01-preview",
      "name": "[concat(parameters('workspace'),'/Microsoft.SecurityInsights/',concat('DataConnector-', last(split(extensionResourceId(resourceId('Microsoft.OperationalInsights/workspaces', parameters('workspace')), 'Microsoft.SecurityInsights/dataConnectors', 'AzureInformationProtection'),'/'))))]",
      "dependsOn": [
        "[extensionResourceId(resourceId('Microsoft.OperationalInsights/workspaces', parameters('workspace')), 'Microsoft.SecurityInsights/dataConnectors', 'AzureInformationProtection')]"
      ],
      "location": "[parameters('workspace-location')]",
      "properties": {
        "parentId": "[extensionResourceId(resourceId('Microsoft.OperationalInsights/workspaces', parameters('workspace')), 'Microsoft.SecurityInsights/dataConnectors', 'AzureInformationProtection')]",
        "contentId": "AzureInformationProtection",
        "kind": "DataConnector",
        "version": "1.0.0",
        "source": {
          "kind": "Solution",
          "name": "Azure Information Protection",
          "sourceId": "azuresentinel.azure-sentinel-solution-azureinformationprotection"
        },
        "author": {
          "name": "Microsoft",
          "email": "support@microsoft.com"
        },
        "support": {
          "tier": "Microsoft",
          "name": "Microsoft Corporation",
          "link": "https://support.microsoft.com",
          "email": "support@microsoft.com"
        }
      }
    },
    {
      "name": "[concat(parameters('workspace'),'/Microsoft.SecurityInsights/','AzureInformationProtection')]",
      "apiVersion": "2021-03-01-preview",
      "type": "Microsoft.OperationalInsights/workspaces/providers/dataConnectors",
      "location": "[parameters('workspace-location')]",
      "kind": "StaticUI",
      "properties": {
        "connectorUiConfig": {
          "title": "Azure Information Protection",
          "publisher": "Microsoft",
          "descriptionMarkdown": "**Azure Information Protection**  helps protect your data whether it’s stored in the cloud or in on-premises infrastructures. Control and help secure email, documents, and sensitive data that you share outside your company. From easy classification to embedded labels and permissions, enhance data protection at all times with Azure Information Protection. With Azure Information Protection you can:\n\n-   Classify your data based on sensitivity​.\n-   Protect your data at all times.\n-   Add visibility and control by powerful logging and reporting​.\n-   Collaborate more securely with others.\n\nIntegrate Microsoft Azure Information Protection logs with Sentinel to view dashboards, create custom alerts, and improve investigation.\n\n[Get started with Azure Information Protection >](https://aka.ms/asi-aip-get-started)",
          "graphQueries": [
            {
              "metricName": "Total data received",
              "legend": "InformationProtectionLogs_CL",
              "baseQuery": "InformationProtectionLogs_CL​​"
            }
          ],
          "dataTypes": [
            {
              "name": "InformationProtectionLogs_CL",
              "lastDataReceivedQuery": "InformationProtectionLogs_CL​​\n            | summarize Time = max(TimeGenerated)\n            | where isnotempty(Time)"
            }
          ],
          "connectivityCriterias": [
            {
              "type": "IsConnectedQuery",
              "value": [
                "InformationProtectionLogs_CL​​\n            | summarize LastLogReceived = max(TimeGenerated)\n            | project IsConnected = LastLogReceived > ago(7d)"
              ]
            }
          ],
          "id": "AzureInformationProtection"
        }
      }
    },
    {
      "type": "Microsoft.OperationalInsights/workspaces/providers/contentPackages",
      "name": "[concat(parameters('workspace'),'/Microsoft.SecurityInsights/', 'azuresentinel.azure-sentinel-solution-azureinformationprotection')]",
      "location": "[parameters('workspace-location')]",
      "apiVersion": "2022-08-01",
      "properties": {
        "version": "3.0.0",
        "kind": "Solution",
        "contentSchemaVersion": "3.0.0",
        "source": {
          "kind": "Solution",
          "name": "Azure Information Protection",
          "sourceId": "azuresentinel.azure-sentinel-solution-azureinformationprotection"
        },
        "author": {
          "name": "Microsoft",
          "email": "support@microsoft.com"
        },
        "support": {
          "name": "Microsoft Corporation",
          "email": "support@microsoft.com",
          "tier": "Microsoft",
          "link": "https://support.microsoft.com"
        },
        "dependencies": {
          "operator": "AND",
          "criteria": [
            {
              "kind": "Workbook",
              "contentId": "AzureInformationProtectionWorkbook",
              "version": "1.1.0"
            },
            {
              "kind": "DataConnector",
              "contentId": "AzureInformationProtection",
              "version": "1.0.0"
            }
          ]
        },
        "firstPublishDate": "2022-05-18",
        "providers": [
          "Microsoft"
        ],
        "categories": {
          "domains": [
            "Cloud Provider",
            "Security - Others"
          ]
        },
        "contentVersion": "3.0.0",
        "id": "azuresentinel.azure-sentinel-solution-azureinformationprotection",
        "packageKind": "Solution",
        "displayName": "Azure Information Protection solution for Sentinel"
      }
    }
  ]
}