{
  "$schema": "https://schema.management.azure.com/schemas/2019-04-01/deploymentTemplate.json#",
  "contentVersion": "1.0.0",
  "parameters": {
    "location": {
      "type": "string",
      "minLength": 1,
      "defaultValue": "[resourceGroup().location]",
      "metadata": {
        "description": "Not used, but needed to pass arm-ttk test `Location-Should-Not-Be-Hardcoded`.  We instead use the `workspace-location` which is derived from the LA workspace"
      }
    },
    "workspace": {
      "defaultValue": "",
      "type": "string",
      "metadata": {
        "description": "Workspace name for Log Analytics where Microsoft Sentinel is setup"
      }
    },
    "workspace-location": {
      "type": "string",
      "defaultValue": "",
      "metadata": {
        "description": "[concat('Region to deploy solution resources -- separate from location selection',parameters('location'))]"
      }
    }
  },
  "resources": [
    {
      "type": "Microsoft.OperationalInsights/workspaces/providers/contentTemplates",
      "name": "[concat(parameters('workspace'),'/Microsoft.SecurityInsights/',concat(concat(parameters('workspace'),'-ar-',uniquestring('91f59cea-486f-11ec-81d3-0242ac130003')),'1.0.0'))]",
      "location": "[parameters('workspace-location')]",
      "apiVersion": "2022-08-01",
      "dependsOn": [
        "[extensionResourceId(resourceId('Microsoft.OperationalInsights/workspaces', parameters('workspace')), 'Microsoft.SecurityInsights/contentPackages', 'azuresentinel.azure-sentinel-solution-apachetomcat')]"
      ],
      "properties": {
        "contentId": "91f59cea-486f-11ec-81d3-0242ac130003",
        "displayName": "Tomcat - Commands in URI",
        "contentKind": "AnalyticsRule",
        "mainTemplate": {
          "resources": [
            {
              "type": "Microsoft.SecurityInsights/AlertRuleTemplates",
              "name": "91f59cea-486f-11ec-81d3-0242ac130003",
              "apiVersion": "2022-04-01-preview",
              "kind": "Scheduled",
              "location": "[parameters('workspace-location')]",
              "properties": {
                "description": "Detects commands in URI",
                "displayName": "Tomcat - Commands in URI",
                "enabled": false,
                "query": "let commands = dynamic(['cat%20/etc/passwd', '/etc/passwd', 'ping -i', '/usr/bin/id(', '%2f%75%73%72%2f%62%69%6e%2f%69%64', 'phpinfo()', '%70%68%70%69%6e%66%6f%28%29', ';id', '%3b%69%64', '/bin/bash -c', '%2f%62%69%6e%2f%62%61%73%68%20%2d%63%27', '/bin/bash', '%2f%62%69%6e%2f%62%61%73%68', 'sleep(', '%73%6c%65%65%70%28', 'curl', '%63%75%72%6c', '&dir', '%26%64%69%72', '& dir', '%26%20%64%69%72', '<script>', '%3c%73%63%72%69%70%74%3e', 'eval(', '%65%76%61%6c%28', 'exec(', '%65%78%65%63%28', 'whoami', '%77%68%6f%61%6d%69', 'wget', 'python', 'gcc', 'uname', 'systeminfo', '%70%79%74%68%6f%6e', '%75%6e%61%6d%65', '%73%79%73%74%65%6d%69%6e%66%6f']);\nTomcatEvent\n| where UrlOriginal has_any (commands)\n| extend UrlCustomEntity = UrlOriginal\n",
                "queryFrequency": "PT1H",
                "queryPeriod": "PT1H",
                "severity": "High",
                "suppressionDuration": "PT1H",
                "suppressionEnabled": false,
                "triggerOperator": "GreaterThan",
                "triggerThreshold": 0,
                "status": "Available",
                "requiredDataConnectors": [
                  {
                    "dataTypes": [
                      "TomcatEvent"
                    ],
                    "connectorId": "ApacheTomcat"
                  }
                ],
                "tactics": [
                  "InitialAccess"
                ],
                "entityMappings": [
                  {
                    "fieldMappings": [
                      {
                        "identifier": "Url",
                        "columnName": "UrlCustomEntity"
                      }
                    ],
                    "entityType": "URL"
                  }
                ]
              }
            },
            {
              "type": "Microsoft.OperationalInsights/workspaces/providers/metadata",
              "apiVersion": "2022-01-01-preview",
              "name": "[concat(parameters('workspace'),'/Microsoft.SecurityInsights/',concat('AnalyticsRule-', last(split(resourceId('Microsoft.SecurityInsights/AlertRuleTemplates', '91f59cea-486f-11ec-81d3-0242ac130003'),'/'))))]",
              "properties": {
                "description": "Tomcat Analytics Rule 1",
                "parentId": "[resourceId('Microsoft.SecurityInsights/AlertRuleTemplates', '91f59cea-486f-11ec-81d3-0242ac130003')]",
                "contentId": "91f59cea-486f-11ec-81d3-0242ac130003",
                "kind": "AnalyticsRule",
                "version": "1.0.0",
                "source": {
                  "kind": "Solution",
                  "name": "Tomcat",
                  "sourceId": "azuresentinel.azure-sentinel-solution-apachetomcat"
                },
                "author": {
                  "name": "Microsoft",
                  "email": "support@microsoft.com"
                },
                "support": {
                  "name": "Microsoft Corporation",
                  "email": "support@microsoft.com",
                  "tier": "Microsoft",
                  "link": "https://support.microsoft.com"
                }
              }
            }
          ]
        }
      }
    }
  ]
}