{
  "$schema": "https://schema.management.azure.com/schemas/2019-04-01/deploymentTemplate.json#",
  "contentVersion": "1.0.0",
  "parameters": {
    "location": {
      "type": "string",
      "minLength": 1,
      "defaultValue": "[resourceGroup().location]",
      "metadata": {
        "description": "Not used, but needed to pass arm-ttk test `Location-Should-Not-Be-Hardcoded`.  We instead use the `workspace-location` which is derived from the LA workspace"
      }
    },
    "workspace": {
      "defaultValue": "",
      "type": "string",
      "metadata": {
        "description": "Workspace name for Log Analytics where Microsoft Sentinel is setup"
      }
    },
    "workspace-location": {
      "type": "string",
      "defaultValue": "",
      "metadata": {
        "description": "[concat('Region to deploy solution resources -- separate from location selection',parameters('location'))]"
      }
    }
  },
  "resources": [
    {
      "type": "Microsoft.OperationalInsights/workspaces/providers/contentTemplates",
      "name": "[concat(parameters('workspace'),'/Microsoft.SecurityInsights/',concat(concat(parameters('workspace'),'-ar-',uniquestring('5e77a818-5825-4ff6-a901-80891c4774d1')),'1.0.0'))]",
      "location": "[parameters('workspace-location')]",
      "apiVersion": "2022-08-01",
      "dependsOn": [
        "[extensionResourceId(resourceId('Microsoft.OperationalInsights/workspaces', parameters('workspace')), 'Microsoft.SecurityInsights/contentPackages', 'azuresentinel.azure-sentinel-solution-apachetomcat')]"
      ],
      "properties": {
        "contentId": "5e77a818-5825-4ff6-a901-80891c4774d1",
        "displayName": "Tomcat - Known malicious user agent",
        "contentKind": "AnalyticsRule",
        "mainTemplate": {
          "resources": [
            {
              "type": "Microsoft.SecurityInsights/AlertRuleTemplates",
              "name": "5e77a818-5825-4ff6-a901-80891c4774d1",
              "apiVersion": "2022-04-01-preview",
              "kind": "Scheduled",
              "location": "[parameters('workspace-location')]",
              "properties": {
                "description": "Detects known malicious user agents",
                "displayName": "Tomcat - Known malicious user agent",
                "enabled": false,
                "query": "let malicious_ua = dynamic(['Nikto', 'hydra', '.nasl', 'absinthe', 'advanced email extractor', 'arachni', 'autogetcontent', 'bilbo', 'BFAC', 'brutus', 'brutus/aet', 'bsqlbf', 'cgichk', 'cisco-torch', 'commix', 'core-project', 'crimscanner', 'datacha0s', 'dirbuster', 'domino hunter', 'dotdotpwn', 'email extractor', 'fhscan core', 'floodgate', 'get-minimal', 'gootkit auto-rooter scanner', 'grabber', 'grendel-scan', 'havij', 'inspath', 'internet ninja', 'jaascois', 'zmeu', 'masscan', 'metis', 'morfeus', 'mysqloit', 'n-stealth', 'nessus', 'netsparker', 'nmap nse', 'nmap scripting engine', 'nmap-nse', 'nsauditor', 'openvas', 'pangolin', 'paros', 'pmafind', 'prog.customcrawler', 'qualys was', 's.t.a.l.k.e.r.', 'security scan', 'springenwerk', 'sql power injector', 'sqlmap', 'sqlninja', 'teh forest lobster', 'this is an exploit', 'toata dragostea', 'toata dragostea mea pentru diavola', 'uil2pn', 'vega', 'voideye', 'w3af.sf.net', 'w3af.sourceforge.net', 'w3af.org', 'webbandit', 'webinspect', 'webshag', 'webtrends security analyzer', 'webvulnscan', 'whatweb', 'whcc', 'wordpress hash grabber', 'xmlrpc exploit', 'WPScan', 'XSpider', 'SF/', 'FooBar/42', 'ScanAlert', 'Webscanner', 'Webster', 'fantomCrew', 'fantomBrowser', 'visvo', 'magereport', 'ltx71', 'websiteprotection', 'BigCliqueBOT', 'BOT for JCE']);\nTomcatEvent\n| where HttpUserAgentOriginal has_any (malicious_ua)\n| extend MalwareCustomEntity = HttpUserAgentOriginal\n",
                "queryFrequency": "PT1H",
                "queryPeriod": "PT1H",
                "severity": "High",
                "suppressionDuration": "PT1H",
                "suppressionEnabled": false,
                "triggerOperator": "GreaterThan",
                "triggerThreshold": 0,
                "status": "Available",
                "requiredDataConnectors": [
                  {
                    "dataTypes": [
                      "TomcatEvent"
                    ],
                    "connectorId": "ApacheTomcat"
                  }
                ],
                "tactics": [
                  "InitialAccess"
                ],
                "entityMappings": [
                  {
                    "fieldMappings": [
                      {
                        "identifier": "Name",
                        "columnName": "MalwareCustomEntity"
                      }
                    ],
                    "entityType": "Malware"
                  }
                ]
              }
            },
            {
              "type": "Microsoft.OperationalInsights/workspaces/providers/metadata",
              "apiVersion": "2022-01-01-preview",
              "name": "[concat(parameters('workspace'),'/Microsoft.SecurityInsights/',concat('AnalyticsRule-', last(split(resourceId('Microsoft.SecurityInsights/AlertRuleTemplates', '5e77a818-5825-4ff6-a901-80891c4774d1'),'/'))))]",
              "properties": {
                "description": "Tomcat Analytics Rule 2",
                "parentId": "[resourceId('Microsoft.SecurityInsights/AlertRuleTemplates', '5e77a818-5825-4ff6-a901-80891c4774d1')]",
                "contentId": "5e77a818-5825-4ff6-a901-80891c4774d1",
                "kind": "AnalyticsRule",
                "version": "1.0.0",
                "source": {
                  "kind": "Solution",
                  "name": "Tomcat",
                  "sourceId": "azuresentinel.azure-sentinel-solution-apachetomcat"
                },
                "author": {
                  "name": "Microsoft",
                  "email": "support@microsoft.com"
                },
                "support": {
                  "name": "Microsoft Corporation",
                  "email": "support@microsoft.com",
                  "tier": "Microsoft",
                  "link": "https://support.microsoft.com"
                }
              }
            }
          ]
        }
      }
    }
  ]
}