{
  "$schema": "https://schema.management.azure.com/schemas/2019-04-01/deploymentTemplate.json#",
  "contentVersion": "1.0.0",
  "parameters": {
    "location": {
      "type": "string",
      "minLength": 1,
      "defaultValue": "[resourceGroup().location]",
      "metadata": {
        "description": "Not used, but needed to pass arm-ttk test `Location-Should-Not-Be-Hardcoded`.  We instead use the `workspace-location` which is derived from the LA workspace"
      }
    },
    "workspace": {
      "defaultValue": "",
      "type": "string",
      "metadata": {
        "description": "Workspace name for Log Analytics where Microsoft Sentinel is setup"
      }
    },
    "workspace-location": {
      "type": "string",
      "defaultValue": "",
      "metadata": {
        "description": "[concat('Region to deploy solution resources -- separate from location selection',parameters('location'))]"
      }
    }
  },
  "resources": [
    {
      "type": "Microsoft.OperationalInsights/workspaces/providers/contentTemplates",
      "name": "[concat(parameters('workspace'),'/Microsoft.SecurityInsights/',concat(concat(parameters('workspace'),'-ar-',uniquestring('875da588-4875-11ec-81d3-0242ac130003')),'1.0.0'))]",
      "location": "[parameters('workspace-location')]",
      "apiVersion": "2022-08-01",
      "dependsOn": [
        "[extensionResourceId(resourceId('Microsoft.OperationalInsights/workspaces', parameters('workspace')), 'Microsoft.SecurityInsights/contentPackages', 'azuresentinel.azure-sentinel-solution-apachetomcat')]"
      ],
      "properties": {
        "contentId": "875da588-4875-11ec-81d3-0242ac130003",
        "displayName": "Tomcat - Server errors after multiple requests from same IP",
        "contentKind": "AnalyticsRule",
        "mainTemplate": {
          "resources": [
            {
              "type": "Microsoft.SecurityInsights/AlertRuleTemplates",
              "name": "875da588-4875-11ec-81d3-0242ac130003",
              "apiVersion": "2022-04-01-preview",
              "kind": "Scheduled",
              "location": "[parameters('workspace-location')]",
              "properties": {
                "description": "Detects server errors after multiple requests from same IP address.",
                "displayName": "Tomcat - Server errors after multiple requests from same IP",
                "enabled": false,
                "query": "let multi_errors = TomcatEvent\n| where toint(HttpStatusCode) >= 500 and toint(HttpStatusCode) <= 599\n| sort by EventStartTime asc\n| summarize MultipleServerErrors = count() by SrcIpAddr, bin(EventStartTime, 5m)\n| where MultipleServerErrors > 10;\nlet error_time_table = TomcatEvent\n| where toint(HttpStatusCode) >= 500 and toint(HttpStatusCode) <= 599\n| summarize error_time=min(EventStartTime) by SrcIpAddr\n| join kind=innerunique (multi_errors) on SrcIpAddr;\nTomcatEvent\n| where toint(HttpStatusCode) >= 100 and toint(HttpStatusCode) <= 399\n| summarize success_time=max(EventStartTime) by SrcIpAddr\n| join kind=innerunique (error_time_table) on SrcIpAddr\n| extend time_between_error_and_success = datetime_diff('second', error_time, success_time)\n| where time_between_error_and_success between (1 .. 300)\n| project time_between_error_and_success, error_time, success_time, SrcIpAddr\n| extend IPCustomEntity = SrcIpAddr\n",
                "queryFrequency": "PT1H",
                "queryPeriod": "PT1H",
                "severity": "Medium",
                "suppressionDuration": "PT1H",
                "suppressionEnabled": false,
                "triggerOperator": "GreaterThan",
                "triggerThreshold": 0,
                "status": "Available",
                "requiredDataConnectors": [
                  {
                    "dataTypes": [
                      "TomcatEvent"
                    ],
                    "connectorId": "ApacheTomcat"
                  }
                ],
                "tactics": [
                  "Impact",
                  "InitialAccess"
                ],
                "entityMappings": [
                  {
                    "fieldMappings": [
                      {
                        "identifier": "Address",
                        "columnName": "IPCustomEntity"
                      }
                    ],
                    "entityType": "IP"
                  }
                ]
              }
            },
            {
              "type": "Microsoft.OperationalInsights/workspaces/providers/metadata",
              "apiVersion": "2022-01-01-preview",
              "name": "[concat(parameters('workspace'),'/Microsoft.SecurityInsights/',concat('AnalyticsRule-', last(split(resourceId('Microsoft.SecurityInsights/AlertRuleTemplates', '875da588-4875-11ec-81d3-0242ac130003'),'/'))))]",
              "properties": {
                "description": "Tomcat Analytics Rule 10",
                "parentId": "[resourceId('Microsoft.SecurityInsights/AlertRuleTemplates', '875da588-4875-11ec-81d3-0242ac130003')]",
                "contentId": "875da588-4875-11ec-81d3-0242ac130003",
                "kind": "AnalyticsRule",
                "version": "1.0.0",
                "source": {
                  "kind": "Solution",
                  "name": "Tomcat",
                  "sourceId": "azuresentinel.azure-sentinel-solution-apachetomcat"
                },
                "author": {
                  "name": "Microsoft",
                  "email": "support@microsoft.com"
                },
                "support": {
                  "name": "Microsoft Corporation",
                  "email": "support@microsoft.com",
                  "tier": "Microsoft",
                  "link": "https://support.microsoft.com"
                }
              }
            }
          ]
        }
      }
    }
  ]
}