{
  "$schema": "https://schema.management.azure.com/schemas/2019-04-01/deploymentTemplate.json#",
  "contentVersion": "1.0.0",
  "parameters": {
    "location": {
      "type": "string",
      "minLength": 1,
      "defaultValue": "[resourceGroup().location]",
      "metadata": {
        "description": "Not used, but needed to pass arm-ttk test `Location-Should-Not-Be-Hardcoded`.  We instead use the `workspace-location` which is derived from the LA workspace"
      }
    },
    "workspace": {
      "defaultValue": "",
      "type": "string",
      "metadata": {
        "description": "Workspace name for Log Analytics where Microsoft Sentinel is setup"
      }
    },
    "workspace-location": {
      "type": "string",
      "defaultValue": "",
      "metadata": {
        "description": "[concat('Region to deploy solution resources -- separate from location selection',parameters('location'))]"
      }
    }
  },
  "resources": [
    {
      "type": "Microsoft.OperationalInsights/workspaces/providers/contentTemplates",
      "name": "[concat(parameters('workspace'),'/Microsoft.SecurityInsights/',concat(concat(parameters('workspace'),'-hq-',uniquestring('d5e1eb24-487a-11ec-81d3-0242ac130003')),'1.0.0'))]",
      "location": "[parameters('workspace-location')]",
      "apiVersion": "2022-08-01",
      "dependsOn": [
        "[extensionResourceId(resourceId('Microsoft.OperationalInsights/workspaces', parameters('workspace')), 'Microsoft.SecurityInsights/contentPackages', 'azuresentinel.azure-sentinel-solution-apachetomcat')]"
      ],
      "properties": {
        "contentId": "d5e1eb24-487a-11ec-81d3-0242ac130003",
        "displayName": "",
        "contentKind": "HuntingQuery",
        "mainTemplate": {
          "resources": [
            {
              "type": "Microsoft.OperationalInsights/savedSearches",
              "apiVersion": "2020-08-01",
              "name": "Tomcat_Hunting_Query_2",
              "location": "[parameters('workspace-location')]",
              "properties": {
                "eTag": "*",
                "displayName": "Tomcat - Abnormal request size",
                "category": "Hunting Queries",
                "query": "let Average_Body_Bytes = TomcatEvent\n| where TimeGenerated > ago(30d)\n| summarize Avg_Size = avg(HttpResponseBodyBytes)\n| extend K = 1;\nTomcatEvent\n| where TimeGenerated > ago(24h)\n| extend File = extract(@\"(.*\\/)?(.*)\", 2, tostring(UrlOriginal))\n| extend K = 1\n| join kind=inner Average_Body_Bytes on K\n| where tolong(HttpResponseBodyBytes) > Avg_Size\n| extend FileCustomEntity = File, UrlCustomEntity = UrlOriginal\n",
                "version": 2,
                "tags": [
                  {
                    "name": "description",
                    "value": "Query shows abnormal request size."
                  },
                  {
                    "name": "tactics",
                    "value": "Exfiltration,Collection"
                  },
                  {
                    "name": "techniques",
                    "value": "T1530,T1537"
                  }
                ]
              }
            },
            {
              "type": "Microsoft.OperationalInsights/workspaces/providers/metadata",
              "apiVersion": "2022-01-01-preview",
              "name": "[concat(parameters('workspace'),'/Microsoft.SecurityInsights/',concat('HuntingQuery-', last(split(resourceId('Microsoft.OperationalInsights/savedSearches', 'd5e1eb24-487a-11ec-81d3-0242ac130003'),'/'))))]",
              "properties": {
                "description": "Tomcat Hunting Query 2",
                "parentId": "[resourceId('Microsoft.OperationalInsights/savedSearches', 'd5e1eb24-487a-11ec-81d3-0242ac130003')]",
                "contentId": "d5e1eb24-487a-11ec-81d3-0242ac130003",
                "kind": "HuntingQuery",
                "version": "1.0.0",
                "source": {
                  "kind": "Solution",
                  "name": "Tomcat",
                  "sourceId": "azuresentinel.azure-sentinel-solution-apachetomcat"
                },
                "author": {
                  "name": "Microsoft",
                  "email": "support@microsoft.com"
                },
                "support": {
                  "name": "Microsoft Corporation",
                  "email": "support@microsoft.com",
                  "tier": "Microsoft",
                  "link": "https://support.microsoft.com"
                }
              }
            }
          ]
        }
      }
    }
  ]
}