{
  "$schema": "https://schema.management.azure.com/schemas/2019-04-01/deploymentTemplate.json#",
  "contentVersion": "1.0.0",
  "parameters": {
    "location": {
      "type": "string",
      "minLength": 1,
      "defaultValue": "[resourceGroup().location]",
      "metadata": {
        "description": "Not used, but needed to pass arm-ttk test `Location-Should-Not-Be-Hardcoded`.  We instead use the `workspace-location` which is derived from the LA workspace"
      }
    },
    "workspace": {
      "defaultValue": "",
      "type": "string",
      "metadata": {
        "description": "Workspace name for Log Analytics where Microsoft Sentinel is setup"
      }
    },
    "workspace-location": {
      "type": "string",
      "defaultValue": "",
      "metadata": {
        "description": "[concat('Region to deploy solution resources -- separate from location selection',parameters('location'))]"
      }
    }
  },
  "resources": [
    {
      "type": "Microsoft.OperationalInsights/workspaces/providers/contentTemplates",
      "name": "[concat(parameters('workspace'),'/Microsoft.SecurityInsights/',concat(concat(parameters('workspace'),'-pr-',uniquestring('TomcatEvent-Parser')),'1.0.0'))]",
      "location": "[parameters('workspace-location')]",
      "apiVersion": "2022-08-01",
      "dependsOn": [
        "[extensionResourceId(resourceId('Microsoft.OperationalInsights/workspaces', parameters('workspace')), 'Microsoft.SecurityInsights/contentPackages', 'azuresentinel.azure-sentinel-solution-apachetomcat')]"
      ],
      "properties": {
        "contentId": "TomcatEvent-Parser",
        "displayName": "ApacheTomcat Data Parser",
        "contentKind": "Parser",
        "mainTemplate": {
          "resources": [
            {
              "name": "[concat(parameters('workspace'),'/','ApacheTomcat Data Parser')]",
              "apiVersion": "2020-08-01",
              "type": "Microsoft.OperationalInsights/workspaces/savedSearches",
              "location": "[parameters('workspace-location')]",
              "properties": {
                "eTag": "*",
                "displayName": "ApacheTomcat Data Parser",
                "category": "Samples",
                "functionAlias": "TomcatEvent",
                "query": "\nlet tomcat_accesslog_events =() {\r\nTomcat_CL\r\n| where RawData matches regex @'(\\d{1,3}\\.\\d{1,3}\\.\\d{1,3}\\.\\d{1,3}).*\\[.*\\]\\s\\\"(GET|POST).*?\\\"\\s([1-5][0-9]{2})\\s(\\d+)\\s\\\"(.*?)\\\"\\s\\\"(.*?)\\\".*'\r\n| extend EventProduct = 'Tomcat'\r\n| extend EventType = 'AccessLog'\r\n| extend EventData = split(RawData, '\"')\r\n| extend SubEventData0 = split(trim_start(@' ', (trim_end(@' ', tostring(EventData[0])))), ' ')\r\n| extend SubEventData1 = split(EventData[1], ' ')\r\n| extend SubEventData2 = split(trim_start(@' ', (trim_end(@' ', tostring(EventData[2])))), ' ')\r\n| extend SrcIpAddr = tostring(SubEventData0[0])\r\n| extend ClientIdentity = SubEventData0[1]\r\n| extend SrcUserName = SubEventData0[2]\r\n| extend EventStartTime = todatetime(replace(@'\\/', @'-', replace(@'(\\d{2}\\/\\w{3}\\/\\d{4}):(\\d{2}\\:\\d{2}\\:\\d{2})', @'\\1 \\2', extract(@'\\[(.*?)\\+\\d+\\]', 1, RawData))))\r\n| extend HttpRequestMethod = SubEventData1[0]\r\n| extend UrlOriginal = SubEventData1[1]\r\n| extend HttpVersion = SubEventData1[2]\r\n| extend HttpStatusCode = SubEventData2[0]\r\n| extend HttpResponseBodyBytes = SubEventData2[1]\r\n| extend HttpReferrerOriginal = EventData[3]\r\n| extend HttpUserAgentOriginal = EventData[5]\r\n};\r\nlet tomcat_catalina_event1=() {\r\nTomcat_CL\r\n| where RawData matches regex @'\\A\\w+\\s\\d+,\\s\\d{4}\\s\\d+:\\d+:\\d+\\s(PM|AM)\\sorg.*'\r\n| extend EventProduct = 'Tomcat'\r\n| extend EventType = 'CatalinaLog'\r\n| extend EventStartTime = todatetime(replace(@',', '', extract(@'\\A(\\w+\\s\\d+,\\s\\d{4}\\s\\d+:\\d+:\\d+\\s(PM|AM))', 0, RawData)))\r\n| extend ClassName = extract(@'(PM|AM)\\s(.*?)\\s', 2, RawData)\r\n| extend DvcAction = extract(@'(PM|AM)\\sorg.*?\\s(\\S+)', 2, RawData)\r\n};\r\nlet tomcat_catalina_event2=() {\r\nTomcat_CL\r\n| where RawData matches regex @'\\A(INFO|WARN|ERROR|DEBUG):\\s'\r\n| extend EventProduct = 'Tomcat'\r\n| extend EventType = 'CatalinaLog'\r\n| extend EventSeverity = extract(@'(INFO|ERROR|WARN|DEBUG)', 1, RawData)\r\n| extend EventMessage = extract(@'(INFO|ERROR|WARN|DEBUG):\\s(.*)', 2, RawData)\r\n};\r\nunion isfuzzy=true tomcat_accesslog_events, tomcat_catalina_event1, tomcat_catalina_event2\r\n| project TimeGenerated\r\n        , EventProduct\r\n        , EventType\r\n        , EventSeverity\r\n        , EventStartTime\r\n        , SrcIpAddr\r\n        , ClientIdentity\r\n        , SrcUserName\r\n        , HttpRequestMethod\r\n        , UrlOriginal\r\n        , HttpVersion\r\n        , HttpStatusCode\r\n        , HttpResponseBodyBytes\r\n        , HttpReferrerOriginal\r\n        , HttpUserAgentOriginal\r\n        , ClassName\r\n        , DvcAction\r\n        , EventMessage",
                "version": 1,
                "tags": [
                  {
                    "name": "description",
                    "value": "ApacheTomcat Data Parser"
                  }
                ]
              }
            },
            {
              "type": "Microsoft.OperationalInsights/workspaces/providers/metadata",
              "apiVersion": "2022-01-01-preview",
              "name": "[concat(parameters('workspace'),'/Microsoft.SecurityInsights/',concat('Parser-', last(split(resourceId('Microsoft.OperationalInsights/workspaces/savedSearches', parameters('workspace'), 'ApacheTomcat Data Parser'),'/'))))]",
              "dependsOn": [
                "[concat(parameters('workspace'),'/','ApacheTomcat Data Parser')]"
              ],
              "properties": {
                "parentId": "[resourceId('Microsoft.OperationalInsights/workspaces/savedSearches', parameters('workspace'), 'ApacheTomcat Data Parser')]",
                "contentId": "TomcatEvent-Parser",
                "kind": "Parser",
                "version": "1.0.0",
                "source": {
                  "name": "Tomcat",
                  "kind": "Solution",
                  "sourceId": "azuresentinel.azure-sentinel-solution-apachetomcat"
                },
                "author": {
                  "name": "Microsoft",
                  "email": "support@microsoft.com"
                },
                "support": {
                  "name": "Microsoft Corporation",
                  "email": "support@microsoft.com",
                  "tier": "Microsoft",
                  "link": "https://support.microsoft.com"
                }
              }
            }
          ]
        }
      }
    }
  ]
}