{
  "$schema": "https://schema.management.azure.com/schemas/2019-04-01/deploymentTemplate.json#",
  "contentVersion": "1.0.0",
  "parameters": {
    "location": {
      "type": "string",
      "minLength": 1,
      "defaultValue": "[resourceGroup().location]",
      "metadata": {
        "description": "Not used, but needed to pass arm-ttk test `Location-Should-Not-Be-Hardcoded`.  We instead use the `workspace-location` which is derived from the LA workspace"
      }
    },
    "workspace": {
      "defaultValue": "",
      "type": "string",
      "metadata": {
        "description": "Workspace name for Log Analytics where Microsoft Sentinel is setup"
      }
    },
    "workspace-location": {
      "type": "string",
      "defaultValue": "",
      "metadata": {
        "description": "[concat('Region to deploy solution resources -- separate from location selection',parameters('location'))]"
      }
    }
  },
  "resources": [
    {
      "type": "Microsoft.OperationalInsights/workspaces/providers/contentTemplates",
      "name": "[concat(parameters('workspace'),'/Microsoft.SecurityInsights/',concat(concat(parameters('workspace'),'-ar-',uniquestring('402a42ad-f31c-48d1-8f80-0200846b7f25')),'1.0.0'))]",
      "location": "[parameters('workspace-location')]",
      "apiVersion": "2022-08-01",
      "dependsOn": [
        "[extensionResourceId(resourceId('Microsoft.OperationalInsights/workspaces', parameters('workspace')), 'Microsoft.SecurityInsights/contentPackages', 'azuresentinel.azure-sentinel-solution-azureddosprotection')]"
      ],
      "properties": {
        "contentId": "402a42ad-f31c-48d1-8f80-0200846b7f25",
        "displayName": "DDoS Attack IP Addresses - Percent Threshold",
        "contentKind": "AnalyticsRule",
        "mainTemplate": {
          "resources": [
            {
              "type": "Microsoft.SecurityInsights/AlertRuleTemplates",
              "name": "402a42ad-f31c-48d1-8f80-0200846b7f25",
              "apiVersion": "2022-04-01-preview",
              "kind": "Scheduled",
              "location": "[parameters('workspace-location')]",
              "properties": {
                "description": "Identifies IP addresses that generate over 5% of traffic during DDoS attack mitigation",
                "displayName": "DDoS Attack IP Addresses - Percent Threshold",
                "enabled": false,
                "query": "let T1 = AzureDiagnostics\n  | where ResourceType == \"PUBLICIPADDRESSES\" and Category == \"DDoSMitigationFlowLogs\"\n  | summarize rows_count = count() by destPublicIpAddress_s, sourcePublicIpAddress_s;\nlet T2 = AzureDiagnostics\n  | where ResourceType == \"PUBLICIPADDRESSES\" and Category == \"DDoSMitigationFlowLogs\"\n  | summarize rows_total = count() by destPublicIpAddress_s;\nT2\n  | join kind=leftouter T1 on destPublicIpAddress_s\n  | project destPublicIpAddress_s, sourcePublicIpAddress_s, percent_of_traffic = 100*rows_count/rows_total\n  | order by percent_of_traffic desc\n  | where percent_of_traffic > 5\n",
                "queryFrequency": "PT2H",
                "queryPeriod": "PT2H",
                "severity": "Medium",
                "suppressionDuration": "PT1H",
                "suppressionEnabled": false,
                "triggerOperator": "GreaterThan",
                "triggerThreshold": 0,
                "status": "Available",
                "requiredDataConnectors": [
                  {
                    "connectorId": "DDOS",
                    "dataTypes": [
                      "AzureDiagnostics"
                    ]
                  }
                ],
                "entityMappings": [
                  {
                    "entityType": "IP",
                    "fieldMappings": [
                      {
                        "columnName": "sourcePublicIpAddress_s",
                        "identifier": "Address"
                      }
                    ]
                  }
                ]
              }
            },
            {
              "type": "Microsoft.OperationalInsights/workspaces/providers/metadata",
              "apiVersion": "2022-01-01-preview",
              "name": "[concat(parameters('workspace'),'/Microsoft.SecurityInsights/',concat('AnalyticsRule-', last(split(resourceId('Microsoft.SecurityInsights/AlertRuleTemplates', '402a42ad-f31c-48d1-8f80-0200846b7f25'),'/'))))]",
              "properties": {
                "description": "Azure DDoS Protection Analytics Rule 1",
                "parentId": "[resourceId('Microsoft.SecurityInsights/AlertRuleTemplates', '402a42ad-f31c-48d1-8f80-0200846b7f25')]",
                "contentId": "402a42ad-f31c-48d1-8f80-0200846b7f25",
                "kind": "AnalyticsRule",
                "version": "1.0.0",
                "source": {
                  "kind": "Solution",
                  "name": "Azure DDoS Protection",
                  "sourceId": "azuresentinel.azure-sentinel-solution-azureddosprotection"
                },
                "author": {
                  "name": "Microsoft",
                  "email": "support@microsoft.com"
                },
                "support": {
                  "tier": "Microsoft",
                  "name": "Microsoft Corporation",
                  "link": "https://support.microsoft.com",
                  "email": "support@microsoft.com"
                }
              }
            }
          ]
        }
      }
    }
  ]
}