{
  "$schema": "https://schema.management.azure.com/schemas/2019-04-01/deploymentTemplate.json#",
  "contentVersion": "1.0.0",
  "parameters": {
    "location": {
      "type": "string",
      "minLength": 1,
      "defaultValue": "[resourceGroup().location]",
      "metadata": {
        "description": "Not used, but needed to pass arm-ttk test `Location-Should-Not-Be-Hardcoded`.  We instead use the `workspace-location` which is derived from the LA workspace"
      }
    },
    "workspace": {
      "defaultValue": "",
      "type": "string",
      "metadata": {
        "description": "Workspace name for Log Analytics where Microsoft Sentinel is setup"
      }
    },
    "workspace-location": {
      "type": "string",
      "defaultValue": "",
      "metadata": {
        "description": "[concat('Region to deploy solution resources -- separate from location selection',parameters('location'))]"
      }
    }
  },
  "resources": [
    {
      "type": "Microsoft.OperationalInsights/workspaces/providers/contentTemplates",
      "name": "[concat(parameters('workspace'),'/Microsoft.SecurityInsights/',concat(concat(parameters('workspace'),'-ar-',uniquestring('6e76fd9d-8104-41eb-bad3-26054a3ad5f0')),'1.0.0'))]",
      "location": "[parameters('workspace-location')]",
      "apiVersion": "2022-08-01",
      "dependsOn": [
        "[extensionResourceId(resourceId('Microsoft.OperationalInsights/workspaces', parameters('workspace')), 'Microsoft.SecurityInsights/contentPackages', 'azuresentinel.azure-sentinel-solution-azureddosprotection')]"
      ],
      "properties": {
        "contentId": "6e76fd9d-8104-41eb-bad3-26054a3ad5f0",
        "displayName": "DDoS Attack IP Addresses - PPS Threshold",
        "contentKind": "AnalyticsRule",
        "mainTemplate": {
          "resources": [
            {
              "type": "Microsoft.SecurityInsights/AlertRuleTemplates",
              "name": "6e76fd9d-8104-41eb-bad3-26054a3ad5f0",
              "apiVersion": "2022-04-01-preview",
              "kind": "Scheduled",
              "location": "[parameters('workspace-location')]",
              "properties": {
                "description": "Identifies IP addresses that generates maximal traffic rate over 10k PPS during DDoS attack mitigation",
                "displayName": "DDoS Attack IP Addresses - PPS Threshold",
                "enabled": false,
                "query": "AzureDiagnostics \n| where ResourceType == 'PUBLICIPADDRESSES' and Category == \"DDoSMitigationFlowLogs\"\n//sample rate of mitigation device 1:1000 so the PPS of the source is estimated to be x1000.\n| summarize PPS = 1000 * count() by destPublicIpAddress_s, sec = bin(TimeGenerated, 1s), sourcePublicIpAddress_s\n| summarize maxPPS = max(PPS) by destPublicIpAddress_s, sourcePublicIpAddress_s\n| order by destPublicIpAddress_s, maxPPS desc\n| where maxPPS > 10000\n",
                "queryFrequency": "PT2H",
                "queryPeriod": "PT2H",
                "severity": "Medium",
                "suppressionDuration": "PT1H",
                "suppressionEnabled": false,
                "triggerOperator": "GreaterThan",
                "triggerThreshold": 0,
                "status": "Available",
                "requiredDataConnectors": [
                  {
                    "connectorId": "DDOS",
                    "dataTypes": [
                      "AzureDiagnostics"
                    ]
                  }
                ],
                "entityMappings": [
                  {
                    "entityType": "IP",
                    "fieldMappings": [
                      {
                        "columnName": "sourcePublicIpAddress_s",
                        "identifier": "Address"
                      }
                    ]
                  }
                ]
              }
            },
            {
              "type": "Microsoft.OperationalInsights/workspaces/providers/metadata",
              "apiVersion": "2022-01-01-preview",
              "name": "[concat(parameters('workspace'),'/Microsoft.SecurityInsights/',concat('AnalyticsRule-', last(split(resourceId('Microsoft.SecurityInsights/AlertRuleTemplates', '6e76fd9d-8104-41eb-bad3-26054a3ad5f0'),'/'))))]",
              "properties": {
                "description": "Azure DDoS Protection Analytics Rule 2",
                "parentId": "[resourceId('Microsoft.SecurityInsights/AlertRuleTemplates', '6e76fd9d-8104-41eb-bad3-26054a3ad5f0')]",
                "contentId": "6e76fd9d-8104-41eb-bad3-26054a3ad5f0",
                "kind": "AnalyticsRule",
                "version": "1.0.0",
                "source": {
                  "kind": "Solution",
                  "name": "Azure DDoS Protection",
                  "sourceId": "azuresentinel.azure-sentinel-solution-azureddosprotection"
                },
                "author": {
                  "name": "Microsoft",
                  "email": "support@microsoft.com"
                },
                "support": {
                  "tier": "Microsoft",
                  "name": "Microsoft Corporation",
                  "link": "https://support.microsoft.com",
                  "email": "support@microsoft.com"
                }
              }
            }
          ]
        }
      }
    }
  ]
}