{
  "$schema": "https://schema.management.azure.com/schemas/2019-04-01/deploymentTemplate.json#",
  "contentVersion": "1.0.0.0",
  "parameters": {
    "location": {
      "type": "string",
      "minLength": 1,
      "defaultValue": "[resourceGroup().location]",
      "metadata": {
        "description": "Not used, but needed to pass arm-ttk test `Location-Should-Not-Be-Hardcoded`.  We instead use the `workspace-location` which is derived from the LA workspace"
      }
    },
    "workspace-location": {
      "type": "string",
      "defaultValue": "",
      "metadata": {
        "description": "[concat('Region to deploy solution resources -- separate from location selection',parameters('location'))]"
      }
    },
    "workspace": {
      "defaultValue": "",
      "type": "string",
      "metadata": {
        "description": "Workspace name for Log Analytics where Microsoft Sentinel is setup"
      }
    }
  },
  "variables": {},
  "resources": [
    {
      "type": "Microsoft.OperationalInsights/workspaces/providers/packages",
      "location": "[parameters('workspace-location')]",
      "apiVersion": "2022-08-01",
      "properties": {
        "packageKind": "Standalone",
        "packageItems": {
          "resources": [
            {
              "type": "Microsoft.OperationalInsights/workspaces/providers/contentTemplates",
              "name": "[concat(parameters('workspace'),'/Microsoft.SecurityInsights/', '93a25f10-593d-4c57-a752-a8a75f031425')]",
              "location": "[parameters('workspace-location')]",
              "apiVersion": "2022-08-01",
              "properties": {
                "contentId": "93a25f10-593d-4c57-a752-a8a75f031425",
                "displayName": "Dynamics 365 - User Bulk Retrieval Outside Normal Activity",
                "contentKind": "AnalyticsRule",
                "mainTemplate": {
                  "$schema": "https://schema.management.azure.com/schemas/2019-04-01/deploymentTemplate.json#",
                  "contentVersion": "1.0.1",
                  "resources": [
                    {
                      "type": "Microsoft.OperationalInsights/workspaces/providers/alertRules",
                      "apiVersion": "2022-04-01-preview",
                      "name": "93a25f10-593d-4c57-a752-a8a75f031425",
                      "kind": "Scheduled",
                      "location": "[parameters('workspace-location')]",
                      "properties": {
                        "description": "This query detects users retrieving significantly more records from Dynamics 365 than they have in the past 2 weeks. This could indicate potentially unauthorized access to data within Dynamics 365.",
                        "displayName": "Dynamics 365 - User Bulk Retrieval Outside Normal Activity",
                        "enabled": false,
                        "query": "let baseline_time = 14d;\nlet detection_time = 1d;\nDynamics365Activity\n| where TimeGenerated between(ago(baseline_time)..ago(detection_time-1d))\n| extend Message = tostring(split(OriginalObjectId, ' ')[0])\n| where Message =~ \"RetrieveMultiple\"\n| extend numQueryCount = todouble(QueryResults)\n| extend QueryCount = iif(QueryResults contains \",\", todouble(countof(tostring(QueryResults), ',') + 1), numQueryCount)\n| extend QueryCount = iif(isnotempty(QueryCount), QueryCount, double(1))\n| summarize sum(QueryCount) by UserId\n| extend HistoricalBaseline = sum_QueryCount\n| join (Dynamics365Activity\n| where TimeGenerated > ago(detection_time)\n| extend Message = tostring(split(OriginalObjectId, ' ')[0])\n| where Message =~ \"RetrieveMultiple\"\n| extend numQueryCount = todouble(QueryResults)\n| extend QueryCount = iif(QueryResults contains \",\", todouble(countof(tostring(QueryResults), ',') + 1), numQueryCount)\n| extend QueryCount = iif(isnotempty(QueryCount), QueryCount, double(1))\n| summarize sum(QueryCount) by UserId\n| extend CurrentExportRate = sum_QueryCount) on UserId\n| where CurrentExportRate > HistoricalBaseline\n| project UserId, HistoricalBaseline, CurrentExportRate\n| join kind=inner(Dynamics365Activity\n| where TimeGenerated > ago(detection_time)\n| extend Message = tostring(split(OriginalObjectId, ' ')[0])\n| where Message =~ \"RetrieveMultiple\"\n| extend numQueryCount = todouble(QueryResults)\n| extend QueryCount = iif(QueryResults contains \",\", todouble(countof(tostring(QueryResults), ',') + 1), numQueryCount)\n| extend QueryCount = iif(isnotempty(QueryCount), QueryCount, double(1))) on UserId\n| project TimeGenerated, UserId, QueryCount, UserAgent, Message, ClientIP, HistoricalBaseline, CurrentExportRate, CorrelationId, CrmOrganizationUniqueName, Query\n| summarize QuerySizes = make_set(QueryCount), MostRecentQuery = max(TimeGenerated), IPs = make_set(ClientIP), UserAgents = make_set(UserAgent), make_set(Query) by UserId, CrmOrganizationUniqueName, HistoricalBaseline, CurrentExportRate\n| extend timestamp = MostRecentQuery, AccountCustomEntity = UserId\n",
                        "queryFrequency": "P1D",
                        "queryPeriod": "P14D",
                        "severity": "Medium",
                        "status": "Available",
                        "suppressionDuration": "PT1H",
                        "suppressionEnabled": false,
                        "triggerOperator": "GreaterThan",
                        "triggerThreshold": 0,
                        "tactics": [
                          "Collection"
                        ],
                        "techniques": [
                          "T1530"
                        ],
                        "entityMappings": [
                          {
                            "entityType": "Account",
                            "fieldMappings": [
                              {
                                "columnName": "AccountCustomEntity",
                                "identifier": "FullName"
                              }
                            ]
                          }
                        ],
                        "requiredDataConnectors": [
                          {
                            "connectorId": "Dynamics365",
                            "dataTypes": [
                              "Dynamics365Activity"
                            ]
                          }
                        ]
                      }
                    },
                    {
                      "type": "Microsoft.OperationalInsights/workspaces/providers/metadata",
                      "apiVersion": "2021-03-01-preview",
                      "properties": {
                        "description": "This query detects users retrieving significantly more records from Dynamics 365 than they have in the past 2 weeks. This could indicate potentially unauthorized access to data within Dynamics 365.",
                        "version": "1.0.1",
                        "author": {
                          "name": "Microsoft"
                        },
                        "support": {
                          "tier": "Microsoft",
                          "name": "Microsoft",
                          "email": "support@microsoft.com",
                          "link": "https://support.microsoft.com"
                        },
                        "source": {
                          "kind": "Community",
                          "name": "Standalone"
                        },
                        "threatAnalysisTactics": [
                          "Collection"
                        ],
                        "threatAnalyticsTechniques": [
                          "T1530"
                        ],
                        "contentId": "93a25f10-593d-4c57-a752-a8a75f031425",
                        "parentId": "93a25f10-593d-4c57-a752-a8a75f031425",
                        "kind": "AnalyticsRule",
                        "dependencies": {
                          "operator": "AND",
                          "criteria": [
                            {
                              "contentId": "Dynamics365Activity",
                              "kind": "DataType"
                            }
                          ]
                        }
                      }
                    }
                  ]
                }
              }
            }
          ]
        },
        "author": {
          "name": "Microsoft"
        },
        "categories": {
          "domains": [
            "Cloud Provider",
            "IT Operations",
            "Storage"
          ]
        },
        "dependencies": {
          "operator": "AND",
          "criteria": [
            {
              "contentId": "93a25f10-593d-4c57-a752-a8a75f031425",
              "kind": "AnalyticsRule"
            }
          ]
        },
        "description": "This query detects users retrieving significantly more records from Dynamics 365 than they have in the past 2 weeks. This could indicate potentially unauthorized access to data within Dynamics 365.",
        "displayName": "Dynamics 365 - User Bulk Retrieval Outside Normal Activity",
        "packageId": "93a25f10-593d-4c57-a752-a8a75f031425",
        "source": {
          "kind": "Community",
          "name": "Standalone"
        },
        "support": {
          "tier": "Microsoft",
          "name": "Microsoft",
          "email": "support@microsoft.com",
          "link": "https://support.microsoft.com"
        },
        "threatAnalysisTactics": [
          "Collection"
        ],
        "threatAnalyticsTechniques": [
          "T1530"
        ],
        "version": "1.0.1"
      },
      "name": "[concat(parameters('workspace'),'/Microsoft.SecurityInsights/', '93a25f10-593d-4c57-a752-a8a75f031425')]"
    }
  ]
}