{
  "$schema": "https://schema.management.azure.com/schemas/2019-04-01/deploymentTemplate.json#",
  "contentVersion": "1.0.0",
  "parameters": {
    "location": {
      "type": "string",
      "minLength": 1,
      "defaultValue": "[resourceGroup().location]",
      "metadata": {
        "description": "Not used, but needed to pass arm-ttk test `Location-Should-Not-Be-Hardcoded`.  We instead use the `workspace-location` which is derived from the LA workspace"
      }
    },
    "workspace": {
      "defaultValue": "",
      "type": "string",
      "metadata": {
        "description": "Workspace name for Log Analytics where Microsoft Sentinel is setup"
      }
    },
    "workspace-location": {
      "type": "string",
      "defaultValue": "",
      "metadata": {
        "description": "[concat('Region to deploy solution resources -- separate from location selection',parameters('location'))]"
      }
    }
  },
  "resources": [
    {
      "type": "Microsoft.OperationalInsights/workspaces/providers/contentTemplates",
      "name": "[concat(parameters('workspace'),'/Microsoft.SecurityInsights/',concat(concat(parameters('workspace'),'-pr-',uniquestring('Auth0-Parser')),'1.0.0'))]",
      "location": "[parameters('workspace-location')]",
      "apiVersion": "2022-08-01",
      "dependsOn": [
        "[extensionResourceId(resourceId('Microsoft.OperationalInsights/workspaces', parameters('workspace')), 'Microsoft.SecurityInsights/contentPackages', 'azuresentinel.azure-sentinel-solution-auth0')]"
      ],
      "properties": {
        "contentId": "Auth0-Parser",
        "displayName": "Auth0",
        "contentKind": "Parser",
        "mainTemplate": {
          "resources": [
            {
              "name": "[concat(parameters('workspace'),'/','Auth0')]",
              "apiVersion": "2020-08-01",
              "type": "Microsoft.OperationalInsights/workspaces/savedSearches",
              "location": "[parameters('workspace-location')]",
              "properties": {
                "eTag": "*",
                "displayName": "Auth0",
                "category": "Samples",
                "functionAlias": "Auth0",
                "query": "\nAuth0AM_CL\r\n| project-rename EventType = type_s,\r\n    HttpRequestMethod = details_request_method_s,\r\n    ActorSessionId = _id_s,\r\n    HttpUserAgent =  user_agent_s,\r\n    TargetUsername = user_name_s,\r\n    ActorUserId = client_id_s,\r\n    IpAddr=ip_s,\r\n    Dst = details_request_body_audience_s,\r\n    EventEndTime = date_t,\r\n    EventResultDetails = details_response_statusCode_d\r\n",
                "version": 1,
                "tags": [
                  {
                    "name": "description",
                    "value": "Auth0"
                  }
                ]
              }
            },
            {
              "type": "Microsoft.OperationalInsights/workspaces/providers/metadata",
              "apiVersion": "2022-01-01-preview",
              "name": "[concat(parameters('workspace'),'/Microsoft.SecurityInsights/',concat('Parser-', last(split(resourceId('Microsoft.OperationalInsights/workspaces/savedSearches', parameters('workspace'), 'Auth0'),'/'))))]",
              "dependsOn": [
                "[concat(parameters('workspace'),'/','Auth0')]"
              ],
              "properties": {
                "parentId": "[resourceId('Microsoft.OperationalInsights/workspaces/savedSearches', parameters('workspace'), 'Auth0')]",
                "contentId": "Auth0-Parser",
                "kind": "Parser",
                "version": "1.0.0",
                "source": {
                  "name": "Auth0",
                  "kind": "Solution",
                  "sourceId": "azuresentinel.azure-sentinel-solution-auth0"
                },
                "author": {
                  "name": "Microsoft",
                  "email": "support@microsoft.com"
                },
                "support": {
                  "name": "Microsoft Corporation",
                  "email": "support@microsoft.com",
                  "tier": "Microsoft",
                  "link": "https://support.microsoft.com"
                }
              }
            }
          ]
        }
      }
    }
  ]
}