{
  "$schema": "https://schema.management.azure.com/schemas/2019-04-01/deploymentTemplate.json#",
  "contentVersion": "1.0.0.0",
  "parameters": {
    "location": {
      "type": "string",
      "minLength": 1,
      "defaultValue": "[resourceGroup().location]",
      "metadata": {
        "description": "Not used, but needed to pass arm-ttk test `Location-Should-Not-Be-Hardcoded`.  We instead use the `workspace-location` which is derived from the LA workspace"
      }
    },
    "workspace-location": {
      "type": "string",
      "defaultValue": "",
      "metadata": {
        "description": "[concat('Region to deploy solution resources -- separate from location selection',parameters('location'))]"
      }
    },
    "workspace": {
      "defaultValue": "",
      "type": "string",
      "metadata": {
        "description": "Workspace name for Log Analytics where Microsoft Sentinel is setup"
      }
    }
  },
  "variables": {},
  "resources": [
    {
      "type": "Microsoft.OperationalInsights/workspaces/providers/packages",
      "location": "[parameters('workspace-location')]",
      "apiVersion": "2022-08-01",
      "properties": {
        "packageKind": "Standalone",
        "packageItems": {
          "resources": [
            {
              "type": "Microsoft.OperationalInsights/workspaces/providers/contentTemplates",
              "name": "[concat(parameters('workspace'),'/Microsoft.SecurityInsights/', '50eb4cbd-188f-44f4-b964-bab84dcdec10')]",
              "location": "[parameters('workspace-location')]",
              "apiVersion": "2022-08-01",
              "properties": {
                "contentId": "50eb4cbd-188f-44f4-b964-bab84dcdec10",
                "displayName": "Identify SysAid Server web shell creation",
                "contentKind": "AnalyticsRule",
                "mainTemplate": {
                  "$schema": "https://schema.management.azure.com/schemas/2019-04-01/deploymentTemplate.json#",
                  "contentVersion": "1.0.1",
                  "resources": [
                    {
                      "type": "Microsoft.OperationalInsights/workspaces/providers/alertRules",
                      "apiVersion": "2022-04-01-preview",
                      "name": "50eb4cbd-188f-44f4-b964-bab84dcdec10",
                      "kind": "Scheduled",
                      "location": "[parameters('workspace-location')]",
                      "properties": {
                        "description": "This query looks for potential webshell creation by the threat actor Mercury after the sucessful exploitation of SysAid server. \nReference:  https://www.microsoft.com/security/blog/2022/08/25/mercury-leveraging-log4j-2-vulnerabilities-in-unpatched-systems-to-target-israeli-organizations/",
                        "displayName": "Identify SysAid Server web shell creation",
                        "enabled": false,
                        "query": "let timeframe = 1d;\nlet time_window = 5m;\n(union isfuzzy=true\n(SecurityEvent\n| where TimeGenerated > ago(timeframe)\n| where EventID == 4688\n| where Process has_any (\"java.exe\", \"javaw.exe\") and CommandLine has \"SysAidServer\" \n| summarize by ParentProcessName,Process, Account, Computer, CommandLine, timekey= bin(TimeGenerated, time_window), TimeGenerated, SubjectLogonId\n| join kind=inner(\nSecurityEvent\n| where TimeGenerated > ago(timeframe)\n| where EventID == 4663\n| where Process has_any (\"java.exe\", \"javaw.exe\")\n| where AccessMask in ('0x2','0x100', '0x10', '0x4')\n| where ObjectName endswith \".jsp\" \n| summarize by ParentProcessName, Account, Computer, ObjectName, ProcessName, timekey= bin(TimeGenerated, time_window), TimeGenerated, SubjectLogonId)\n on timekey, Computer, SubjectLogonId\n| extend timestamp = TimeGenerated, AccountCustomEntity = Account, HostCustomEntity = Computer\n),\n(DeviceFileEvents \n| where InitiatingProcessFileName has_any (\"java.exe\", \"javaw.exe\")  \n| where InitiatingProcessCommandLine has \"SysAidServer\"  \n| where FileName endswith \".jsp\" \n| extend timestamp = TimeGenerated, AccountCustomEntity = InitiatingProcessAccountName, HostCustomEntity = DeviceName\n),\n(imFileEvent\n| where TimeGenerated > ago(timeframe)\n| where EventType == \"FileCreated\"\n| where ActingProcessName has_any (\"java.exe\", \"javaw.exe\") \n| where ActingProcessCommandLine has \"SysAidServer\"  \n| where FilePath endswith \".jsp\" \n| extend timestamp = TimeGenerated, AccountCustomEntity = ActorUsername, HostCustomEntity = DvcHostname\n)\n)\n",
                        "queryFrequency": "P1D",
                        "queryPeriod": "P1D",
                        "severity": "High",
                        "status": "Available",
                        "suppressionDuration": "PT1H",
                        "suppressionEnabled": false,
                        "triggerOperator": "GreaterThan",
                        "triggerThreshold": 0,
                        "tactics": [
                          "InitialAccess"
                        ],
                        "techniques": [
                          "T1190"
                        ],
                        "entityMappings": [
                          {
                            "entityType": "Account",
                            "fieldMappings": [
                              {
                                "columnName": "AccountCustomEntity",
                                "identifier": "FullName"
                              }
                            ]
                          },
                          {
                            "entityType": "Host",
                            "fieldMappings": [
                              {
                                "columnName": "HostCustomEntity",
                                "identifier": "FullName"
                              }
                            ]
                          }
                        ],
                        "requiredDataConnectors": [
                          {
                            "connectorId": "MicrosoftThreatProtection",
                            "dataTypes": [
                              "DeviceFileEvents"
                            ]
                          },
                          {
                            "connectorId": "SecurityEvents",
                            "dataTypes": [
                              "SecurityEvent"
                            ]
                          }
                        ]
                      }
                    },
                    {
                      "type": "Microsoft.OperationalInsights/workspaces/providers/metadata",
                      "apiVersion": "2021-03-01-preview",
                      "properties": {
                        "description": "This query looks for potential webshell creation by the threat actor Mercury after the sucessful exploitation of SysAid server. \nReference:  https://www.microsoft.com/security/blog/2022/08/25/mercury-leveraging-log4j-2-vulnerabilities-in-unpatched-systems-to-target-israeli-organizations/",
                        "version": "1.0.1",
                        "author": {
                          "name": "Ajeet Prakash"
                        },
                        "support": {
                          "tier": "Community",
                          "name": "Community",
                          "link": "https://github.com/Azure/Azure-Sentinel/issues"
                        },
                        "source": {
                          "kind": "Community",
                          "name": "Standalone"
                        },
                        "threatAnalysisTactics": [
                          "InitialAccess"
                        ],
                        "threatAnalyticsTechniques": [
                          "T1190"
                        ],
                        "contentId": "50eb4cbd-188f-44f4-b964-bab84dcdec10",
                        "parentId": "50eb4cbd-188f-44f4-b964-bab84dcdec10",
                        "kind": "AnalyticsRule",
                        "dependencies": {
                          "operator": "AND",
                          "criteria": [
                            {
                              "contentId": "SecurityEvent",
                              "kind": "DataType"
                            },
                            {
                              "contentId": "DeviceFileEvents",
                              "kind": "DataType"
                            }
                          ]
                        }
                      }
                    }
                  ]
                }
              }
            }
          ]
        },
        "author": {
          "name": "Ajeet Prakash"
        },
        "categories": {
          "domains": [
            "Security - Others"
          ]
        },
        "dependencies": {
          "operator": "AND",
          "criteria": [
            {
              "contentId": "50eb4cbd-188f-44f4-b964-bab84dcdec10",
              "kind": "AnalyticsRule"
            }
          ]
        },
        "description": "This query looks for potential webshell creation by the threat actor Mercury after the sucessful exploitation of SysAid server. \nReference:  https://www.microsoft.com/security/blog/2022/08/25/mercury-leveraging-log4j-2-vulnerabilities-in-unpatched-systems-to-target-israeli-organizations/",
        "displayName": "Identify SysAid Server web shell creation",
        "packageId": "50eb4cbd-188f-44f4-b964-bab84dcdec10",
        "source": {
          "kind": "Community",
          "name": "Standalone"
        },
        "support": {
          "tier": "Community",
          "name": "Community",
          "link": "https://github.com/Azure/Azure-Sentinel/issues"
        },
        "threatAnalysisTactics": [
          "InitialAccess"
        ],
        "threatAnalyticsTechniques": [
          "T1190"
        ],
        "version": "1.0.1"
      },
      "name": "[concat(parameters('workspace'),'/Microsoft.SecurityInsights/', '50eb4cbd-188f-44f4-b964-bab84dcdec10')]"
    }
  ]
}